replicon	feature_type	feat_start	feat_end	strand	feat_length_bp	locus_tag	gene	product	mod_code	mod_label	mod_description	raw_count	norm_count
NC_003197.2	CDS	336	2799	+	2463	EBBPGFGJ_00001	thrA	Bifunctional aspartokinase/homoserine dehydrogenase 1	m4C	m4C	4-methylcytosine	6	0.00243605
NC_003197.2	CDS	2800	3730	+	930	EBBPGFGJ_00002	thrB	Homoserine kinase	m4C	m4C	4-methylcytosine	5	0.00537634
NC_003197.2	CDS	3733	5020	+	1287	EBBPGFGJ_00003	thrC	Threonine synthase	m4C	m4C	4-methylcytosine	4	0.00310800
NC_003197.2	CDS	5113	5887	-	774	EBBPGFGJ_00004	yaaA	Peroxide stress resistance protein YaaA	m4C	m4C	4-methylcytosine	1	0.00129199
NC_003197.2	CDS	5965	7396	-	1431	EBBPGFGJ_00005	alsT_1	Amino-acid carrier protein AlsT	m4C	m4C	4-methylcytosine	4	0.00279525
NC_003197.2	CDS	7664	8618	+	954	EBBPGFGJ_00006	talB	Transaldolase B	m4C	m4C	4-methylcytosine	2	0.00209644
NC_003197.2	CDS	10091	10805	-	714	EBBPGFGJ_00009		hypothetical protein	m4C	m4C	4-methylcytosine	4	0.00560224
NC_003197.2	CDS	11592	13509	+	1917	EBBPGFGJ_00011	dnaK_1	Chaperone protein DnaK	m4C	m4C	4-methylcytosine	17	0.00886802
NC_003197.2	CDS	13594	14734	+	1140	EBBPGFGJ_00012	dnaJ	Chaperone protein DnaJ	m4C	m4C	4-methylcytosine	4	0.00350877
NC_003197.2	CDS	17866	19966	+	2100	EBBPGFGJ_00017		hypothetical protein	m4C	m4C	4-methylcytosine	3	0.00142857
NC_003197.2	CDS	20057	23054	+	2997	EBBPGFGJ_00018		hypothetical protein	m4C	m4C	4-methylcytosine	16	0.00533867
NC_003197.2	CDS	23334	24039	+	705	EBBPGFGJ_00019	iprA_1	Inhibitor of hydrogen peroxide resistance	m4C	m4C	4-methylcytosine	1	0.00141844
NC_003197.2	CDS	24468	25011	+	543	EBBPGFGJ_00020	elfA	Laminin-binding fimbrial subunit ElfA	m4C	m4C	4-methylcytosine	1	0.00184162
NC_003197.2	CDS	25111	25798	+	687	EBBPGFGJ_00021	sfmC_1	Probable fimbrial chaperone SfmC	m4C	m4C	4-methylcytosine	2	0.00291121
NC_003197.2	CDS	25802	28424	+	2622	EBBPGFGJ_00022	elfC_1	Probable outer membrane usher protein ElfC	m4C	m4C	4-methylcytosine	16	0.00610221
NC_003197.2	CDS	28424	29432	+	1008	EBBPGFGJ_00023	sfmH_1	Uncharacterized fimbrial-like protein SfmH	m4C	m4C	4-methylcytosine	1	0.00099206
NC_003197.2	CDS	30477	31209	+	732	EBBPGFGJ_00026	ycbF	Uncharacterized fimbrial chaperone YcbF	m4C	m4C	4-methylcytosine	3	0.00409836
NC_003197.2	CDS	31273	32119	+	846	EBBPGFGJ_00027		hypothetical protein	m4C	m4C	4-methylcytosine	5	0.00591017
NC_003197.2	CDS	33363	34368	+	1005	EBBPGFGJ_00030	leuO_1	HTH-type transcriptional regulator LeuO	m4C	m4C	4-methylcytosine	2	0.00199005
NC_003197.2	CDS	34375	34816	-	441	EBBPGFGJ_00031		hypothetical protein	m4C	m4C	4-methylcytosine	1	0.00226757
NC_003197.2	CDS	35338	37057	+	1719	EBBPGFGJ_00032	assT_1	Arylsulfate sulfotransferase AssT	m4C	m4C	4-methylcytosine	2	0.00116347
NC_003197.2	CDS	37102	38665	-	1563	EBBPGFGJ_00033	mggB	Mannosylglucosyl-3-phosphoglycerate phosphatase	m4C	m4C	4-methylcytosine	2	0.00127959
NC_003197.2	CDS	38772	39534	-	762	EBBPGFGJ_00034		hypothetical protein	m4C	m4C	4-methylcytosine	1	0.00131234
NC_003197.2	CDS	40130	41624	+	1494	EBBPGFGJ_00035		N-acetylgalactosamine-6-O-sulfatase	m4C	m4C	4-methylcytosine	1	0.00066934
NC_003197.2	CDS	41722	42913	+	1191	EBBPGFGJ_00036	chuR_1	Anaerobic sulfatase-maturating enzyme	m4C	m4C	4-methylcytosine	1	0.00083963
NC_003197.2	CDS	42937	44185	+	1248	EBBPGFGJ_00037		hypothetical protein	m4C	m4C	4-methylcytosine	4	0.00320513
NC_003197.2	CDS	44311	46027	+	1716	EBBPGFGJ_00038	assT_2	Arylsulfate sulfotransferase AssT	m4C	m4C	4-methylcytosine	5	0.00291375
NC_003197.2	CDS	46189	47356	+	1167	EBBPGFGJ_00039	nhaA	Na(+)/H(+) antiporter NhaA	m4C	m4C	4-methylcytosine	7	0.00599829
NC_003197.2	CDS	47423	48317	+	894	EBBPGFGJ_00040	nhaR	Transcriptional activator protein NhaR	m4C	m4C	4-methylcytosine	1	0.00111857
NC_003197.2	CDS	48371	50411	-	2040	EBBPGFGJ_00041		hypothetical protein	m4C	m4C	4-methylcytosine	7	0.00343137
NC_003197.2	CDS	50450	51824	-	1374	EBBPGFGJ_00042	xylP	Isoprimeverose transporter	m4C	m4C	4-methylcytosine	4	0.00291121
NC_003197.2	CDS	52871	53810	+	939	EBBPGFGJ_00044	ribF	Bifunctional riboflavin kinase/FMN adenylyltransferase	m4C	m4C	4-methylcytosine	3	0.00319489
NC_003197.2	CDS	53854	56689	+	2835	EBBPGFGJ_00045	ileS	Isoleucine--tRNA ligase	m4C	m4C	4-methylcytosine	13	0.00458554
NC_003197.2	CDS	56688	57189	+	501	EBBPGFGJ_00046	lspA	Lipoprotein signal peptidase	m4C	m4C	4-methylcytosine	1	0.00199601
NC_003197.2	CDS	57343	57793	+	450	EBBPGFGJ_00047	fkpB	FKBP-type 16 kDa peptidyl-prolyl cis-trans isomerase	m4C	m4C	4-methylcytosine	2	0.00444444
NC_003197.2	CDS	57795	58746	+	951	EBBPGFGJ_00048	ispH	4-hydroxy-3-methylbut-2-enyl diphosphate reductase	m4C	m4C	4-methylcytosine	3	0.00315457
NC_003197.2	CDS	60163	61084	+	921	EBBPGFGJ_00050	rihC	Non-specific ribonucleoside hydrolase RihC	m4C	m4C	4-methylcytosine	1	0.00108578
NC_003197.2	CDS	61793	63452	-	1659	EBBPGFGJ_00052	citA	Sensor histidine kinase CitA	m4C	m4C	4-methylcytosine	1	0.00060277
NC_003197.2	CDS	63547	64849	-	1302	EBBPGFGJ_00053	oadB_1	Oxaloacetate decarboxylase beta chain	m4C	m4C	4-methylcytosine	42	0.03225806
NC_003197.2	CDS	64861	66637	-	1776	EBBPGFGJ_00054	oadA_1	Oxaloacetate decarboxylase alpha chain	m4C	m4C	4-methylcytosine	16	0.00900901
NC_003197.2	CDS	68711	69680	+	969	EBBPGFGJ_00057	citC_1	[Citrate [pro-3S]-lyase] ligase	m4C	m4C	4-methylcytosine	3	0.00309598
NC_003197.2	CDS	69709	70003	+	294	EBBPGFGJ_00058	citD_1	Citrate lyase acyl carrier protein	m4C	m4C	4-methylcytosine	1	0.00340136
NC_003197.2	CDS	69999	70869	+	870	EBBPGFGJ_00059	citE_1	Citrate lyase subunit beta	m4C	m4C	4-methylcytosine	1	0.00114943
NC_003197.2	CDS	70879	72400	+	1521	EBBPGFGJ_00060	citF_1	Citrate lyase alpha chain	m4C	m4C	4-methylcytosine	2	0.00131492
NC_003197.2	CDS	74016	74838	+	822	EBBPGFGJ_00063	dapB	4-hydroxy-tetrahydrodipicolinate reductase	m4C	m4C	4-methylcytosine	2	0.00243309
NC_003197.2	CDS	75879	77028	+	1149	EBBPGFGJ_00065	carA	Carbamoyl-phosphate synthase small chain	m4C	m4C	4-methylcytosine	2	0.00174064
NC_003197.2	CDS	77046	80274	+	3228	EBBPGFGJ_00066	carB	Carbamoyl-phosphate synthase large chain	m4C	m4C	4-methylcytosine	11	0.00340768
NC_003197.2	CDS	81019	81616	-	597	EBBPGFGJ_00068	caiE	Carnitine operon protein CaiE	m4C	m4C	4-methylcytosine	1	0.00167504
NC_003197.2	CDS	81724	82510	-	786	EBBPGFGJ_00069	caiD	Carnitinyl-CoA dehydratase	m4C	m4C	4-methylcytosine	5	0.00636132
NC_003197.2	CDS	82563	84117	-	1554	EBBPGFGJ_00070	caiC	Crotonobetaine/carnitine--CoA ligase	m4C	m4C	4-methylcytosine	1	0.00064350
NC_003197.2	CDS	84179	85397	-	1218	EBBPGFGJ_00071	caiB	L-carnitine CoA-transferase	m4C	m4C	4-methylcytosine	1	0.00082102
NC_003197.2	CDS	85508	86651	-	1143	EBBPGFGJ_00072	caiA_1	Crotonobetainyl-CoA reductase	m4C	m4C	4-methylcytosine	8	0.00699913
NC_003197.2	CDS	86685	88203	-	1518	EBBPGFGJ_00073	caiT	L-carnitine/gamma-butyrobetaine antiporter	m4C	m4C	4-methylcytosine	2	0.00131752
NC_003197.2	CDS	89469	90411	+	942	EBBPGFGJ_00075	fixB_1	Protein FixB	m4C	m4C	4-methylcytosine	26	0.02760085
NC_003197.2	CDS	90460	91747	+	1287	EBBPGFGJ_00076	dadA_1	D-amino acid dehydrogenase	m4C	m4C	4-methylcytosine	3	0.00233100
NC_003197.2	CDS	92177	93518	+	1341	EBBPGFGJ_00078	ygcS	Inner membrane metabolite transport protein YgcS	m4C	m4C	4-methylcytosine	1	0.00074571
NC_003197.2	CDS	94770	95061	-	291	EBBPGFGJ_00081		hypothetical protein	m4C	m4C	4-methylcytosine	1	0.00343643
NC_003197.2	CDS	95958	97848	+	1890	EBBPGFGJ_00082		hypothetical protein	m4C	m4C	4-methylcytosine	3	0.00158730
NC_003197.2	CDS	98254	98785	+	531	EBBPGFGJ_00083	kefF	Glutathione-regulated potassium-efflux system ancillary protein KefF	m4C	m4C	4-methylcytosine	3	0.00564972
NC_003197.2	CDS	98777	100640	+	1863	EBBPGFGJ_00084	kefC_1	Glutathione-regulated potassium-efflux system protein KefC	m4C	m4C	4-methylcytosine	4	0.00214707
NC_003197.2	CDS	101423	102272	-	849	EBBPGFGJ_00086	apaH	Bis(5'-nucleosyl)-tetraphosphatase%2C symmetrical	m4C	m4C	4-methylcytosine	2	0.00235571
NC_003197.2	CDS	102282	102660	-	378	EBBPGFGJ_00087	apaG	Protein ApaG	m4C	m4C	4-methylcytosine	1	0.00264550
NC_003197.2	CDS	103480	104470	-	990	EBBPGFGJ_00089	pdxA	4-hydroxythreonine-4-phosphate dehydrogenase	m4C	m4C	4-methylcytosine	8	0.00808081
NC_003197.2	CDS	104469	105756	-	1287	EBBPGFGJ_00090	surA	Chaperone SurA	m4C	m4C	4-methylcytosine	6	0.00466200
NC_003197.2	CDS	105809	108170	-	2361	EBBPGFGJ_00091	lptD	LPS-assembly protein LptD	m4C	m4C	4-methylcytosine	1	0.00042355
NC_003197.2	CDS	109330	109990	-	660	EBBPGFGJ_00093	rluA	Dual-specificity RNA pseudouridine synthase RluA	m4C	m4C	4-methylcytosine	4	0.00606061
NC_003197.2	CDS	110001	112908	-	2907	EBBPGFGJ_00094	rapA	RNA polymerase-associated protein RapA	m4C	m4C	4-methylcytosine	11	0.00378397
NC_003197.2	CDS	113081	115433	-	2352	EBBPGFGJ_00095	polB	DNA polymerase II	m4C	m4C	4-methylcytosine	5	0.00212585
NC_003197.2	CDS	115476	116097	-	621	EBBPGFGJ_00096		hypothetical protein	m4C	m4C	4-methylcytosine	2	0.00322061
NC_003197.2	CDS	116815	117235	+	420	EBBPGFGJ_00097		hypothetical protein	m4C	m4C	4-methylcytosine	1	0.00238095
NC_003197.2	CDS	117240	117936	-	696	EBBPGFGJ_00098	araD	L-ribulose-5-phosphate 4-epimerase AraD	m4C	m4C	4-methylcytosine	1	0.00143678
NC_003197.2	CDS	119589	121299	-	1710	EBBPGFGJ_00100	araB	Ribulokinase	m4C	m4C	4-methylcytosine	8	0.00467836
NC_003197.2	CDS	121639	122485	+	846	EBBPGFGJ_00101	araC	Arabinose operon regulatory protein	m4C	m4C	4-methylcytosine	4	0.00472813
NC_003197.2	CDS	122603	123371	+	768	EBBPGFGJ_00102	yabI	Inner membrane protein YabI	m4C	m4C	4-methylcytosine	1	0.00130208
NC_003197.2	CDS	123409	124117	-	708	EBBPGFGJ_00103	thiQ	Thiamine import ATP-binding protein ThiQ	m4C	m4C	4-methylcytosine	4	0.00564972
NC_003197.2	CDS	124100	125711	-	1611	EBBPGFGJ_00104		hypothetical protein	m4C	m4C	4-methylcytosine	5	0.00310366
NC_003197.2	CDS	125686	126670	-	984	EBBPGFGJ_00105	thiB	Thiamine-binding periplasmic protein	m4C	m4C	4-methylcytosine	4	0.00406504
NC_003197.2	CDS	126847	128506	-	1659	EBBPGFGJ_00106	sgrR_1	HTH-type transcriptional regulator SgrR	m4C	m4C	4-methylcytosine	6	0.00361664
NC_003197.2	CDS	129056	129662	-	606	EBBPGFGJ_00108	leuD1	3-isopropylmalate dehydratase small subunit 1	m4C	m4C	4-methylcytosine	1	0.00165017
NC_003197.2	CDS	129672	131073	-	1401	EBBPGFGJ_00109	leuC1	3-isopropylmalate dehydratase large subunit 1	m4C	m4C	4-methylcytosine	3	0.00214133
NC_003197.2	CDS	131075	132167	-	1092	EBBPGFGJ_00110	leuB	3-isopropylmalate dehydrogenase	m4C	m4C	4-methylcytosine	4	0.00366300
NC_003197.2	CDS	132166	133738	-	1572	EBBPGFGJ_00111	leuA	2-isopropylmalate synthase	m4C	m4C	4-methylcytosine	3	0.00190840
NC_003197.2	CDS	135921	137559	+	1638	EBBPGFGJ_00113	ilvI	Acetolactate synthase isozyme 3 large subunit	m4C	m4C	4-methylcytosine	4	0.00244200
NC_003197.2	CDS	137558	138053	+	495	EBBPGFGJ_00114	ilvH	Acetolactate synthase isozyme 3 small subunit	m4C	m4C	4-methylcytosine	5	0.01010101
NC_003197.2	CDS	140406	141348	+	942	EBBPGFGJ_00117	rsmH	Ribosomal RNA small subunit methyltransferase H	m4C	m4C	4-methylcytosine	6	0.00636943
NC_003197.2	CDS	141725	143492	+	1767	EBBPGFGJ_00119	ftsI_1	Peptidoglycan D%2CD-transpeptidase FtsI	m4C	m4C	4-methylcytosine	6	0.00339559
NC_003197.2	CDS	143478	144966	+	1488	EBBPGFGJ_00120	murE	UDP-N-acetylmuramoyl-L-alanyl-D-glutamate--2%2C6-diaminopimelate ligase	m4C	m4C	4-methylcytosine	3	0.00201613
NC_003197.2	CDS	144962	146321	+	1359	EBBPGFGJ_00121	murF	UDP-N-acetylmuramoyl-tripeptide--D-alanyl-D-alanine ligase	m4C	m4C	4-methylcytosine	5	0.00367918
NC_003197.2	CDS	147399	148716	+	1317	EBBPGFGJ_00123	murD	UDP-N-acetylmuramoylalanine--D-glutamate ligase	m4C	m4C	4-methylcytosine	3	0.00227790
NC_003197.2	CDS	149956	151024	+	1068	EBBPGFGJ_00125	murG	UDP-N-acetylglucosamine--N-acetylmuramyl-(pentapeptide) pyrophosphoryl-undecaprenol N-acetylglucosamine transferase	m4C	m4C	4-methylcytosine	2	0.00187266
NC_003197.2	CDS	151142	152618	+	1476	EBBPGFGJ_00126	murC	UDP-N-acetylmuramate--L-alanine ligase	m4C	m4C	4-methylcytosine	1	0.00067751
NC_003197.2	CDS	154359	155622	+	1263	EBBPGFGJ_00129	ftsA_1	Cell division protein FtsA	m4C	m4C	4-methylcytosine	1	0.00079177
NC_003197.2	CDS	155682	156834	+	1152	EBBPGFGJ_00130	ftsZ	Cell division protein FtsZ	m4C	m4C	4-methylcytosine	7	0.00607639
NC_003197.2	CDS	156934	157852	+	918	EBBPGFGJ_00131	lpxC	UDP-3-O-acyl-N-acetylglucosamine deacetylase	m4C	m4C	4-methylcytosine	1	0.00108932
NC_003197.2	CDS	158688	161394	+	2706	EBBPGFGJ_00133	secA	Protein translocase subunit SecA	m4C	m4C	4-methylcytosine	2	0.00073910
NC_003197.2	CDS	161545	161941	+	396	EBBPGFGJ_00134	mutT	8-oxo-dGTP diphosphatase	m4C	m4C	4-methylcytosine	2	0.00505051
NC_003197.2	CDS	164052	165096	+	1044	EBBPGFGJ_00138	guaC	GMP reductase	m4C	m4C	4-methylcytosine	1	0.00095785
NC_003197.2	CDS	165126	166329	-	1203	EBBPGFGJ_00139	epsF	Type II secretion system protein F	m4C	m4C	4-methylcytosine	6	0.00498753
NC_003197.2	CDS	166318	167704	-	1386	EBBPGFGJ_00140	epsE	Type II secretion system protein E	m4C	m4C	4-methylcytosine	1	0.00072150
NC_003197.2	CDS	168372	169266	-	894	EBBPGFGJ_00142	nadC	Nicotinate-nucleotide pyrophosphorylase [carboxylating]	m4C	m4C	4-methylcytosine	8	0.00894855
NC_003197.2	CDS	169913	170768	+	855	EBBPGFGJ_00144	ampE	Protein AmpE	m4C	m4C	4-methylcytosine	2	0.00233918
NC_003197.2	CDS	170859	171810	-	951	EBBPGFGJ_00145		Extracellular exo-alpha-(1->5)-L-arabinofuranosidase	m4C	m4C	4-methylcytosine	3	0.00315457
NC_003197.2	CDS	173379	174750	-	1371	EBBPGFGJ_00147	aroP	Aromatic amino acid transport protein AroP	m4C	m4C	4-methylcytosine	7	0.00510576
NC_003197.2	CDS	175315	176080	+	765	EBBPGFGJ_00148	pdhR_1	Pyruvate dehydrogenase complex repressor	m4C	m4C	4-methylcytosine	12	0.01568627
NC_003197.2	CDS	176239	178903	+	2664	EBBPGFGJ_00149	aceE	Pyruvate dehydrogenase E1 component	m4C	m4C	4-methylcytosine	5	0.00187688
NC_003197.2	CDS	178917	180807	+	1890	EBBPGFGJ_00150	aceF	Dihydrolipoyllysine-residue acetyltransferase component of pyruvate dehydrogenase complex	m4C	m4C	4-methylcytosine	2	0.00105820
NC_003197.2	CDS	181006	182431	+	1425	EBBPGFGJ_00151	lpdA	Dihydrolipoyl dehydrogenase	m4C	m4C	4-methylcytosine	3	0.00210526
NC_003197.2	CDS	182719	183004	+	285	EBBPGFGJ_00152		hypothetical protein	m4C	m4C	4-methylcytosine	1	0.00350877
NC_003197.2	CDS	183845	185468	-	1623	EBBPGFGJ_00154		hypothetical protein	m4C	m4C	4-methylcytosine	18	0.01109057
NC_003197.2	CDS	185856	188454	+	2598	EBBPGFGJ_00155	acnB	Aconitate hydratase B	m4C	m4C	4-methylcytosine	13	0.00500385
NC_003197.2	CDS	188514	189357	-	843	EBBPGFGJ_00156		hypothetical protein	m4C	m4C	4-methylcytosine	1	0.00118624
NC_003197.2	CDS	190199	191153	+	954	EBBPGFGJ_00158	kdgT_1	2-keto-3-deoxygluconate permease	m4C	m4C	4-methylcytosine	2	0.00209644
NC_003197.2	CDS	191149	192421	+	1272	EBBPGFGJ_00159	dtnK	D-threonate kinase	m4C	m4C	4-methylcytosine	10	0.00786164
NC_003197.2	CDS	192410	193394	+	984	EBBPGFGJ_00160	pdxA2	D-threonate 4-phosphate dehydrogenase	m4C	m4C	4-methylcytosine	1	0.00101626
NC_003197.2	CDS	194200	194995	-	795	EBBPGFGJ_00162	speD	S-adenosylmethionine decarboxylase proenzyme	m4C	m4C	4-methylcytosine	3	0.00377358
NC_003197.2	CDS	195015	195876	-	861	EBBPGFGJ_00163	speE	Polyamine aminopropyltransferase	m4C	m4C	4-methylcytosine	2	0.00232288
NC_003197.2	CDS	196531	198142	+	1611	EBBPGFGJ_00165	cueO	Blue copper oxidase CueO	m4C	m4C	4-methylcytosine	2	0.00124146
NC_003197.2	CDS	198219	200610	-	2391	EBBPGFGJ_00166	gcd	Quinoprotein glucose dehydrogenase	m4C	m4C	4-methylcytosine	3	0.00125471
NC_003197.2	CDS	201409	202072	-	663	EBBPGFGJ_00168	can	Carbonic anhydrase 2	m4C	m4C	4-methylcytosine	1	0.00150830
NC_003197.2	CDS	202180	203107	+	927	EBBPGFGJ_00169	yadG	Uncharacterized ABC transporter ATP-binding protein YadG	m4C	m4C	4-methylcytosine	1	0.00107875
NC_003197.2	CDS	203103	203874	+	771	EBBPGFGJ_00170	yadH	Inner membrane transport permease YadH	m4C	m4C	4-methylcytosine	1	0.00129702
NC_003197.2	CDS	205078	207637	-	2559	EBBPGFGJ_00172	fimD_1	Outer membrane usher protein FimD	m4C	m4C	4-methylcytosine	31	0.01211411
NC_003197.2	CDS	211030	211411	-	381	EBBPGFGJ_00177	panD	Aspartate 1-decarboxylase	m4C	m4C	4-methylcytosine	1	0.00262467
NC_003197.2	CDS	212485	213277	-	792	EBBPGFGJ_00179	panB	3-methyl-2-oxobutanoate hydroxymethyltransferase	m4C	m4C	4-methylcytosine	3	0.00378788
NC_003197.2	CDS	213397	213877	-	480	EBBPGFGJ_00180	folK	2-amino-4-hydroxy-6-hydroxymethyldihydropteridine pyrophosphokinase	m4C	m4C	4-methylcytosine	1	0.00208333
NC_003197.2	CDS	213873	215292	-	1419	EBBPGFGJ_00181	pcnB	Poly(A) polymerase I	m4C	m4C	4-methylcytosine	2	0.00140944
NC_003197.2	CDS	215432	216374	-	942	EBBPGFGJ_00182	gluQ	Glutamyl-Q tRNA(Asp) synthetase	m4C	m4C	4-methylcytosine	1	0.00106157
NC_003197.2	CDS	216397	216853	-	456	EBBPGFGJ_00183	dksA	RNA polymerase-binding transcription factor DksA	m4C	m4C	4-methylcytosine	1	0.00219298
NC_003197.2	CDS	217029	217734	-	705	EBBPGFGJ_00184	sfsA	Sugar fermentation stimulation protein A	m4C	m4C	4-methylcytosine	1	0.00141844
NC_003197.2	CDS	217750	218281	-	531	EBBPGFGJ_00185	thpR	RNA 2'%2C3'-cyclic phosphodiesterase	m4C	m4C	4-methylcytosine	3	0.00564972
NC_003197.2	CDS	218308	220783	+	2475	EBBPGFGJ_00186	hrpB	ATP-dependent RNA helicase HrpB	m4C	m4C	4-methylcytosine	8	0.00323232
NC_003197.2	CDS	220923	223446	+	2523	EBBPGFGJ_00187	mrcB	Penicillin-binding protein 1B	m4C	m4C	4-methylcytosine	9	0.00356718
NC_003197.2	CDS	223738	225928	+	2190	EBBPGFGJ_00188	fhuA_1	Ferrichrome outer membrane transporter/phage receptor	m4C	m4C	4-methylcytosine	1	0.00045662
NC_003197.2	CDS	225976	226774	+	798	EBBPGFGJ_00189	fhuC	Iron(3+)-hydroxamate import ATP-binding protein FhuC	m4C	m4C	4-methylcytosine	6	0.00751880
NC_003197.2	CDS	226773	227664	+	891	EBBPGFGJ_00190	fhuD	Iron(3+)-hydroxamate-binding protein FhuD	m4C	m4C	4-methylcytosine	2	0.00224467
NC_003197.2	CDS	227660	229718	+	2058	EBBPGFGJ_00191	fhuB	Iron(3+)-hydroxamate import system permease protein FhuB	m4C	m4C	4-methylcytosine	11	0.00534500
NC_003197.2	CDS	231303	233961	+	2658	EBBPGFGJ_00194	papC_1	Outer membrane usher protein PapC	m4C	m4C	4-methylcytosine	4	0.00150489
NC_003197.2	CDS	233978	234731	+	753	EBBPGFGJ_00195	yfcS	Probable fimbrial chaperone YfcS	m4C	m4C	4-methylcytosine	1	0.00132802
NC_003197.2	CDS	234749	235262	+	513	EBBPGFGJ_00196	yfcR	Uncharacterized fimbrial-like protein YfcR	m4C	m4C	4-methylcytosine	3	0.00584795
NC_003197.2	CDS	235258	235735	+	477	EBBPGFGJ_00197	yfcQ	Uncharacterized fimbrial-like protein YfcQ	m4C	m4C	4-methylcytosine	1	0.00209644
NC_003197.2	CDS	235734	236265	+	531	EBBPGFGJ_00198	yfcP	Uncharacterized fimbrial-like protein YfcP	m4C	m4C	4-methylcytosine	1	0.00188324
NC_003197.2	CDS	237211	238492	-	1281	EBBPGFGJ_00200	hemL	Glutamate-1-semialdehyde 2%2C1-aminomutase	m4C	m4C	4-methylcytosine	30	0.02341920
NC_003197.2	CDS	238661	240083	+	1422	EBBPGFGJ_00201	clcA	H(+)/Cl(-) exchange transporter ClcA	m4C	m4C	4-methylcytosine	3	0.00210970
NC_003197.2	CDS	240609	241233	-	624	EBBPGFGJ_00203	yadS	UPF0126 inner membrane protein YadS	m4C	m4C	4-methylcytosine	4	0.00641026
NC_003197.2	CDS	241269	242070	-	801	EBBPGFGJ_00204	btuF	Vitamin B12-binding protein	m4C	m4C	4-methylcytosine	3	0.00374532
NC_003197.2	CDS	242062	242761	-	699	EBBPGFGJ_00205	mtnN	5'-methylthioadenosine/S-adenosylhomocysteine nucleosidase	m4C	m4C	4-methylcytosine	6	0.00858369
NC_003197.2	CDS	242845	244363	+	1518	EBBPGFGJ_00206	dgt	Deoxyguanosinetriphosphate triphosphohydrolase	m4C	m4C	4-methylcytosine	3	0.00197628
NC_003197.2	CDS	244492	245920	+	1428	EBBPGFGJ_00207	degP	Periplasmic serine endoprotease DegP	m4C	m4C	4-methylcytosine	9	0.00630252
NC_003197.2	CDS	247951	249253	+	1302	EBBPGFGJ_00210	abaF	Fosfomycin resistance protein AbaF	m4C	m4C	4-methylcytosine	1	0.00076805
NC_003197.2	CDS	249289	250114	-	825	EBBPGFGJ_00211	dapD	2%2C3%2C4%2C5-tetrahydropyridine-2%2C6-dicarboxylate N-succinyltransferase	m4C	m4C	4-methylcytosine	5	0.00606061
NC_003197.2	CDS	250143	252816	-	2673	EBBPGFGJ_00212	glnD	Bifunctional uridylyltransferase/uridylyl-removing enzyme	m4C	m4C	4-methylcytosine	23	0.00860456
NC_003197.2	CDS	253052	253847	-	795	EBBPGFGJ_00213	map	Methionine aminopeptidase	m4C	m4C	4-methylcytosine	1	0.00125786
NC_003197.2	CDS	254297	255023	+	726	EBBPGFGJ_00214	rpsB	30S ribosomal protein S2	m4C	m4C	4-methylcytosine	2	0.00275482
NC_003197.2	CDS	255208	256132	+	924	EBBPGFGJ_00215	tsf	Elongation factor Ts	m4C	m4C	4-methylcytosine	8	0.00865801
NC_003197.2	CDS	256276	257002	+	726	EBBPGFGJ_00216	pyrH	Uridylate kinase	m4C	m4C	4-methylcytosine	1	0.00137741
NC_003197.2	CDS	257846	259043	+	1197	EBBPGFGJ_00218	dxr	1-deoxy-D-xylulose 5-phosphate reductoisomerase	m4C	m4C	4-methylcytosine	6	0.00501253
NC_003197.2	CDS	260995	262348	+	1353	EBBPGFGJ_00221	rseP	Regulator of sigma-E protease RseP	m4C	m4C	4-methylcytosine	3	0.00221729
NC_003197.2	CDS	262379	264794	+	2415	EBBPGFGJ_00222	bamA	Outer membrane protein assembly factor BamA	m4C	m4C	4-methylcytosine	2	0.00082816
NC_003197.2	CDS	266536	266992	+	456	EBBPGFGJ_00225	fabZ	3-hydroxyacyl-[acyl-carrier-protein] dehydratase FabZ	m4C	m4C	4-methylcytosine	1	0.00219298
NC_003197.2	CDS	266995	267784	+	789	EBBPGFGJ_00226	lpxA	Acyl-[acyl-carrier-protein]--UDP-N-acetylglucosamine O-acyltransferase	m4C	m4C	4-methylcytosine	3	0.00380228
NC_003197.2	CDS	267783	268932	+	1149	EBBPGFGJ_00227	lpxB	Lipid-A-disaccharide synthase	m4C	m4C	4-methylcytosine	2	0.00174064
NC_003197.2	CDS	269548	273031	+	3483	EBBPGFGJ_00229	dnaE	DNA polymerase III subunit alpha	m4C	m4C	4-methylcytosine	5	0.00143554
NC_003197.2	CDS	274183	275947	+	1764	EBBPGFGJ_00231		hypothetical protein	m4C	m4C	4-methylcytosine	3	0.00170068
NC_003197.2	CDS	276022	278164	+	2142	EBBPGFGJ_00232	ldcC	Constitutive lysine decarboxylase	m4C	m4C	4-methylcytosine	6	0.00280112
NC_003197.2	CDS	278671	279964	+	1293	EBBPGFGJ_00234	tilS	tRNA(Ile)-lysidine synthase	m4C	m4C	4-methylcytosine	11	0.00850735
NC_003197.2	CDS	280294	280495	-	201	EBBPGFGJ_00236	yaeP	UPF0253 protein YaeP	m4C	m4C	4-methylcytosine	1	0.00497512
NC_003197.2	CDS	282467	284186	-	1719	EBBPGFGJ_00240	proS	Proline--tRNA ligase	m4C	m4C	4-methylcytosine	6	0.00349040
NC_003197.2	CDS	285523	286339	-	816	EBBPGFGJ_00243	metQ_1	D-methionine-binding lipoprotein MetQ	m4C	m4C	4-methylcytosine	1	0.00122549
NC_003197.2	CDS	286377	287031	-	654	EBBPGFGJ_00244	metI	D-methionine transport system permease protein MetI	m4C	m4C	4-methylcytosine	2	0.00305810
NC_003197.2	CDS	287023	288055	-	1032	EBBPGFGJ_00245	metN_1	Methionine import ATP-binding protein MetN	m4C	m4C	4-methylcytosine	2	0.00193798
NC_003197.2	CDS	288244	288811	+	567	EBBPGFGJ_00246	gmhB	D-glycero-beta-D-manno-heptose-1%2C7-bisphosphate 7-phosphatase	m4C	m4C	4-methylcytosine	3	0.00529101
NC_003197.2	rRNA	289182	290720	+	1538	EBBPGFGJ_00247		16S ribosomal RNA	m4C	m4C	4-methylcytosine	4	0.00260078
NC_003197.2	rRNA	291236	294324	+	3088	EBBPGFGJ_00250		23S ribosomal RNA	m4C	m4C	4-methylcytosine	4	0.00129534
NC_003197.2	CDS	295069	295873	+	804	EBBPGFGJ_00253	dkgB	2%2C5-diketo-D-gluconic acid reductase B	m4C	m4C	4-methylcytosine	1	0.00124378
NC_003197.2	CDS	295893	296808	-	915	EBBPGFGJ_00254	dmlR_1	HTH-type transcriptional regulator DmlR	m4C	m4C	4-methylcytosine	5	0.00546448
NC_003197.2	CDS	296912	298088	+	1176	EBBPGFGJ_00255	ydhP	Inner membrane transport protein YdhP	m4C	m4C	4-methylcytosine	2	0.00170068
NC_003197.2	CDS	298219	299020	+	801	EBBPGFGJ_00256		hypothetical protein	m4C	m4C	4-methylcytosine	2	0.00249688
NC_003197.2	CDS	299097	299868	+	771	EBBPGFGJ_00257	ycgJ	Uncharacterized methyltransferase YcgJ	m4C	m4C	4-methylcytosine	1	0.00129702
NC_003197.2	CDS	299923	301144	-	1221	EBBPGFGJ_00258	mltD	Membrane-bound lytic murein transglycosylase D	m4C	m4C	4-methylcytosine	2	0.00163800
NC_003197.2	CDS	301362	302118	-	756	EBBPGFGJ_00259	gloB	Hydroxyacylglutathione hydrolase	m4C	m4C	4-methylcytosine	2	0.00264550
NC_003197.2	CDS	304665	305721	-	1056	EBBPGFGJ_00264		hypothetical protein	m4C	m4C	4-methylcytosine	13	0.01231061
NC_003197.2	CDS	305731	306727	-	996	EBBPGFGJ_00265		hypothetical protein	m4C	m4C	4-methylcytosine	14	0.01405622
NC_003197.2	CDS	306723	308607	-	1884	EBBPGFGJ_00266		hypothetical protein	m4C	m4C	4-methylcytosine	6	0.00318471
NC_003197.2	CDS	309113	309938	-	825	EBBPGFGJ_00268		hypothetical protein	m4C	m4C	4-methylcytosine	6	0.00727273
NC_003197.2	CDS	311194	313834	+	2640	EBBPGFGJ_00270	clpV1	Protein ClpV1	m4C	m4C	4-methylcytosine	18	0.00681818
NC_003197.2	CDS	313933	314476	+	543	EBBPGFGJ_00271		hypothetical protein	m4C	m4C	4-methylcytosine	1	0.00184162
NC_003197.2	CDS	314499	316008	+	1509	EBBPGFGJ_00272		hypothetical protein	m4C	m4C	4-methylcytosine	5	0.00331345
NC_003197.2	CDS	316193	316640	+	447	EBBPGFGJ_00273		hypothetical protein	m4C	m4C	4-methylcytosine	1	0.00223714
NC_003197.2	CDS	316893	317379	+	486	EBBPGFGJ_00274	hcp1_1	Protein hcp1	m4C	m4C	4-methylcytosine	1	0.00205761
NC_003197.2	CDS	318165	318537	+	372	EBBPGFGJ_00276		hypothetical protein	m4C	m4C	4-methylcytosine	1	0.00268817
NC_003197.2	CDS	319231	319768	+	537	EBBPGFGJ_00278		hypothetical protein	m4C	m4C	4-methylcytosine	1	0.00186220
NC_003197.2	CDS	319771	321115	+	1344	EBBPGFGJ_00279		hypothetical protein	m4C	m4C	4-methylcytosine	6	0.00446429
NC_003197.2	CDS	321111	322416	+	1305	EBBPGFGJ_00280	pal_1	Peptidoglycan-associated lipoprotein	m4C	m4C	4-methylcytosine	7	0.00536398
NC_003197.2	CDS	323861	327731	+	3870	EBBPGFGJ_00283		hypothetical protein	m4C	m4C	4-methylcytosine	21	0.00542636
NC_003197.2	CDS	329873	332063	+	2190	EBBPGFGJ_00287		hypothetical protein	m4C	m4C	4-methylcytosine	10	0.00456621
NC_003197.2	CDS	332551	336646	+	4095	EBBPGFGJ_00289	rhsB	Probable deoxyribonuclease RhsB	m4C	m4C	4-methylcytosine	22	0.00537241
NC_003197.2	CDS	337829	338276	+	447	EBBPGFGJ_00292		hypothetical protein	m4C	m4C	4-methylcytosine	1	0.00223714
NC_003197.2	CDS	338838	339276	+	438	EBBPGFGJ_00294		hypothetical protein	m4C	m4C	4-methylcytosine	2	0.00456621
NC_003197.2	CDS	342829	343543	+	714	EBBPGFGJ_00301	caf1M	Chaperone protein caf1M	m4C	m4C	4-methylcytosine	1	0.00140056
NC_003197.2	CDS	343566	346077	+	2511	EBBPGFGJ_00302	caf1A	F1 capsule-anchoring protein	m4C	m4C	4-methylcytosine	10	0.00398248
NC_003197.2	CDS	347677	348289	-	612	EBBPGFGJ_00305		hypothetical protein	m4C	m4C	4-methylcytosine	1	0.00163399
NC_003197.2	CDS	348610	349558	+	948	EBBPGFGJ_00306	dmlR_2	HTH-type transcriptional regulator DmlR	m4C	m4C	4-methylcytosine	1	0.00105485
NC_003197.2	CDS	350943	351351	-	408	EBBPGFGJ_00308		hypothetical protein	m4C	m4C	4-methylcytosine	1	0.00245098
NC_003197.2	CDS	351721	352489	-	768	EBBPGFGJ_00309	yafV	Omega-amidase YafV	m4C	m4C	4-methylcytosine	6	0.00781250
NC_003197.2	CDS	352597	355042	-	2445	EBBPGFGJ_00310	fadE	Acyl-coenzyme A dehydrogenase	m4C	m4C	4-methylcytosine	11	0.00449898
NC_003197.2	CDS	359074	360049	+	975	EBBPGFGJ_00315	rtcB_1	RNA-splicing ligase RtcB	m4C	m4C	4-methylcytosine	8	0.00820513
NC_003197.2	CDS	360045	360207	+	162	EBBPGFGJ_00316		hypothetical protein	m4C	m4C	4-methylcytosine	1	0.00617284
NC_003197.2	CDS	360203	360818	+	615	EBBPGFGJ_00317	prfB_1	Peptide chain release factor RF2	m4C	m4C	4-methylcytosine	3	0.00487805
NC_003197.2	CDS	360973	362431	-	1458	EBBPGFGJ_00318	pepD	Cytosol non-specific dipeptidase	m4C	m4C	4-methylcytosine	1	0.00068587
NC_003197.2	CDS	364980	366033	-	1053	EBBPGFGJ_00322	phoE	Outer membrane porin PhoE	m4C	m4C	4-methylcytosine	2	0.00189934
NC_003197.2	CDS	366315	367419	+	1104	EBBPGFGJ_00323	proB	Glutamate 5-kinase	m4C	m4C	4-methylcytosine	2	0.00181159
NC_003197.2	CDS	370213	370630	+	417	EBBPGFGJ_00328	ddrA_2	Diol dehydratase-reactivating factor alpha subunit	m4C	m4C	4-methylcytosine	3	0.00719424
NC_003197.2	CDS	376663	377629	+	966	EBBPGFGJ_00335	dmlR_3	HTH-type transcriptional regulator DmlR	m4C	m4C	4-methylcytosine	1	0.00103520
NC_003197.2	CDS	378981	379740	-	759	EBBPGFGJ_00338	fimC_2	Chaperone protein FimC	m4C	m4C	4-methylcytosine	2	0.00263505
NC_003197.2	CDS	379705	381031	-	1326	EBBPGFGJ_00339		hypothetical protein	m4C	m4C	4-methylcytosine	3	0.00226244
NC_003197.2	CDS	381035	383597	-	2562	EBBPGFGJ_00340	fimD_2	Outer membrane usher protein FimD	m4C	m4C	4-methylcytosine	19	0.00741608
NC_003197.2	CDS	383580	384342	-	762	EBBPGFGJ_00341	yadV	Probable fimbrial chaperone YadV	m4C	m4C	4-methylcytosine	1	0.00131234
NC_003197.2	CDS	386310	386610	+	300	EBBPGFGJ_00344		hypothetical protein	m4C	m4C	4-methylcytosine	1	0.00333333
NC_003197.2	CDS	387109	388684	+	1575	EBBPGFGJ_00346	pdeN_1	Probable cyclic di-GMP phosphodiesterase PdeN	m4C	m4C	4-methylcytosine	1	0.00063492
NC_003197.2	CDS	392419	393877	-	1458	EBBPGFGJ_00352	oprM	Outer membrane protein OprM	m4C	m4C	4-methylcytosine	28	0.01920439
NC_003197.2	CDS	393893	397061	-	3168	EBBPGFGJ_00353	oqxB7	multidrug efflux RND transporter permease subunit OqxB7	m4C	m4C	4-methylcytosine	7	0.00220960
NC_003197.2	CDS	397057	398284	-	1227	EBBPGFGJ_00354	bepF	Efflux pump periplasmic linker BepF	m4C	m4C	4-methylcytosine	9	0.00733496
NC_003197.2	CDS	398560	400849	+	2289	EBBPGFGJ_00355	actP_1	Copper-transporting P-type ATPase	m4C	m4C	4-methylcytosine	10	0.00436872
NC_003197.2	CDS	401402	401597	+	195	EBBPGFGJ_00357		hypothetical protein	m4C	m4C	4-methylcytosine	2	0.01025641
NC_003197.2	CDS	403331	405290	+	1959	EBBPGFGJ_00359		hypothetical protein	m4C	m4C	4-methylcytosine	1	0.00051046
NC_003197.2	CDS	405299	408272	+	2973	EBBPGFGJ_00360		hypothetical protein	m4C	m4C	4-methylcytosine	6	0.00201816
NC_003197.2	CDS	408548	408650	+	102	EBBPGFGJ_00361		hypothetical protein	m4C	m4C	4-methylcytosine	1	0.00980392
NC_003197.2	CDS	410166	411177	+	1011	EBBPGFGJ_00363	appB_1	Cytochrome bd-II ubiquinol oxidase subunit 2	m4C	m4C	4-methylcytosine	5	0.00494560
NC_003197.2	CDS	411513	412518	+	1005	EBBPGFGJ_00365	rhaR_1	HTH-type transcriptional activator RhaR	m4C	m4C	4-methylcytosine	8	0.00796020
NC_003197.2	CDS	412681	414772	+	2091	EBBPGFGJ_00366	fhuA_2	Ferrichrome outer membrane transporter/phage receptor	m4C	m4C	4-methylcytosine	8	0.00382592
NC_003197.2	CDS	414812	415445	-	633	EBBPGFGJ_00367	rhtC_1	Threonine efflux protein	m4C	m4C	4-methylcytosine	1	0.00157978
NC_003197.2	CDS	416087	417713	-	1626	EBBPGFGJ_00369	prpR	Propionate catabolism operon regulatory protein	m4C	m4C	4-methylcytosine	5	0.00307503
NC_003197.2	CDS	417977	418865	+	888	EBBPGFGJ_00370	prpB	2-methylisocitrate lyase	m4C	m4C	4-methylcytosine	15	0.01689189
NC_003197.2	CDS	420196	421648	+	1452	EBBPGFGJ_00372	prpD	2-methylcitrate dehydratase	m4C	m4C	4-methylcytosine	6	0.00413223
NC_003197.2	CDS	421688	423575	+	1887	EBBPGFGJ_00373	acs_1	Acetyl-coenzyme A synthetase	m4C	m4C	4-methylcytosine	10	0.00529942
NC_003197.2	CDS	423678	424653	-	975	EBBPGFGJ_00374	hemB	Delta-aminolevulinic acid dehydratase	m4C	m4C	4-methylcytosine	2	0.00205128
NC_003197.2	CDS	425165	428102	+	2937	EBBPGFGJ_00375		hypothetical protein	m4C	m4C	4-methylcytosine	1	0.00034048
NC_003197.2	CDS	431594	432689	+	1095	EBBPGFGJ_00379		hypothetical protein	m4C	m4C	4-methylcytosine	6	0.00547945
NC_003197.2	CDS	433543	434656	-	1113	EBBPGFGJ_00382	ddlA	D-alanine--D-alanine ligase A	m4C	m4C	4-methylcytosine	1	0.00089847
NC_003197.2	CDS	434745	435429	+	684	EBBPGFGJ_00383		hypothetical protein	m4C	m4C	4-methylcytosine	1	0.00146199
NC_003197.2	CDS	435597	436809	+	1212	EBBPGFGJ_00384	sbnD_1	Staphyloferrin B transporter	m4C	m4C	4-methylcytosine	2	0.00165017
NC_003197.2	CDS	437717	438038	+	321	EBBPGFGJ_00386	psiF	Phosphate starvation-inducible protein PsiF	m4C	m4C	4-methylcytosine	2	0.00623053
NC_003197.2	CDS	438129	439242	+	1113	EBBPGFGJ_00387	dgcC	Probable diguanylate cyclase DgcC	m4C	m4C	4-methylcytosine	2	0.00179695
NC_003197.2	CDS	439256	440066	-	810	EBBPGFGJ_00388	proC	Pyrroline-5-carboxylate reductase	m4C	m4C	4-methylcytosine	3	0.00370370
NC_003197.2	CDS	442607	442892	+	285	EBBPGFGJ_00393	ppnP	Pyrimidine/purine nucleoside phosphorylase	m4C	m4C	4-methylcytosine	2	0.00701754
NC_003197.2	CDS	442929	443841	-	912	EBBPGFGJ_00394	rdgC	Recombination-associated protein RdgC	m4C	m4C	4-methylcytosine	1	0.00109649
NC_003197.2	CDS	443966	444875	+	909	EBBPGFGJ_00395	mak	Fructokinase	m4C	m4C	4-methylcytosine	2	0.00220022
NC_003197.2	CDS	444896	446069	-	1173	EBBPGFGJ_00396	araJ	Putative transporter AraJ	m4C	m4C	4-methylcytosine	1	0.00085251
NC_003197.2	CDS	446241	449382	-	3141	EBBPGFGJ_00397	sbcC	Nuclease SbcCD subunit C	m4C	m4C	4-methylcytosine	15	0.00477555
NC_003197.2	CDS	449378	450581	-	1203	EBBPGFGJ_00398	sbcD	Nuclease SbcCD subunit D	m4C	m4C	4-methylcytosine	3	0.00249377
NC_003197.2	CDS	450795	451485	+	690	EBBPGFGJ_00399	phoB	Phosphate regulon transcriptional regulatory protein PhoB	m4C	m4C	4-methylcytosine	1	0.00144928
NC_003197.2	CDS	451554	452850	+	1296	EBBPGFGJ_00400	phoR	Phosphate regulon sensor protein PhoR	m4C	m4C	4-methylcytosine	1	0.00077160
NC_003197.2	CDS	453258	454578	+	1320	EBBPGFGJ_00401	brnQ	Branched-chain amino acid transport system 2 carrier protein	m4C	m4C	4-methylcytosine	1	0.00075758
NC_003197.2	CDS	454652	456023	+	1371	EBBPGFGJ_00402	proY	Proline-specific permease ProY	m4C	m4C	4-methylcytosine	1	0.00072939
NC_003197.2	CDS	456184	458002	+	1818	EBBPGFGJ_00403	malZ	Maltodextrin glucosidase	m4C	m4C	4-methylcytosine	4	0.00220022
NC_003197.2	CDS	459560	460625	+	1065	EBBPGFGJ_00406	queA_1	S-adenosylmethionine:tRNA ribosyltransferase-isomerase	m4C	m4C	4-methylcytosine	6	0.00563380
NC_003197.2	CDS	460821	461949	+	1128	EBBPGFGJ_00407	tgt	Queuine tRNA-ribosyltransferase	m4C	m4C	4-methylcytosine	4	0.00354610
NC_003197.2	CDS	462364	464179	+	1815	EBBPGFGJ_00409	secD	Protein translocase subunit SecD	m4C	m4C	4-methylcytosine	5	0.00275482
NC_003197.2	CDS	464189	465161	+	972	EBBPGFGJ_00410	secF	Protein translocase subunit SecF	m4C	m4C	4-methylcytosine	1	0.00102881
NC_003197.2	CDS	465699	466392	+	693	EBBPGFGJ_00412		hypothetical protein	m4C	m4C	4-methylcytosine	3	0.00432900
NC_003197.2	CDS	467346	467454	+	108	EBBPGFGJ_00414		hypothetical protein	m4C	m4C	4-methylcytosine	1	0.00925926
NC_003197.2	CDS	467537	468401	-	864	EBBPGFGJ_00415	tsx	Nucleoside-specific channel-forming protein Tsx	m4C	m4C	4-methylcytosine	1	0.00115741
NC_003197.2	CDS	468700	469240	-	540	EBBPGFGJ_00416	yajI	Uncharacterized lipoprotein YajI	m4C	m4C	4-methylcytosine	1	0.00185185
NC_003197.2	CDS	469391	469841	+	450	EBBPGFGJ_00417	nrdR	Transcriptional repressor NrdR	m4C	m4C	4-methylcytosine	2	0.00444444
NC_003197.2	CDS	469844	470948	+	1104	EBBPGFGJ_00418	ribD	Riboflavin biosynthesis protein RibD	m4C	m4C	4-methylcytosine	18	0.01630435
NC_003197.2	CDS	471036	471507	+	471	EBBPGFGJ_00419	ribH	6%2C7-dimethyl-8-ribityllumazine synthase	m4C	m4C	4-methylcytosine	1	0.00212314
NC_003197.2	CDS	471527	471947	+	420	EBBPGFGJ_00420	nusB	Transcription antitermination protein NusB	m4C	m4C	4-methylcytosine	3	0.00714286
NC_003197.2	CDS	472025	473003	+	978	EBBPGFGJ_00421	thiL	Thiamine-monophosphate kinase	m4C	m4C	4-methylcytosine	3	0.00306748
NC_003197.2	CDS	472980	473496	+	516	EBBPGFGJ_00422	pgpA	Phosphatidylglycerophosphatase A	m4C	m4C	4-methylcytosine	1	0.00193798
NC_003197.2	CDS	473599	474574	-	975	EBBPGFGJ_00423	yajO	1-deoxyxylulose-5-phosphate synthase YajO	m4C	m4C	4-methylcytosine	3	0.00307692
NC_003197.2	CDS	474630	476493	-	1863	EBBPGFGJ_00424	dxs	1-deoxy-D-xylulose-5-phosphate synthase	m4C	m4C	4-methylcytosine	6	0.00322061
NC_003197.2	CDS	476516	477416	-	900	EBBPGFGJ_00425	ispA	Farnesyl diphosphate synthase	m4C	m4C	4-methylcytosine	7	0.00777778
NC_003197.2	CDS	477868	479317	+	1449	EBBPGFGJ_00427	thiI	tRNA sulfurtransferase	m4C	m4C	4-methylcytosine	1	0.00069013
NC_003197.2	CDS	479360	480158	-	798	EBBPGFGJ_00428	phnV	Putative 2-aminoethylphosphonate transport system permease protein PhnV	m4C	m4C	4-methylcytosine	2	0.00250627
NC_003197.2	CDS	481023	482133	-	1110	EBBPGFGJ_00430	phnT	Putative 2-aminoethylphosphonate import ATP-binding protein PhnT	m4C	m4C	4-methylcytosine	2	0.00180180
NC_003197.2	CDS	482138	483152	-	1014	EBBPGFGJ_00431	phnS	Putative 2-aminoethylphosphonate-binding periplasmic protein	m4C	m4C	4-methylcytosine	1	0.00098619
NC_003197.2	CDS	483349	484069	-	720	EBBPGFGJ_00432	phnR	Putative transcriptional regulator of 2-aminoethylphosphonate degradation operons	m4C	m4C	4-methylcytosine	2	0.00277778
NC_003197.2	CDS	484208	485312	+	1104	EBBPGFGJ_00433	phnW	2-aminoethylphosphonate--pyruvate transaminase	m4C	m4C	4-methylcytosine	4	0.00362319
NC_003197.2	CDS	485321	486131	+	810	EBBPGFGJ_00434	phnX	Phosphonoacetaldehyde hydrolase	m4C	m4C	4-methylcytosine	1	0.00123457
NC_003197.2	CDS	486227	486818	-	591	EBBPGFGJ_00435	yajL_1	Protein/nucleic acid deglycase 3	m4C	m4C	4-methylcytosine	2	0.00338409
NC_003197.2	CDS	486780	487692	-	912	EBBPGFGJ_00436	panE_1	2-dehydropantoate 2-reductase	m4C	m4C	4-methylcytosine	3	0.00328947
NC_003197.2	CDS	487817	488309	+	492	EBBPGFGJ_00437	yajQ	UPF0234 protein YajQ	m4C	m4C	4-methylcytosine	1	0.00203252
NC_003197.2	CDS	488355	489720	-	1365	EBBPGFGJ_00438	yajR	Inner membrane transport protein YajR	m4C	m4C	4-methylcytosine	3	0.00219780
NC_003197.2	CDS	490256	491768	+	1512	EBBPGFGJ_00439		hypothetical protein	m4C	m4C	4-methylcytosine	1	0.00066138
NC_003197.2	CDS	493354	494245	-	891	EBBPGFGJ_00441	cyoE	Protoheme IX farnesyltransferase	m4C	m4C	4-methylcytosine	4	0.00448934
NC_003197.2	CDS	494256	494586	-	330	EBBPGFGJ_00442	cyoD	Cytochrome bo(3) ubiquinol oxidase subunit 4	m4C	m4C	4-methylcytosine	5	0.01515152
NC_003197.2	CDS	498600	500082	-	1482	EBBPGFGJ_00446	ampG	Anhydromuropeptide permease	m4C	m4C	4-methylcytosine	4	0.00269906
NC_003197.2	CDS	500119	500752	-	633	EBBPGFGJ_00447		hypothetical protein	m4C	m4C	4-methylcytosine	1	0.00157978
NC_003197.2	CDS	501665	502964	+	1299	EBBPGFGJ_00449	tig	Trigger factor	m4C	m4C	4-methylcytosine	7	0.00538876
NC_003197.2	CDS	503210	503834	+	624	EBBPGFGJ_00450	clpP_1	ATP-dependent Clp protease proteolytic subunit	m4C	m4C	4-methylcytosine	1	0.00160256
NC_003197.2	CDS	504085	505357	+	1272	EBBPGFGJ_00451	clpX	ATP-dependent Clp protease ATP-binding subunit ClpX	m4C	m4C	4-methylcytosine	2	0.00157233
NC_003197.2	CDS	505542	507897	+	2355	EBBPGFGJ_00452	lon_1	Lon protease	m4C	m4C	4-methylcytosine	12	0.00509554
NC_003197.2	CDS	510689	511064	+	375	EBBPGFGJ_00455		Uncharacterized protein HI_1008	m4C	m4C	4-methylcytosine	1	0.00266667
NC_003197.2	CDS	511671	512367	-	696	EBBPGFGJ_00457	queC	7-cyano-7-deazaguanine synthase	m4C	m4C	4-methylcytosine	1	0.00143678
NC_003197.2	CDS	512431	514132	-	1701	EBBPGFGJ_00458	sgrR_2	HTH-type transcriptional regulator SgrR	m4C	m4C	4-methylcytosine	3	0.00176367
NC_003197.2	CDS	514232	515051	+	819	EBBPGFGJ_00459	cof	HMP-PP phosphatase	m4C	m4C	4-methylcytosine	1	0.00122100
NC_003197.2	CDS	515100	516156	-	1056	EBBPGFGJ_00460	sbnA	N-(2-amino-2-carboxyethyl)-L-glutamate synthase	m4C	m4C	4-methylcytosine	4	0.00378788
NC_003197.2	CDS	516767	518540	+	1773	EBBPGFGJ_00462	yheI	Probable multidrug resistance ABC transporter ATP-binding/permease protein YheI	m4C	m4C	4-methylcytosine	3	0.00169205
NC_003197.2	CDS	518532	520314	+	1782	EBBPGFGJ_00463	mdlB	Multidrug resistance-like ATP-binding protein MdlB	m4C	m4C	4-methylcytosine	4	0.00224467
NC_003197.2	CDS	520896	522183	+	1287	EBBPGFGJ_00465	amtB	Ammonia channel	m4C	m4C	4-methylcytosine	1	0.00077700
NC_003197.2	CDS	522282	523143	-	861	EBBPGFGJ_00466	tesB	Acyl-CoA thioesterase 2	m4C	m4C	4-methylcytosine	1	0.00116144
NC_003197.2	CDS	523357	523927	+	570	EBBPGFGJ_00467	ybaY	Uncharacterized lipoprotein YbaY	m4C	m4C	4-methylcytosine	2	0.00350877
NC_003197.2	CDS	524579	526130	-	1551	EBBPGFGJ_00469	pdeB	Probable cyclic di-GMP phosphodiesterase PdeB	m4C	m4C	4-methylcytosine	1	0.00064475
NC_003197.2	CDS	526816	527287	-	471	EBBPGFGJ_00471	ylaC	Inner membrane protein YlaC	m4C	m4C	4-methylcytosine	1	0.00212314
NC_003197.2	CDS	529249	532399	-	3150	EBBPGFGJ_00475	acrB_1	Multidrug efflux pump subunit AcrB	m4C	m4C	4-methylcytosine	5	0.00158730
NC_003197.2	CDS	532421	533615	-	1194	EBBPGFGJ_00476	acrA	Multidrug efflux pump subunit AcrA	m4C	m4C	4-methylcytosine	7	0.00586265
NC_003197.2	CDS	534528	537891	+	3363	EBBPGFGJ_00478	mscK	Mechanosensitive channel MscK	m4C	m4C	4-methylcytosine	2	0.00059471
NC_003197.2	CDS	537932	538868	-	936	EBBPGFGJ_00479		ISNCY family transposase ISRor2	m4C	m4C	4-methylcytosine	6	0.00641026
NC_003197.2	CDS	539118	539634	-	516	EBBPGFGJ_00481	priC	Primosomal replication protein N''	m4C	m4C	4-methylcytosine	1	0.00193798
NC_003197.2	CDS	539714	540092	+	378	EBBPGFGJ_00482	ybaN	Inner membrane protein YbaN	m4C	m4C	4-methylcytosine	1	0.00264550
NC_003197.2	CDS	540909	542838	+	1929	EBBPGFGJ_00484	dnaX	DNA polymerase III subunit tau	m4C	m4C	4-methylcytosine	25	0.01296008
NC_003197.2	CDS	543212	543818	+	606	EBBPGFGJ_00486	recR	Recombination protein RecR	m4C	m4C	4-methylcytosine	3	0.00495050
NC_003197.2	CDS	543928	545803	+	1875	EBBPGFGJ_00487	htpG	Chaperone protein HtpG	m4C	m4C	4-methylcytosine	5	0.00266667
NC_003197.2	CDS	546043	546688	+	645	EBBPGFGJ_00488	adk	Adenylate kinase	m4C	m4C	4-methylcytosine	2	0.00310078
NC_003197.2	CDS	546916	547879	+	963	EBBPGFGJ_00489	hemH	Ferrochelatase	m4C	m4C	4-methylcytosine	7	0.00726895
NC_003197.2	CDS	547875	548847	-	972	EBBPGFGJ_00490	aes	Acetyl esterase	m4C	m4C	4-methylcytosine	1	0.00102881
NC_003197.2	CDS	548954	550304	+	1350	EBBPGFGJ_00491	gsk	Inosine-guanosine kinase	m4C	m4C	4-methylcytosine	1	0.00074074
NC_003197.2	CDS	550352	552029	-	1677	EBBPGFGJ_00492	ybaL	Putative cation/proton antiporter YbaL	m4C	m4C	4-methylcytosine	1	0.00059630
NC_003197.2	CDS	552243	553464	-	1221	EBBPGFGJ_00494	fsr	Fosmidomycin resistance protein	m4C	m4C	4-methylcytosine	4	0.00327600
NC_003197.2	CDS	553636	555289	+	1653	EBBPGFGJ_00495	ushA	Protein UshA	m4C	m4C	4-methylcytosine	6	0.00362976
NC_003197.2	CDS	555405	555885	-	480	EBBPGFGJ_00496	ybaK	Cys-tRNA(Pro)/Cys-tRNA(Cys) deacylase YbaK	m4C	m4C	4-methylcytosine	8	0.01666667
NC_003197.2	CDS	556086	556881	-	795	EBBPGFGJ_00497		hypothetical protein	m4C	m4C	4-methylcytosine	2	0.00251572
NC_003197.2	CDS	557947	560449	-	2502	EBBPGFGJ_00499	copA	Copper-exporting P-type ATPase	m4C	m4C	4-methylcytosine	23	0.00919265
NC_003197.2	CDS	560558	560975	+	417	EBBPGFGJ_00500	cueR	HTH-type transcriptional regulator CueR	m4C	m4C	4-methylcytosine	1	0.00239808
NC_003197.2	CDS	560975	561428	-	453	EBBPGFGJ_00501	ybbJ	Inner membrane protein YbbJ	m4C	m4C	4-methylcytosine	2	0.00441501
NC_003197.2	CDS	561424	562342	-	918	EBBPGFGJ_00502	qmcA	Protein QmcA	m4C	m4C	4-methylcytosine	1	0.00108932
NC_003197.2	CDS	562488	563166	+	678	EBBPGFGJ_00503	fetA	Probable iron export ATP-binding protein FetA	m4C	m4C	4-methylcytosine	2	0.00294985
NC_003197.2	CDS	563152	563932	+	780	EBBPGFGJ_00504	fetB	Probable iron export permease protein FetB	m4C	m4C	4-methylcytosine	2	0.00256410
NC_003197.2	CDS	564017	564872	-	855	EBBPGFGJ_00505	cnoX	Chaperedoxin	m4C	m4C	4-methylcytosine	3	0.00350877
NC_003197.2	CDS	564931	565702	-	771	EBBPGFGJ_00506		hypothetical protein	m4C	m4C	4-methylcytosine	1	0.00129702
NC_003197.2	CDS	567124	569539	+	2415	EBBPGFGJ_00509		hypothetical protein	m4C	m4C	4-methylcytosine	10	0.00414079
NC_003197.2	CDS	571981	572998	+	1017	EBBPGFGJ_00513	metN_2	Methionine import ATP-binding protein MetN	m4C	m4C	4-methylcytosine	4	0.00393314
NC_003197.2	CDS	572990	573650	+	660	EBBPGFGJ_00514	metP	Methionine import system permease protein MetP	m4C	m4C	4-methylcytosine	1	0.00151515
NC_003197.2	CDS	573688	574783	-	1095	EBBPGFGJ_00515	selU	tRNA 2-selenouridine synthase	m4C	m4C	4-methylcytosine	7	0.00639269
NC_003197.2	CDS	574852	575779	-	927	EBBPGFGJ_00516	allS_1	HTH-type transcriptional activator AllS	m4C	m4C	4-methylcytosine	2	0.00215750
NC_003197.2	CDS	576566	577385	+	819	EBBPGFGJ_00518	allR	HTH-type transcriptional repressor AllR	m4C	m4C	4-methylcytosine	3	0.00366300
NC_003197.2	CDS	577469	579251	+	1782	EBBPGFGJ_00519	gcl	Glyoxylate carboligase	m4C	m4C	4-methylcytosine	11	0.00617284
NC_003197.2	CDS	580140	581019	+	879	EBBPGFGJ_00521	glxR	2-hydroxy-3-oxopropionate reductase	m4C	m4C	4-methylcytosine	1	0.00113766
NC_003197.2	CDS	581084	582332	+	1248	EBBPGFGJ_00522	sauU_1	Probable sulfoacetate transporter SauU	m4C	m4C	4-methylcytosine	2	0.00160256
NC_003197.2	CDS	582427	583882	+	1455	EBBPGFGJ_00523	ybbW	Putative allantoin permease	m4C	m4C	4-methylcytosine	2	0.00137457
NC_003197.2	CDS	583960	585322	+	1362	EBBPGFGJ_00524	allB	Allantoinase	m4C	m4C	4-methylcytosine	4	0.00293686
NC_003197.2	CDS	585380	586679	+	1299	EBBPGFGJ_00525	ybbY	Putative purine permease YbbY	m4C	m4C	4-methylcytosine	1	0.00076982
NC_003197.2	CDS	586701	587850	+	1149	EBBPGFGJ_00526	glxK	Glycerate 3-kinase	m4C	m4C	4-methylcytosine	9	0.00783290
NC_003197.2	CDS	587929	588715	-	786	EBBPGFGJ_00527	allE	(S)-ureidoglycine aminohydrolase	m4C	m4C	4-methylcytosine	1	0.00127226
NC_003197.2	CDS	588725	589961	-	1236	EBBPGFGJ_00528	allC	Allantoate amidohydrolase	m4C	m4C	4-methylcytosine	8	0.00647249
NC_003197.2	CDS	589982	591032	-	1050	EBBPGFGJ_00529	allD	Ureidoglycolate dehydrogenase (NAD(+))	m4C	m4C	4-methylcytosine	2	0.00190476
NC_003197.2	CDS	591362	593027	+	1665	EBBPGFGJ_00530	fdrA	Protein FdrA	m4C	m4C	4-methylcytosine	16	0.00960961
NC_003197.2	CDS	593036	594296	+	1260	EBBPGFGJ_00531		hypothetical protein	m4C	m4C	4-methylcytosine	3	0.00238095
NC_003197.2	CDS	594307	595117	+	810	EBBPGFGJ_00532		hypothetical protein	m4C	m4C	4-methylcytosine	5	0.00617284
NC_003197.2	CDS	596054	597122	-	1068	EBBPGFGJ_00534	purK	N5-carboxyaminoimidazole ribonucleotide synthase	m4C	m4C	4-methylcytosine	9	0.00842697
NC_003197.2	CDS	597118	597628	-	510	EBBPGFGJ_00535	purE	N5-carboxyaminoimidazole ribonucleotide mutase	m4C	m4C	4-methylcytosine	4	0.00784314
NC_003197.2	CDS	597745	598468	-	723	EBBPGFGJ_00536	lpxH	UDP-2%2C3-diacylglucosamine hydrolase	m4C	m4C	4-methylcytosine	1	0.00138313
NC_003197.2	CDS	600566	601391	-	825	EBBPGFGJ_00539		hypothetical protein	m4C	m4C	4-methylcytosine	2	0.00242424
NC_003197.2	CDS	601387	601825	-	438	EBBPGFGJ_00540		hypothetical protein	m4C	m4C	4-methylcytosine	1	0.00228311
NC_003197.2	CDS	601817	602363	-	546	EBBPGFGJ_00541	ybcI	Inner membrane protein YbcI	m4C	m4C	4-methylcytosine	8	0.01465201
NC_003197.2	CDS	602490	602703	-	213	EBBPGFGJ_00542	ybcJ	Uncharacterized protein YbcJ	m4C	m4C	4-methylcytosine	1	0.00469484
NC_003197.2	CDS	602704	603571	-	867	EBBPGFGJ_00543	folD	Bifunctional protein FolD	m4C	m4C	4-methylcytosine	1	0.00115340
NC_003197.2	CDS	605327	606020	+	693	EBBPGFGJ_00546	sfmC_2	Probable fimbrial chaperone SfmC	m4C	m4C	4-methylcytosine	3	0.00432900
NC_003197.2	CDS	606050	608663	+	2613	EBBPGFGJ_00547	sfmD	Outer membrane usher protein SfmD	m4C	m4C	4-methylcytosine	8	0.00306162
NC_003197.2	CDS	608677	609685	+	1008	EBBPGFGJ_00548	sfmH_2	Uncharacterized fimbrial-like protein SfmH	m4C	m4C	4-methylcytosine	1	0.00099206
NC_003197.2	CDS	609694	610213	+	519	EBBPGFGJ_00549	sfmF	Uncharacterized fimbrial-like protein SfmF	m4C	m4C	4-methylcytosine	2	0.00385356
NC_003197.2	CDS	610258	610891	-	633	EBBPGFGJ_00550	bvgA	Virulence factors putative positive transcription regulator BvgA	m4C	m4C	4-methylcytosine	1	0.00157978
NC_003197.2	CDS	612708	613305	-	597	EBBPGFGJ_00553		hypothetical protein	m4C	m4C	4-methylcytosine	1	0.00167504
NC_003197.2	tRNA	613560	613637	+	77	EBBPGFGJ_00554		tRNA-Arg(tct)	m4C	m4C	4-methylcytosine	1	0.01298701
NC_003197.2	CDS	614201	614420	-	219	EBBPGFGJ_00556		hypothetical protein	m4C	m4C	4-methylcytosine	2	0.00913242
NC_003197.2	CDS	618592	618922	-	330	EBBPGFGJ_00561	cusS	Sensor histidine kinase CusS	m4C	m4C	4-methylcytosine	1	0.00303030
NC_003197.2	CDS	619260	620115	-	855	EBBPGFGJ_00562	rclR	RCS-specific HTH-type transcriptional activator RclR	m4C	m4C	4-methylcytosine	10	0.01169591
NC_003197.2	CDS	620330	621656	+	1326	EBBPGFGJ_00563	rclA	Probable pyridine nucleotide-disulfide oxidoreductase RclA	m4C	m4C	4-methylcytosine	1	0.00075415
NC_003197.2	CDS	622061	622622	+	561	EBBPGFGJ_00565	rclC	Inner membrane protein RclC	m4C	m4C	4-methylcytosine	1	0.00178253
NC_003197.2	CDS	622700	623876	-	1176	EBBPGFGJ_00566		hypothetical protein	m4C	m4C	4-methylcytosine	7	0.00595238
NC_003197.2	CDS	624201	625596	+	1395	EBBPGFGJ_00567	pheP	Phenylalanine-specific permease	m4C	m4C	4-methylcytosine	1	0.00071685
NC_003197.2	CDS	625637	626885	-	1248	EBBPGFGJ_00568	ybdG	Miniconductance mechanosensitive channel YbdG	m4C	m4C	4-methylcytosine	4	0.00320513
NC_003197.2	CDS	627195	629166	+	1971	EBBPGFGJ_00569	lip-1	Lipase 1	m4C	m4C	4-methylcytosine	7	0.00355150
NC_003197.2	CDS	629332	632062	+	2730	EBBPGFGJ_00570	norR_1	Anaerobic nitric oxide reductase transcription regulator NorR	m4C	m4C	4-methylcytosine	6	0.00219780
NC_003197.2	CDS	632189	633176	-	987	EBBPGFGJ_00571	frlB_1	Fructosamine deglycase FrlB	m4C	m4C	4-methylcytosine	1	0.00101317
NC_003197.2	CDS	633242	634304	-	1062	EBBPGFGJ_00572		hypothetical protein	m4C	m4C	4-methylcytosine	2	0.00188324
NC_003197.2	CDS	634318	635173	-	855	EBBPGFGJ_00573	manZ_1	PTS system mannose-specific EIID component	m4C	m4C	4-methylcytosine	1	0.00116959
NC_003197.2	CDS	635175	635919	-	744	EBBPGFGJ_00574	sorC	PTS system sorbose-specific EIIC component	m4C	m4C	4-methylcytosine	2	0.00268817
NC_003197.2	CDS	635933	636404	-	471	EBBPGFGJ_00575	sorB_1	PTS system sorbose-specific EIIB component	m4C	m4C	4-methylcytosine	1	0.00212314
NC_003197.2	CDS	637030	637684	-	654	EBBPGFGJ_00577	nfsB	Oxygen-insensitive NAD(P)H nitroreductase	m4C	m4C	4-methylcytosine	2	0.00305810
NC_003197.2	CDS	638148	638730	-	582	EBBPGFGJ_00579	betI	HTH-type transcriptional regulator BetI	m4C	m4C	4-methylcytosine	1	0.00171821
NC_003197.2	CDS	640810	641515	-	705	EBBPGFGJ_00583		hypothetical protein	m4C	m4C	4-methylcytosine	4	0.00567376
NC_003197.2	CDS	641560	643816	-	2256	EBBPGFGJ_00584	fepA	Ferrienterobactin receptor	m4C	m4C	4-methylcytosine	1	0.00044326
NC_003197.2	CDS	644004	645219	+	1215	EBBPGFGJ_00585	fes_1	Enterochelin esterase	m4C	m4C	4-methylcytosine	8	0.00658436
NC_003197.2	CDS	645464	649349	+	3885	EBBPGFGJ_00587	entF	Enterobactin synthase component F	m4C	m4C	4-methylcytosine	20	0.00514801
NC_003197.2	CDS	649598	650735	+	1137	EBBPGFGJ_00588	fepE	Ferric enterobactin transport protein FepE	m4C	m4C	4-methylcytosine	1	0.00087951
NC_003197.2	CDS	651578	652568	-	990	EBBPGFGJ_00590	fepG	Ferric enterobactin transport system permease protein FepG	m4C	m4C	4-methylcytosine	6	0.00606061
NC_003197.2	CDS	652567	653575	-	1008	EBBPGFGJ_00591	fepD	Ferric enterobactin transport system permease protein FepD	m4C	m4C	4-methylcytosine	8	0.00793651
NC_003197.2	CDS	654992	655949	-	957	EBBPGFGJ_00593	fepB	Ferrienterobactin-binding periplasmic protein	m4C	m4C	4-methylcytosine	2	0.00208986
NC_003197.2	CDS	656257	657433	+	1176	EBBPGFGJ_00594	entC	Isochorismate synthase EntC	m4C	m4C	4-methylcytosine	2	0.00170068
NC_003197.2	CDS	657442	659053	+	1611	EBBPGFGJ_00595	entE	Enterobactin synthase component E	m4C	m4C	4-methylcytosine	5	0.00310366
NC_003197.2	CDS	659923	660679	+	756	EBBPGFGJ_00597	entA	2%2C3-dihydro-2%2C3-dihydroxybenzoate dehydrogenase	m4C	m4C	4-methylcytosine	3	0.00396825
NC_003197.2	CDS	661276	663382	+	2106	EBBPGFGJ_00599	cstA	Peptide transporter CstA	m4C	m4C	4-methylcytosine	3	0.00142450
NC_003197.2	CDS	663678	664767	-	1089	EBBPGFGJ_00601	hcxA	Hydroxycarboxylate dehydrogenase A	m4C	m4C	4-methylcytosine	2	0.00183655
NC_003197.2	CDS	664893	666054	+	1161	EBBPGFGJ_00602	ybdL	Methionine aminotransferase	m4C	m4C	4-methylcytosine	1	0.00086133
NC_003197.2	CDS	669264	670011	-	747	EBBPGFGJ_00606	dsbG	Thiol:disulfide interchange protein DsbG	m4C	m4C	4-methylcytosine	4	0.00535475
NC_003197.2	CDS	670451	671015	+	564	EBBPGFGJ_00607	ahpC_2	Alkyl hydroperoxide reductase C	m4C	m4C	4-methylcytosine	2	0.00354610
NC_003197.2	CDS	673706	675986	+	2280	EBBPGFGJ_00610	ynfE_1	Putative dimethyl sulfoxide reductase chain YnfE	m4C	m4C	4-methylcytosine	12	0.00526316
NC_003197.2	CDS	678025	679264	+	1239	EBBPGFGJ_00614		Probable zinc-binding alcohol dehydrogenase Rv1895	m4C	m4C	4-methylcytosine	5	0.00403551
NC_003197.2	CDS	679346	679757	-	411	EBBPGFGJ_00615	rnk	Regulator of nucleoside diphosphate kinase	m4C	m4C	4-methylcytosine	1	0.00243309
NC_003197.2	CDS	679991	680798	-	807	EBBPGFGJ_00616	rna	Ribonuclease I	m4C	m4C	4-methylcytosine	3	0.00371747
NC_003197.2	CDS	682408	683305	-	897	EBBPGFGJ_00618	citG_2	2-(5''-triphosphoribosyl)-3'-dephosphocoenzyme-A synthase	m4C	m4C	4-methylcytosine	5	0.00557414
NC_003197.2	CDS	683276	683828	-	552	EBBPGFGJ_00619	citX_2	Apo-citrate lyase phosphoribosyl-dephospho-CoA transferase	m4C	m4C	4-methylcytosine	18	0.03260870
NC_003197.2	CDS	683831	685361	-	1530	EBBPGFGJ_00620	citF_2	Citrate lyase alpha chain	m4C	m4C	4-methylcytosine	3	0.00196078
NC_003197.2	CDS	685370	686279	-	909	EBBPGFGJ_00621	citE_2	Citrate lyase subunit beta	m4C	m4C	4-methylcytosine	2	0.00220022
NC_003197.2	CDS	686275	686572	-	297	EBBPGFGJ_00622	citD_2	Citrate lyase acyl carrier protein	m4C	m4C	4-methylcytosine	3	0.01010101
NC_003197.2	CDS	686568	687645	-	1077	EBBPGFGJ_00623	citC_2	[Citrate [pro-3S]-lyase] ligase	m4C	m4C	4-methylcytosine	1	0.00092851
NC_003197.2	CDS	688029	689691	+	1662	EBBPGFGJ_00624	dpiB	Sensor histidine kinase DpiB	m4C	m4C	4-methylcytosine	1	0.00060168
NC_003197.2	CDS	689659	690340	+	681	EBBPGFGJ_00625	dpiA	Transcriptional regulatory protein DpiA	m4C	m4C	4-methylcytosine	2	0.00293686
NC_003197.2	CDS	690393	691779	-	1386	EBBPGFGJ_00626	dcuD	Putative cryptic C4-dicarboxylate transporter DcuD	m4C	m4C	4-methylcytosine	7	0.00505051
NC_003197.2	CDS	693184	693568	-	384	EBBPGFGJ_00629	crcB	Putative fluoride ion transporter CrcB	m4C	m4C	4-methylcytosine	1	0.00260417
NC_003197.2	CDS	693658	694447	+	789	EBBPGFGJ_00630	ybeM	Deaminated glutathione amidase	m4C	m4C	4-methylcytosine	2	0.00253485
NC_003197.2	CDS	694864	695830	-	966	EBBPGFGJ_00632	lipA	Lipoyl synthase	m4C	m4C	4-methylcytosine	4	0.00414079
NC_003197.2	CDS	697290	697932	-	642	EBBPGFGJ_00634	lipB	Octanoyltransferase	m4C	m4C	4-methylcytosine	1	0.00155763
NC_003197.2	CDS	698403	699615	-	1212	EBBPGFGJ_00636	dacA	D-alanyl-D-alanine carboxypeptidase DacA	m4C	m4C	4-methylcytosine	2	0.00165017
NC_003197.2	CDS	699754	700900	-	1146	EBBPGFGJ_00637	rlpA	Endolytic peptidoglycan transglycosylase RlpA	m4C	m4C	4-methylcytosine	2	0.00174520
NC_003197.2	CDS	700910	702023	-	1113	EBBPGFGJ_00638	mrdB	Peptidoglycan glycosyltransferase MrdB	m4C	m4C	4-methylcytosine	3	0.00269542
NC_003197.2	CDS	702025	703927	-	1902	EBBPGFGJ_00639	mrdA_1	Peptidoglycan D%2CD-transpeptidase MrdA	m4C	m4C	4-methylcytosine	7	0.00368034
NC_003197.2	CDS	703957	704425	-	468	EBBPGFGJ_00640	rlmH	Ribosomal RNA large subunit methyltransferase H	m4C	m4C	4-methylcytosine	1	0.00213675
NC_003197.2	CDS	704428	704746	-	318	EBBPGFGJ_00641	rsfS	Ribosomal silencing factor RsfS	m4C	m4C	4-methylcytosine	1	0.00314465
NC_003197.2	CDS	705074	705683	-	609	EBBPGFGJ_00642	cobC	Adenosylcobalamin/alpha-ribazole phosphatase	m4C	m4C	4-methylcytosine	3	0.00492611
NC_003197.2	CDS	706848	707499	-	651	EBBPGFGJ_00644	nadD	Nicotinate-nucleotide adenylyltransferase	m4C	m4C	4-methylcytosine	2	0.00307220
NC_003197.2	CDS	707491	708523	-	1032	EBBPGFGJ_00645	holA	DNA polymerase III subunit delta	m4C	m4C	4-methylcytosine	3	0.00290698
NC_003197.2	CDS	709127	711710	-	2583	EBBPGFGJ_00647	leuS	Leucine--tRNA ligase	m4C	m4C	4-methylcytosine	7	0.00271003
NC_003197.2	CDS	711997	712288	+	291	EBBPGFGJ_00648	uxaA	Altronate dehydratase	m4C	m4C	4-methylcytosine	2	0.00687285
NC_003197.2	CDS	712226	713477	+	1251	EBBPGFGJ_00649	suyB	(2R)-sulfolactate sulfo-lyase subunit beta	m4C	m4C	4-methylcytosine	1	0.00079936
NC_003197.2	CDS	713526	714480	+	954	EBBPGFGJ_00650	kdgT_2	2-keto-3-deoxygluconate permease	m4C	m4C	4-methylcytosine	2	0.00209644
NC_003197.2	CDS	714547	716476	+	1929	EBBPGFGJ_00651	norR_2	Anaerobic nitric oxide reductase transcription regulator NorR	m4C	m4C	4-methylcytosine	4	0.00207361
NC_003197.2	CDS	716568	717042	+	474	EBBPGFGJ_00652		hypothetical protein	m4C	m4C	4-methylcytosine	2	0.00421941
NC_003197.2	CDS	718200	718908	+	708	EBBPGFGJ_00654		hypothetical protein	m4C	m4C	4-methylcytosine	1	0.00141243
NC_003197.2	CDS	718904	720338	+	1434	EBBPGFGJ_00655		hypothetical protein	m4C	m4C	4-methylcytosine	2	0.00139470
NC_003197.2	CDS	720349	721045	+	696	EBBPGFGJ_00656		hypothetical protein	m4C	m4C	4-methylcytosine	1	0.00143678
NC_003197.2	CDS	721041	722514	+	1473	EBBPGFGJ_00657		hypothetical protein	m4C	m4C	4-methylcytosine	10	0.00678887
NC_003197.2	CDS	722535	724215	-	1680	EBBPGFGJ_00658	hscC	Chaperone protein HscC	m4C	m4C	4-methylcytosine	5	0.00297619
NC_003197.2	CDS	725560	726496	-	936	EBBPGFGJ_00660	rihA	Pyrimidine-specific ribonucleoside hydrolase RihA	m4C	m4C	4-methylcytosine	4	0.00427350
NC_003197.2	CDS	728911	729820	-	909	EBBPGFGJ_00664	gltI	Glutamate/aspartate import solute-binding protein	m4C	m4C	4-methylcytosine	1	0.00110011
NC_003197.2	CDS	730174	731764	-	1590	EBBPGFGJ_00665	lnt	Apolipoprotein N-acyltransferase	m4C	m4C	4-methylcytosine	6	0.00377358
NC_003197.2	CDS	731732	732611	-	879	EBBPGFGJ_00666	corC	Magnesium and cobalt efflux protein CorC	m4C	m4C	4-methylcytosine	1	0.00113766
NC_003197.2	CDS	734489	735914	-	1425	EBBPGFGJ_00669	miaB	tRNA-2-methylthio-N(6)-dimethylallyladenosine synthase	m4C	m4C	4-methylcytosine	2	0.00140351
NC_003197.2	CDS	736057	737233	+	1176	EBBPGFGJ_00670	ubiF	3-demethoxyubiquinol 3-hydroxylase	m4C	m4C	4-methylcytosine	16	0.01360544
NC_003197.2	CDS	737299	737824	-	525	EBBPGFGJ_00671		hypothetical protein	m4C	m4C	4-methylcytosine	1	0.00190476
NC_003197.2	tRNA	738128	738203	-	75	EBBPGFGJ_00673		tRNA-Gln(ctg)	m4C	m4C	4-methylcytosine	1	0.01333333
NC_003197.2	tRNA	738249	738326	-	77	EBBPGFGJ_00674		tRNA-Met(cat)	m4C	m4C	4-methylcytosine	1	0.01298701
NC_003197.2	tRNA	738549	738634	-	85	EBBPGFGJ_00677		tRNA-Leu(tag)	m4C	m4C	4-methylcytosine	1	0.01176471
NC_003197.2	CDS	740895	741648	-	753	EBBPGFGJ_00680	nagD	Ribonucleotide monophosphatase NagD	m4C	m4C	4-methylcytosine	4	0.00531208
NC_003197.2	CDS	741694	742915	-	1221	EBBPGFGJ_00681	nagC	N-acetylglucosamine repressor	m4C	m4C	4-methylcytosine	4	0.00327600
NC_003197.2	CDS	742919	744134	-	1215	EBBPGFGJ_00682	nagA	N-acetylglucosamine-6-phosphate deacetylase	m4C	m4C	4-methylcytosine	2	0.00164609
NC_003197.2	CDS	744133	744934	-	801	EBBPGFGJ_00683	nagB	Glucosamine-6-phosphate deaminase	m4C	m4C	4-methylcytosine	1	0.00124844
NC_003197.2	CDS	745260	747213	+	1953	EBBPGFGJ_00684	nagE	PTS system N-acetylglucosamine-specific EIICBA component	m4C	m4C	4-methylcytosine	2	0.00102407
NC_003197.2	CDS	747423	749091	+	1668	EBBPGFGJ_00685	glnS	Glutamine--tRNA ligase	m4C	m4C	4-methylcytosine	10	0.00599520
NC_003197.2	CDS	750992	751325	+	333	EBBPGFGJ_00687	chiQ	Uncharacterized lipoprotein ChiQ	m4C	m4C	4-methylcytosine	4	0.01201201
NC_003197.2	CDS	752728	753868	-	1140	EBBPGFGJ_00689		hypothetical protein	m4C	m4C	4-methylcytosine	1	0.00087719
NC_003197.2	CDS	753854	755258	-	1404	EBBPGFGJ_00690	ifcA	Fumarate reductase flavoprotein subunit	m4C	m4C	4-methylcytosine	11	0.00783476
NC_003197.2	CDS	755355	756282	-	927	EBBPGFGJ_00691	catM	HTH-type transcriptional regulator CatM	m4C	m4C	4-methylcytosine	9	0.00970874
NC_003197.2	CDS	757130	757661	-	531	EBBPGFGJ_00693	fldA	Flavodoxin 1	m4C	m4C	4-methylcytosine	2	0.00376648
NC_003197.2	CDS	758238	759009	-	771	EBBPGFGJ_00695	ybfF	Esterase YbfF	m4C	m4C	4-methylcytosine	5	0.00648508
NC_003197.2	CDS	759193	759736	+	543	EBBPGFGJ_00696	seqA	Negative modulator of initiation of replication	m4C	m4C	4-methylcytosine	1	0.00184162
NC_003197.2	CDS	759760	761401	+	1641	EBBPGFGJ_00697	pgm	Phosphoglucomutase	m4C	m4C	4-methylcytosine	7	0.00426569
NC_003197.2	CDS	762065	763385	-	1320	EBBPGFGJ_00699	potE	Putrescine transporter PotE	m4C	m4C	4-methylcytosine	2	0.00151515
NC_003197.2	CDS	763381	765580	-	2199	EBBPGFGJ_00700	speF	Inducible ornithine decarboxylase	m4C	m4C	4-methylcytosine	1	0.00045475
NC_003197.2	CDS	766341	767019	-	678	EBBPGFGJ_00702	kdpE	KDP operon transcriptional regulatory protein KdpE	m4C	m4C	4-methylcytosine	4	0.00589971
NC_003197.2	CDS	767015	769700	-	2685	EBBPGFGJ_00703	kdpD	Sensor protein KdpD	m4C	m4C	4-methylcytosine	13	0.00484171
NC_003197.2	CDS	769696	770281	-	585	EBBPGFGJ_00704	kdpC	Potassium-transporting ATPase KdpC subunit	m4C	m4C	4-methylcytosine	5	0.00854701
NC_003197.2	CDS	770289	772338	-	2049	EBBPGFGJ_00705	kdpB	Potassium-transporting ATPase ATP-binding subunit	m4C	m4C	4-methylcytosine	7	0.00341630
NC_003197.2	CDS	772358	774038	-	1680	EBBPGFGJ_00706	kdpA	Potassium-transporting ATPase potassium-binding subunit	m4C	m4C	4-methylcytosine	3	0.00178571
NC_003197.2	CDS	774780	776202	+	1422	EBBPGFGJ_00708	phrB	Deoxyribodipyrimidine photo-lyase	m4C	m4C	4-methylcytosine	6	0.00421941
NC_003197.2	CDS	776240	777722	-	1482	EBBPGFGJ_00709	dtpD	Dipeptide permease D	m4C	m4C	4-methylcytosine	4	0.00269906
NC_003197.2	CDS	778050	778794	+	744	EBBPGFGJ_00710	ybgI	GTP cyclohydrolase 1 type 2 homolog	m4C	m4C	4-methylcytosine	1	0.00134409
NC_003197.2	CDS	778809	779466	+	657	EBBPGFGJ_00711	pxpB	5-oxoprolinase subunit B	m4C	m4C	4-methylcytosine	1	0.00152207
NC_003197.2	CDS	779459	780392	+	933	EBBPGFGJ_00712	pxpC	5-oxoprolinase subunit C	m4C	m4C	4-methylcytosine	5	0.00535906
NC_003197.2	CDS	780381	781116	+	735	EBBPGFGJ_00713	pxpA	5-oxoprolinase subunit A	m4C	m4C	4-methylcytosine	4	0.00544218
NC_003197.2	CDS	782993	783734	+	741	EBBPGFGJ_00716		hypothetical protein	m4C	m4C	4-methylcytosine	6	0.00809717
NC_003197.2	CDS	788916	790695	+	1779	EBBPGFGJ_00722		hypothetical protein	m4C	m4C	4-methylcytosine	1	0.00056211
NC_003197.2	CDS	791724	793674	+	1950	EBBPGFGJ_00724		hypothetical protein	m4C	m4C	4-methylcytosine	3	0.00153846
NC_003197.2	CDS	793741	793879	+	138	EBBPGFGJ_00725		hypothetical protein	m4C	m4C	4-methylcytosine	1	0.00724638
NC_003197.2	CDS	793927	794719	+	792	EBBPGFGJ_00726	nei	Endonuclease 8	m4C	m4C	4-methylcytosine	3	0.00378788
NC_003197.2	CDS	794773	795820	-	1047	EBBPGFGJ_00727		hypothetical protein	m4C	m4C	4-methylcytosine	1	0.00095511
NC_003197.2	CDS	795956	797240	-	1284	EBBPGFGJ_00728	gltA	Citrate synthase	m4C	m4C	4-methylcytosine	1	0.00077882
NC_003197.2	CDS	798724	800491	+	1767	EBBPGFGJ_00732	sdhA	Succinate dehydrogenase flavoprotein subunit	m4C	m4C	4-methylcytosine	5	0.00282965
NC_003197.2	CDS	800507	801224	+	717	EBBPGFGJ_00733	sdhB	Succinate dehydrogenase iron-sulfur subunit	m4C	m4C	4-methylcytosine	1	0.00139470
NC_003197.2	CDS	801747	804549	+	2802	EBBPGFGJ_00734	sucA	2-oxoglutarate dehydrogenase E1 component	m4C	m4C	4-methylcytosine	1	0.00035689
NC_003197.2	CDS	804563	805772	+	1209	EBBPGFGJ_00735	sucB	Dihydrolipoyllysine-residue succinyltransferase component of 2-oxoglutarate dehydrogenase complex	m4C	m4C	4-methylcytosine	1	0.00082713
NC_003197.2	CDS	809531	811100	+	1569	EBBPGFGJ_00739	cydA	Cytochrome bd-I ubiquinol oxidase subunit 1	m4C	m4C	4-methylcytosine	3	0.00191205
NC_003197.2	CDS	812519	812801	+	282	EBBPGFGJ_00742		hypothetical protein	m4C	m4C	4-methylcytosine	2	0.00709220
NC_003197.2	CDS	814619	815843	+	1224	EBBPGFGJ_00746		hypothetical protein	m4C	m4C	4-methylcytosine	4	0.00326797
NC_003197.2	CDS	815966	817259	+	1293	EBBPGFGJ_00747	tolB	Tol-Pal system protein TolB	m4C	m4C	4-methylcytosine	6	0.00464037
NC_003197.2	CDS	817293	817818	+	525	EBBPGFGJ_00748	pal_2	Peptidoglycan-associated lipoprotein	m4C	m4C	4-methylcytosine	1	0.00190476
NC_003197.2	CDS	817827	818616	+	789	EBBPGFGJ_00749	cpoB	Cell division coordinator CpoB	m4C	m4C	4-methylcytosine	3	0.00380228
NC_003197.2	tRNA	819401	819477	+	76	EBBPGFGJ_00754		tRNA-Lys(ttt)	m4C	m4C	4-methylcytosine	2	0.02631579
NC_003197.2	CDS	820235	821279	+	1044	EBBPGFGJ_00755	nadA	Quinolinate synthase A	m4C	m4C	4-methylcytosine	3	0.00287356
NC_003197.2	CDS	822019	822958	-	939	EBBPGFGJ_00757	zitB	Zinc transporter ZitB	m4C	m4C	4-methylcytosine	4	0.00425985
NC_003197.2	CDS	823774	824827	+	1053	EBBPGFGJ_00759	aroG	Phospho-2-dehydro-3-deoxyheptonate aldolase%2C Phe-sensitive	m4C	m4C	4-methylcytosine	4	0.00379867
NC_003197.2	CDS	825480	826326	-	846	EBBPGFGJ_00761	ttdA_1	L(+)-tartrate dehydratase subunit alpha	m4C	m4C	4-methylcytosine	1	0.00118203
NC_003197.2	CDS	826455	827346	+	891	EBBPGFGJ_00762	cynR	HTH-type transcriptional regulator CynR	m4C	m4C	4-methylcytosine	2	0.00224467
NC_003197.2	CDS	828552	829821	+	1269	EBBPGFGJ_00764		hypothetical protein	m4C	m4C	4-methylcytosine	1	0.00078802
NC_003197.2	CDS	830131	830605	+	474	EBBPGFGJ_00766	oadA_2	Oxaloacetate decarboxylase alpha chain	m4C	m4C	4-methylcytosine	9	0.01898734
NC_003197.2	CDS	830652	831906	+	1254	EBBPGFGJ_00767	oadA_3	Oxaloacetate decarboxylase alpha chain	m4C	m4C	4-methylcytosine	13	0.01036683
NC_003197.2	CDS	831921	833223	+	1302	EBBPGFGJ_00768	oadB_2	Oxaloacetate decarboxylase beta chain	m4C	m4C	4-methylcytosine	51	0.03917051
NC_003197.2	CDS	833341	834040	+	699	EBBPGFGJ_00769	citG_3	2-(5''-triphosphoribosyl)-3'-dephosphocoenzyme-A synthase	m4C	m4C	4-methylcytosine	3	0.00429185
NC_003197.2	CDS	835498	836275	+	777	EBBPGFGJ_00771	yusV	Probable siderophore transport system ATP-binding protein YusV	m4C	m4C	4-methylcytosine	1	0.00128700
NC_003197.2	CDS	836365	837118	-	753	EBBPGFGJ_00772	gpmA	2%2C3-bisphosphoglycerate-dependent phosphoglycerate mutase	m4C	m4C	4-methylcytosine	1	0.00132802
NC_003197.2	CDS	837341	838382	-	1041	EBBPGFGJ_00773	galM	Aldose 1-epimerase	m4C	m4C	4-methylcytosine	3	0.00288184
NC_003197.2	CDS	838375	839524	-	1149	EBBPGFGJ_00774	galK	Galactokinase	m4C	m4C	4-methylcytosine	3	0.00261097
NC_003197.2	CDS	839526	840573	-	1047	EBBPGFGJ_00775	galT	Galactose-1-phosphate uridylyltransferase	m4C	m4C	4-methylcytosine	5	0.00477555
NC_003197.2	CDS	841822	842731	-	909	EBBPGFGJ_00777		hypothetical protein	m4C	m4C	4-methylcytosine	1	0.00110011
NC_003197.2	CDS	842901	844377	-	1476	EBBPGFGJ_00778	modF	ABC transporter ATP-binding protein ModF	m4C	m4C	4-methylcytosine	3	0.00203252
NC_003197.2	CDS	844444	845233	-	789	EBBPGFGJ_00779	modE	DNA-binding transcriptional dual regulator ModE	m4C	m4C	4-methylcytosine	6	0.00760456
NC_003197.2	CDS	845361	845511	+	150	EBBPGFGJ_00780	acrZ	Multidrug efflux pump accessory protein AcrZ	m4C	m4C	4-methylcytosine	1	0.00666667
NC_003197.2	CDS	845677	846451	+	774	EBBPGFGJ_00781	modA	Molybdate-binding protein ModA	m4C	m4C	4-methylcytosine	1	0.00129199
NC_003197.2	CDS	846450	847140	+	690	EBBPGFGJ_00782	modB	Molybdenum transport system permease protein ModB	m4C	m4C	4-methylcytosine	1	0.00144928
NC_003197.2	CDS	847142	848201	+	1059	EBBPGFGJ_00783	btuD_1	Vitamin B12 import ATP-binding protein BtuD	m4C	m4C	4-methylcytosine	2	0.00188857
NC_003197.2	CDS	849183	850179	+	996	EBBPGFGJ_00785	pgl	6-phosphogluconolactonase	m4C	m4C	4-methylcytosine	2	0.00200803
NC_003197.2	CDS	850322	851606	-	1284	EBBPGFGJ_00786	ybhC	Putative acyl-CoA thioester hydrolase YbhC	m4C	m4C	4-methylcytosine	2	0.00155763
NC_003197.2	CDS	853063	854005	+	942	EBBPGFGJ_00788	hutG	Formimidoylglutamase	m4C	m4C	4-methylcytosine	6	0.00636943
NC_003197.2	CDS	854971	856117	+	1146	EBBPGFGJ_00790	hutU_1	Urocanate hydratase	m4C	m4C	4-methylcytosine	2	0.00174520
NC_003197.2	CDS	856056	856656	+	600	EBBPGFGJ_00791	hutU_2	Urocanate hydratase	m4C	m4C	4-methylcytosine	2	0.00333333
NC_003197.2	CDS	856657	858178	+	1521	EBBPGFGJ_00792	hutH	Histidine ammonia-lyase	m4C	m4C	4-methylcytosine	8	0.00525970
NC_003197.2	CDS	858262	858739	-	477	EBBPGFGJ_00793	ybhB	UPF0098 protein YbhB	m4C	m4C	4-methylcytosine	1	0.00209644
NC_003197.2	CDS	858796	860086	-	1290	EBBPGFGJ_00794	bioA	Adenosylmethionine-8-amino-7-oxononanoate aminotransferase	m4C	m4C	4-methylcytosine	4	0.00310078
NC_003197.2	CDS	860172	861213	+	1041	EBBPGFGJ_00795	bioB	Biotin synthase	m4C	m4C	4-methylcytosine	1	0.00096061
NC_003197.2	CDS	861209	862367	+	1158	EBBPGFGJ_00796	bioF	8-amino-7-oxononanoate synthase	m4C	m4C	4-methylcytosine	4	0.00345423
NC_003197.2	CDS	862350	863106	+	756	EBBPGFGJ_00797	bioC	Malonyl-[acyl-carrier protein] O-methyltransferase	m4C	m4C	4-methylcytosine	7	0.00925926
NC_003197.2	CDS	863098	863785	+	687	EBBPGFGJ_00798	bioD1_1	ATP-dependent dethiobiotin synthetase BioD 1	m4C	m4C	4-methylcytosine	13	0.01892285
NC_003197.2	CDS	864435	866457	+	2022	EBBPGFGJ_00799	uvrB	UvrABC system protein B	m4C	m4C	4-methylcytosine	1	0.00049456
NC_003197.2	CDS	869335	870244	-	909	EBBPGFGJ_00801	ybhK	Putative gluconeogenesis factor	m4C	m4C	4-methylcytosine	2	0.00220022
NC_003197.2	CDS	870607	871630	+	1023	EBBPGFGJ_00802	moaA	GTP 3'%2C8-cyclase	m4C	m4C	4-methylcytosine	5	0.00488759
NC_003197.2	CDS	871651	872164	+	513	EBBPGFGJ_00803	moaB	Molybdenum cofactor biosynthesis protein B	m4C	m4C	4-methylcytosine	3	0.00584795
NC_003197.2	CDS	872208	872652	+	444	EBBPGFGJ_00804	moaC	Cyclic pyranopterin monophosphate synthase	m4C	m4C	4-methylcytosine	2	0.00450450
NC_003197.2	CDS	872891	873344	+	453	EBBPGFGJ_00806	moaE	Molybdopterin synthase catalytic subunit	m4C	m4C	4-methylcytosine	3	0.00662252
NC_003197.2	CDS	876152	877115	-	963	EBBPGFGJ_00812	ybhN	Inner membrane protein YbhN	m4C	m4C	4-methylcytosine	1	0.00103842
NC_003197.2	CDS	877114	878356	-	1242	EBBPGFGJ_00813	clsB	Cardiolipin synthase B	m4C	m4C	4-methylcytosine	3	0.00241546
NC_003197.2	CDS	878352	879111	-	759	EBBPGFGJ_00814		hypothetical protein	m4C	m4C	4-methylcytosine	5	0.00658762
NC_003197.2	CDS	879243	879654	+	411	EBBPGFGJ_00815	ybhQ	Inner membrane protein YbhQ	m4C	m4C	4-methylcytosine	1	0.00243309
NC_003197.2	CDS	879615	880722	-	1107	EBBPGFGJ_00816	ybhR	Probable multidrug ABC transporter permease YbhR	m4C	m4C	4-methylcytosine	1	0.00090334
NC_003197.2	CDS	880837	881968	-	1131	EBBPGFGJ_00817	ybhS	Probable multidrug ABC transporter permease YbhS	m4C	m4C	4-methylcytosine	1	0.00088417
NC_003197.2	CDS	881960	883697	-	1737	EBBPGFGJ_00818	ybhF	Probable multidrug ABC transporter ATP-binding protein YbhF	m4C	m4C	4-methylcytosine	1	0.00057571
NC_003197.2	CDS	883689	884685	-	996	EBBPGFGJ_00819	ybhG	UPF0194 membrane protein YbhG	m4C	m4C	4-methylcytosine	13	0.01305221
NC_003197.2	CDS	885588	886953	+	1365	EBBPGFGJ_00821	rhlE	ATP-dependent RNA helicase RhlE	m4C	m4C	4-methylcytosine	4	0.00293040
NC_003197.2	CDS	889334	890309	+	975	EBBPGFGJ_00823	ybiB	Uncharacterized protein YbiB	m4C	m4C	4-methylcytosine	4	0.00410256
NC_003197.2	CDS	890464	890725	-	261	EBBPGFGJ_00824	mcbA	Uncharacterized protein McbA	m4C	m4C	4-methylcytosine	3	0.01149425
NC_003197.2	CDS	891480	892407	+	927	EBBPGFGJ_00826	rlmF	Ribosomal RNA large subunit methyltransferase F	m4C	m4C	4-methylcytosine	3	0.00323625
NC_003197.2	CDS	892403	894626	-	2223	EBBPGFGJ_00827	ybiO	Moderate conductance mechanosensitive channel YbiO	m4C	m4C	4-methylcytosine	15	0.00674764
NC_003197.2	CDS	894744	895467	-	723	EBBPGFGJ_00828	glnQ_2	Glutamine transport ATP-binding protein GlnQ	m4C	m4C	4-methylcytosine	7	0.00968188
NC_003197.2	CDS	897489	897993	-	504	EBBPGFGJ_00831	dps	DNA protection during starvation protein	m4C	m4C	4-methylcytosine	1	0.00198413
NC_003197.2	CDS	898295	899183	-	888	EBBPGFGJ_00832	rhtA	Threonine/homoserine exporter RhtA	m4C	m4C	4-methylcytosine	9	0.01013514
NC_003197.2	CDS	899536	900052	+	516	EBBPGFGJ_00833	ompX	Outer membrane protein X	m4C	m4C	4-methylcytosine	1	0.00193798
NC_003197.2	CDS	900114	901695	-	1581	EBBPGFGJ_00834	opgE	Phosphoethanolamine transferase OpgE	m4C	m4C	4-methylcytosine	1	0.00063251
NC_003197.2	CDS	901959	902088	-	129	EBBPGFGJ_00835	mntS	Small protein MntS	m4C	m4C	4-methylcytosine	1	0.00775194
NC_003197.2	CDS	902273	902747	+	474	EBBPGFGJ_00836	mntR	Transcriptional regulator MntR	m4C	m4C	4-methylcytosine	2	0.00421941
NC_003197.2	CDS	903899	904820	-	921	EBBPGFGJ_00838	ybiS	Probable L%2CD-transpeptidase YbiS	m4C	m4C	4-methylcytosine	1	0.00108578
NC_003197.2	CDS	905038	906631	+	1593	EBBPGFGJ_00839	ybiT	Uncharacterized ABC transporter ATP-binding protein YbiT	m4C	m4C	4-methylcytosine	3	0.00188324
NC_003197.2	CDS	908011	908542	-	531	EBBPGFGJ_00841	ybiV_1	Sugar phosphatase YbiV	m4C	m4C	4-methylcytosine	3	0.00564972
NC_003197.2	CDS	908935	910201	-	1266	EBBPGFGJ_00842	ybiU	Uncharacterized protein YbiU	m4C	m4C	4-methylcytosine	10	0.00789889
NC_003197.2	CDS	910462	911272	+	810	EBBPGFGJ_00843	ybiV_2	Sugar phosphatase YbiV	m4C	m4C	4-methylcytosine	1	0.00123457
NC_003197.2	CDS	911349	913782	-	2433	EBBPGFGJ_00844	pflD	Trans-4-hydroxy-L-proline dehydratase	m4C	m4C	4-methylcytosine	2	0.00082203
NC_003197.2	CDS	913787	914687	-	900	EBBPGFGJ_00845	cutD	Choline trimethylamine-lyase activating enzyme	m4C	m4C	4-methylcytosine	3	0.00333333
NC_003197.2	CDS	915713	916949	-	1236	EBBPGFGJ_00847	moeA	Molybdopterin molybdenumtransferase	m4C	m4C	4-methylcytosine	2	0.00161812
NC_003197.2	CDS	917151	918093	+	942	EBBPGFGJ_00848	iaaA	Isoaspartyl peptidase	m4C	m4C	4-methylcytosine	4	0.00424628
NC_003197.2	CDS	918103	919975	+	1872	EBBPGFGJ_00849	gsiA	Glutathione import ATP-binding protein GsiA	m4C	m4C	4-methylcytosine	2	0.00106838
NC_003197.2	CDS	920007	921546	+	1539	EBBPGFGJ_00850	gsiB	Glutathione-binding protein GsiB	m4C	m4C	4-methylcytosine	4	0.00259909
NC_003197.2	CDS	921606	922527	+	921	EBBPGFGJ_00851	gsiC	Glutathione transport system permease protein GsiC	m4C	m4C	4-methylcytosine	1	0.00108578
NC_003197.2	CDS	923531	924857	-	1326	EBBPGFGJ_00853	rimO	Ribosomal protein S12 methylthiotransferase RimO	m4C	m4C	4-methylcytosine	10	0.00754148
NC_003197.2	CDS	926183	926699	+	516	EBBPGFGJ_00855		hypothetical protein	m4C	m4C	4-methylcytosine	1	0.00193798
NC_003197.2	CDS	927481	928429	+	948	EBBPGFGJ_00857	etfA	Electron transfer flavoprotein subunit alpha	m4C	m4C	4-methylcytosine	1	0.00105485
NC_003197.2	CDS	928461	928659	+	198	EBBPGFGJ_00858		hypothetical protein	m4C	m4C	4-methylcytosine	1	0.00505051
NC_003197.2	CDS	928722	929886	+	1164	EBBPGFGJ_00859	mmgC	Acyl-CoA dehydrogenase	m4C	m4C	4-methylcytosine	1	0.00085911
NC_003197.2	CDS	930334	932020	+	1686	EBBPGFGJ_00861		Electron transfer flavoprotein-ubiquinone oxidoreductase	m4C	m4C	4-methylcytosine	1	0.00059312
NC_003197.2	CDS	933180	933606	-	426	EBBPGFGJ_00863		hypothetical protein	m4C	m4C	4-methylcytosine	1	0.00234742
NC_003197.2	CDS	933952	934633	+	681	EBBPGFGJ_00864		hypothetical protein	m4C	m4C	4-methylcytosine	1	0.00146843
NC_003197.2	CDS	934629	935256	-	627	EBBPGFGJ_00865	gstB	Glutathione S-transferase GstB	m4C	m4C	4-methylcytosine	1	0.00159490
NC_003197.2	CDS	935631	936702	+	1071	EBBPGFGJ_00866	dacC	D-alanyl-D-alanine carboxypeptidase DacC	m4C	m4C	4-methylcytosine	2	0.00186741
NC_003197.2	CDS	937576	938251	-	675	EBBPGFGJ_00868	ybjG	Putative undecaprenyl-diphosphatase YbjG	m4C	m4C	4-methylcytosine	4	0.00592593
NC_003197.2	CDS	938497	939730	+	1233	EBBPGFGJ_00869	mdfA	Multidrug transporter MdfA	m4C	m4C	4-methylcytosine	1	0.00081103
NC_003197.2	CDS	942711	944397	-	1686	EBBPGFGJ_00873	aspT_1	Aspartate/alanine antiporter	m4C	m4C	4-methylcytosine	4	0.00237248
NC_003197.2	CDS	944667	945045	+	378	EBBPGFGJ_00874	ybjM	Inner membrane protein YbjM	m4C	m4C	4-methylcytosine	1	0.00264550
NC_003197.2	CDS	945783	946506	+	723	EBBPGFGJ_00877	nfsA	Oxygen-insensitive NADPH nitroreductase	m4C	m4C	4-methylcytosine	1	0.00138313
NC_003197.2	CDS	946563	947466	+	903	EBBPGFGJ_00878	rimK	Ribosomal protein S6--L-glutamate ligase	m4C	m4C	4-methylcytosine	4	0.00442968
NC_003197.2	CDS	947562	948039	+	477	EBBPGFGJ_00879	ybjN	Uncharacterized protein YbjN	m4C	m4C	4-methylcytosine	1	0.00209644
NC_003197.2	CDS	948384	949500	+	1116	EBBPGFGJ_00880	potF	Putrescine-binding periplasmic protein	m4C	m4C	4-methylcytosine	2	0.00179211
NC_003197.2	CDS	949587	950721	+	1134	EBBPGFGJ_00881	potA_1	Spermidine/putrescine import ATP-binding protein PotA	m4C	m4C	4-methylcytosine	1	0.00088183
NC_003197.2	CDS	950730	951684	+	954	EBBPGFGJ_00882	potH	Putrescine transport system permease protein PotH	m4C	m4C	4-methylcytosine	1	0.00104822
NC_003197.2	CDS	951680	952526	+	846	EBBPGFGJ_00883	ydcV_1	Inner membrane ABC transporter permease protein YdcV	m4C	m4C	4-methylcytosine	1	0.00118203
NC_003197.2	CDS	953115	954246	+	1131	EBBPGFGJ_00885	rlmC	23S rRNA (uracil(747)-C(5))-methyltransferase RlmC	m4C	m4C	4-methylcytosine	9	0.00795756
NC_003197.2	CDS	954528	955872	+	1344	EBBPGFGJ_00886	ulaA_1	Ascorbate-specific PTS system EIIC component	m4C	m4C	4-methylcytosine	1	0.00074405
NC_003197.2	CDS	956231	957719	+	1488	EBBPGFGJ_00888		hypothetical protein	m4C	m4C	4-methylcytosine	3	0.00201613
NC_003197.2	CDS	958905	959574	-	669	EBBPGFGJ_00890	artM_1	Arginine ABC transporter permease protein ArtM	m4C	m4C	4-methylcytosine	1	0.00149477
NC_003197.2	CDS	962003	962519	-	516	EBBPGFGJ_00894	ybjP	Uncharacterized lipoprotein YbjP	m4C	m4C	4-methylcytosine	2	0.00387597
NC_003197.2	CDS	977161	977776	+	615	EBBPGFGJ_00922		hypothetical protein	m4C	m4C	4-methylcytosine	4	0.00650407
NC_003197.2	CDS	977772	978258	+	486	EBBPGFGJ_00923		hypothetical protein	m4C	m4C	4-methylcytosine	5	0.01028807
NC_003197.2	CDS	1006516	1007530	-	1014	EBBPGFGJ_00954	oleD	2-alkyl-3-oxoalkanoate reductase	m4C	m4C	4-methylcytosine	1	0.00098619
NC_003197.2	CDS	1007625	1009059	-	1434	EBBPGFGJ_00955		hypothetical protein	m4C	m4C	4-methylcytosine	4	0.00278940
NC_003197.2	CDS	1009069	1010071	-	1002	EBBPGFGJ_00956	ltaE	Low specificity L-threonine aldolase	m4C	m4C	4-methylcytosine	3	0.00299401
NC_003197.2	CDS	1010109	1011828	-	1719	EBBPGFGJ_00957	poxB	Pyruvate dehydrogenase [ubiquinone]	m4C	m4C	4-methylcytosine	3	0.00174520
NC_003197.2	CDS	1011985	1012954	-	969	EBBPGFGJ_00958	hcr	NADH oxidoreductase HCR	m4C	m4C	4-methylcytosine	3	0.00309598
NC_003197.2	CDS	1012965	1014618	-	1653	EBBPGFGJ_00959	hcp	Hydroxylamine reductase	m4C	m4C	4-methylcytosine	3	0.00181488
NC_003197.2	CDS	1015862	1017521	+	1659	EBBPGFGJ_00961		hypothetical protein	m4C	m4C	4-methylcytosine	2	0.00120555
NC_003197.2	CDS	1018613	1019732	+	1119	EBBPGFGJ_00963	macA	Macrolide export protein MacA	m4C	m4C	4-methylcytosine	5	0.00446828
NC_003197.2	CDS	1019728	1021675	+	1947	EBBPGFGJ_00964	macB	Macrolide export ATP-binding/permease protein MacB	m4C	m4C	4-methylcytosine	11	0.00564972
NC_003197.2	CDS	1022700	1024977	+	2277	EBBPGFGJ_00967	clpA	ATP-dependent Clp protease ATP-binding subunit ClpA	m4C	m4C	4-methylcytosine	3	0.00131752
NC_003197.2	CDS	1025168	1025627	+	459	EBBPGFGJ_00968		IS200/IS605 family transposase IS200F	m4C	m4C	4-methylcytosine	1	0.00217865
NC_003197.2	CDS	1027681	1028359	-	678	EBBPGFGJ_00972	ycaC_1	Probable hydrolase YcaC	m4C	m4C	4-methylcytosine	12	0.01769912
NC_003197.2	CDS	1028378	1029239	-	861	EBBPGFGJ_00973		hypothetical protein	m4C	m4C	4-methylcytosine	7	0.00813008
NC_003197.2	CDS	1029347	1030259	+	912	EBBPGFGJ_00974	dmlR_4	HTH-type transcriptional regulator DmlR	m4C	m4C	4-methylcytosine	1	0.00109649
NC_003197.2	CDS	1030879	1031584	-	705	EBBPGFGJ_00976	aat	Leucyl/phenylalanyl-tRNA--protein transferase	m4C	m4C	4-methylcytosine	3	0.00425532
NC_003197.2	CDS	1031628	1033350	-	1722	EBBPGFGJ_00977	yheH	Probable multidrug resistance ABC transporter ATP-binding/permease protein YheH	m4C	m4C	4-methylcytosine	18	0.01045296
NC_003197.2	CDS	1033350	1035117	-	1767	EBBPGFGJ_00978	cydD	ATP-binding/permease protein CydD	m4C	m4C	4-methylcytosine	10	0.00565931
NC_003197.2	CDS	1035230	1036199	-	969	EBBPGFGJ_00979	trxB	Thioredoxin reductase	m4C	m4C	4-methylcytosine	1	0.00103199
NC_003197.2	CDS	1036744	1037239	+	495	EBBPGFGJ_00980	lrp_1	Leucine-responsive regulatory protein	m4C	m4C	4-methylcytosine	3	0.00606061
NC_003197.2	CDS	1037373	1041429	+	4056	EBBPGFGJ_00981		hypothetical protein	m4C	m4C	4-methylcytosine	16	0.00394477
NC_003197.2	CDS	1041571	1042183	+	612	EBBPGFGJ_00982	lolA	Outer-membrane lipoprotein carrier protein	m4C	m4C	4-methylcytosine	2	0.00326797
NC_003197.2	CDS	1042192	1043536	+	1344	EBBPGFGJ_00983	rarA	Replication-associated recombination protein A	m4C	m4C	4-methylcytosine	2	0.00148810
NC_003197.2	CDS	1043794	1045087	+	1293	EBBPGFGJ_00984	serS	Serine--tRNA ligase	m4C	m4C	4-methylcytosine	1	0.00077340
NC_003197.2	CDS	1045323	1047768	+	2445	EBBPGFGJ_00985	dmsA_1	Dimethyl sulfoxide reductase DmsA	m4C	m4C	4-methylcytosine	2	0.00081800
NC_003197.2	CDS	1047778	1048396	+	618	EBBPGFGJ_00986	dmsB_1	Anaerobic dimethyl sulfoxide reductase chain B	m4C	m4C	4-methylcytosine	1	0.00161812
NC_003197.2	CDS	1048397	1049261	+	864	EBBPGFGJ_00987	dmsC_1	Anaerobic dimethyl sulfoxide reductase chain C	m4C	m4C	4-methylcytosine	1	0.00115741
NC_003197.2	CDS	1050976	1052398	+	1422	EBBPGFGJ_00989	ycaM	Inner membrane transporter YcaM	m4C	m4C	4-methylcytosine	1	0.00070323
NC_003197.2	CDS	1055098	1057381	-	2283	EBBPGFGJ_00993	pflB	Formate acetyltransferase 1	m4C	m4C	4-methylcytosine	2	0.00087604
NC_003197.2	CDS	1058702	1060538	-	1836	EBBPGFGJ_00995	ycaO	Ribosomal protein S12 methylthiotransferase accessory factor YcaO	m4C	m4C	4-methylcytosine	4	0.00217865
NC_003197.2	CDS	1062636	1063920	+	1284	EBBPGFGJ_00998	aroA	3-phosphoshikimate 1-carboxyvinyltransferase	m4C	m4C	4-methylcytosine	2	0.00155763
NC_003197.2	CDS	1064062	1064824	+	762	EBBPGFGJ_00999	ycaL	Metalloprotease YcaL	m4C	m4C	4-methylcytosine	2	0.00262467
NC_003197.2	CDS	1064996	1065680	+	684	EBBPGFGJ_01000	cmk	Cytidylate kinase	m4C	m4C	4-methylcytosine	11	0.01608187
NC_003197.2	CDS	1065793	1067467	+	1674	EBBPGFGJ_01001	rpsA	30S ribosomal protein S1	m4C	m4C	4-methylcytosine	5	0.00298686
NC_003197.2	CDS	1068136	1070401	+	2265	EBBPGFGJ_01003		hypothetical protein	m4C	m4C	4-methylcytosine	2	0.00088300
NC_003197.2	CDS	1072182	1073160	+	978	EBBPGFGJ_01005	lpxK	Tetraacyldisaccharide 4'-kinase	m4C	m4C	4-methylcytosine	5	0.00511247
NC_003197.2	CDS	1074487	1074670	+	183	EBBPGFGJ_01007	ycaR	UPF0434 protein YcaR	m4C	m4C	4-methylcytosine	2	0.01092896
NC_003197.2	CDS	1074666	1075413	+	747	EBBPGFGJ_01008	kdsB	3-deoxy-manno-octulosonate cytidylyltransferase	m4C	m4C	4-methylcytosine	4	0.00535475
NC_003197.2	CDS	1075623	1076517	+	894	EBBPGFGJ_01009		hypothetical protein	m4C	m4C	4-methylcytosine	1	0.00111857
NC_003197.2	CDS	1077408	1078212	+	804	EBBPGFGJ_01011	cmoM	tRNA 5-carboxymethoxyuridine methyltransferase	m4C	m4C	4-methylcytosine	1	0.00124378
NC_003197.2	CDS	1079507	1080212	+	705	EBBPGFGJ_01013	mukE	Chromosome partition protein MukE	m4C	m4C	4-methylcytosine	2	0.00283688
NC_003197.2	CDS	1080211	1084678	+	4467	EBBPGFGJ_01014	mukB	Chromosome partition protein MukB	m4C	m4C	4-methylcytosine	13	0.00291023
NC_003197.2	CDS	1085022	1086864	+	1842	EBBPGFGJ_01015	ycbB	Probable L%2CD-transpeptidase YcbB	m4C	m4C	4-methylcytosine	7	0.00380022
NC_003197.2	CDS	1087123	1087672	+	549	EBBPGFGJ_01016		hypothetical protein	m4C	m4C	4-methylcytosine	2	0.00364299
NC_003197.2	CDS	1088408	1089599	-	1191	EBBPGFGJ_01018	aspC	Aspartate aminotransferase	m4C	m4C	4-methylcytosine	8	0.00671704
NC_003197.2	CDS	1091481	1092882	-	1401	EBBPGFGJ_01021	asnS	Asparagine--tRNA ligase	m4C	m4C	4-methylcytosine	4	0.00285510
NC_003197.2	CDS	1095319	1096756	+	1437	EBBPGFGJ_01024	alsT_2	Amino-acid carrier protein AlsT	m4C	m4C	4-methylcytosine	1	0.00069589
NC_003197.2	CDS	1098230	1099523	-	1293	EBBPGFGJ_01026	intQ_2	Putative defective protein IntQ	m4C	m4C	4-methylcytosine	1	0.00077340
NC_003197.2	CDS	1100138	1101248	-	1110	EBBPGFGJ_01029		hypothetical protein	m4C	m4C	4-methylcytosine	1	0.00090090
NC_003197.2	CDS	1101258	1104144	-	2886	EBBPGFGJ_01030		hypothetical protein	m4C	m4C	4-methylcytosine	9	0.00311850
NC_003197.2	CDS	1105052	1105463	-	411	EBBPGFGJ_01033		hypothetical protein	m4C	m4C	4-methylcytosine	1	0.00243309
NC_003197.2	CDS	1110767	1111379	+	612	EBBPGFGJ_01044		hypothetical protein	m4C	m4C	4-methylcytosine	17	0.02777778
NC_003197.2	CDS	1111511	1112309	+	798	EBBPGFGJ_01045		hypothetical protein	m4C	m4C	4-methylcytosine	1	0.00125313
NC_003197.2	CDS	1115212	1115665	+	453	EBBPGFGJ_01052	rrrD	Lysozyme RrrD	m4C	m4C	4-methylcytosine	1	0.00220751
NC_003197.2	CDS	1116369	1116903	+	534	EBBPGFGJ_01054		hypothetical protein	m4C	m4C	4-methylcytosine	1	0.00187266
NC_003197.2	CDS	1116862	1118998	+	2136	EBBPGFGJ_01055		hypothetical protein	m4C	m4C	4-methylcytosine	5	0.00234082
NC_003197.2	CDS	1119197	1120745	+	1548	EBBPGFGJ_01057		hypothetical protein	m4C	m4C	4-methylcytosine	1	0.00064599
NC_003197.2	CDS	1120695	1122750	+	2055	EBBPGFGJ_01058	clpP_3	ATP-dependent Clp protease proteolytic subunit	m4C	m4C	4-methylcytosine	2	0.00097324
NC_003197.2	CDS	1125680	1125932	+	252	EBBPGFGJ_01065		hypothetical protein	m4C	m4C	4-methylcytosine	1	0.00396825
NC_003197.2	CDS	1125912	1128999	+	3087	EBBPGFGJ_01066		hypothetical protein	m4C	m4C	4-methylcytosine	11	0.00356333
NC_003197.2	CDS	1128995	1129328	+	333	EBBPGFGJ_01067		hypothetical protein	m4C	m4C	4-methylcytosine	1	0.00300300
NC_003197.2	CDS	1129426	1129924	+	498	EBBPGFGJ_01068	ail_3	Attachment invasion locus protein	m4C	m4C	4-methylcytosine	1	0.00200803
NC_003197.2	CDS	1131368	1132106	+	738	EBBPGFGJ_01071		hypothetical protein	m4C	m4C	4-methylcytosine	5	0.00677507
NC_003197.2	CDS	1132779	1135227	+	2448	EBBPGFGJ_01073		hypothetical protein	m4C	m4C	4-methylcytosine	5	0.00204248
NC_003197.2	CDS	1135253	1136129	+	876	EBBPGFGJ_01074		hypothetical protein	m4C	m4C	4-methylcytosine	3	0.00342466
NC_003197.2	CDS	1136463	1138902	+	2439	EBBPGFGJ_01076		hypothetical protein	m4C	m4C	4-methylcytosine	20	0.00820008
NC_003197.2	CDS	1139958	1140927	+	969	EBBPGFGJ_01078	sseI	Secreted effector protein SseI	m4C	m4C	4-methylcytosine	2	0.00206398
NC_003197.2	CDS	1141194	1141443	+	249	EBBPGFGJ_01079		IS66 family transposase ISSfl3	m4C	m4C	4-methylcytosine	2	0.00803213
NC_003197.2	CDS	1141574	1142201	-	627	EBBPGFGJ_01080	yedK	SOS response-associated protein YedK	m4C	m4C	4-methylcytosine	1	0.00159490
NC_003197.2	CDS	1144128	1146741	+	2613	EBBPGFGJ_01083	pepN	Aminopeptidase N	m4C	m4C	4-methylcytosine	7	0.00267891
NC_003197.2	CDS	1146948	1147959	+	1011	EBBPGFGJ_01084	pyrD	Dihydroorotate dehydrogenase (quinone)	m4C	m4C	4-methylcytosine	2	0.00197824
NC_003197.2	CDS	1148124	1148667	+	543	EBBPGFGJ_01085	zapC	Cell division protein ZapC	m4C	m4C	4-methylcytosine	1	0.00184162
NC_003197.2	CDS	1148663	1149773	-	1110	EBBPGFGJ_01086	ycbX	Uncharacterized protein YcbX	m4C	m4C	4-methylcytosine	6	0.00540541
NC_003197.2	CDS	1149871	1151980	+	2109	EBBPGFGJ_01087	rlmL	Ribosomal RNA large subunit methyltransferase K/L	m4C	m4C	4-methylcytosine	6	0.00284495
NC_003197.2	CDS	1151992	1153900	+	1908	EBBPGFGJ_01088	uup	ABC transporter ATP-binding protein uup	m4C	m4C	4-methylcytosine	1	0.00052411
NC_003197.2	CDS	1153914	1155168	+	1254	EBBPGFGJ_01089	pqiA	Intermembrane transport protein PqiA	m4C	m4C	4-methylcytosine	5	0.00398724
NC_003197.2	CDS	1156809	1157373	+	564	EBBPGFGJ_01091	pqiC	Intermembrane transport lipoprotein PqiC	m4C	m4C	4-methylcytosine	3	0.00531915
NC_003197.2	CDS	1157895	1158414	-	519	EBBPGFGJ_01092	fabA	3-hydroxydecanoyl-[acyl-carrier-protein] dehydratase	m4C	m4C	4-methylcytosine	1	0.00192678
NC_003197.2	CDS	1158482	1160243	-	1761	EBBPGFGJ_01093	lon_2	Lon protease	m4C	m4C	4-methylcytosine	2	0.00113572
NC_003197.2	CDS	1160952	1162005	-	1053	EBBPGFGJ_01095	ompA	Outer membrane protein A	m4C	m4C	4-methylcytosine	1	0.00094967
NC_003197.2	CDS	1163679	1165833	-	2154	EBBPGFGJ_01098	yccS	Inner membrane protein YccS	m4C	m4C	4-methylcytosine	5	0.00232126
NC_003197.2	CDS	1166421	1168476	+	2055	EBBPGFGJ_01100	helD	DNA helicase IV	m4C	m4C	4-methylcytosine	8	0.00389294
NC_003197.2	CDS	1169064	1169727	-	663	EBBPGFGJ_01102		UPF0319 protein HI_1681	m4C	m4C	4-methylcytosine	2	0.00301659
NC_003197.2	CDS	1169900	1170314	+	414	EBBPGFGJ_01103	yccU	Uncharacterized protein YccU	m4C	m4C	4-methylcytosine	1	0.00241546
NC_003197.2	CDS	1170358	1170676	-	318	EBBPGFGJ_01104	hspQ	Heat shock protein HspQ	m4C	m4C	4-methylcytosine	2	0.00628931
NC_003197.2	CDS	1170733	1171945	-	1212	EBBPGFGJ_01105	rlmI	Ribosomal RNA large subunit methyltransferase I	m4C	m4C	4-methylcytosine	2	0.00165017
NC_003197.2	CDS	1172724	1173513	+	789	EBBPGFGJ_01107		hypothetical protein	m4C	m4C	4-methylcytosine	4	0.00506971
NC_003197.2	CDS	1174255	1174915	-	660	EBBPGFGJ_01110	yccA	Modulator of FtsH protease YccA	m4C	m4C	4-methylcytosine	2	0.00303030
NC_003197.2	CDS	1176437	1177313	-	876	EBBPGFGJ_01113	pipB	Secreted effector protein PipB	m4C	m4C	4-methylcytosine	1	0.00114155
NC_003197.2	CDS	1178218	1179904	-	1686	EBBPGFGJ_01115	sopB	Inositol phosphate phosphatase SopB	m4C	m4C	4-methylcytosine	1	0.00059312
NC_003197.2	CDS	1182267	1183632	-	1365	EBBPGFGJ_01118	hprS	Sensor histidine kinase HprS	m4C	m4C	4-methylcytosine	7	0.00512821
NC_003197.2	CDS	1184440	1184851	+	411	EBBPGFGJ_01120	hiuH	5-hydroxyisourate hydrolase	m4C	m4C	4-methylcytosine	1	0.00243309
NC_003197.2	CDS	1185183	1185696	-	513	EBBPGFGJ_01121	hpaC	4-hydroxyphenylacetate 3-monooxygenase reductase component	m4C	m4C	4-methylcytosine	2	0.00389864
NC_003197.2	CDS	1185713	1187276	-	1563	EBBPGFGJ_01122	hpaB	4-hydroxyphenylacetate 3-monooxygenase oxygenase component	m4C	m4C	4-methylcytosine	6	0.00383877
NC_003197.2	CDS	1187493	1187934	-	441	EBBPGFGJ_01123	farR	HTH-type transcriptional regulator FarR	m4C	m4C	4-methylcytosine	2	0.00453515
NC_003197.2	CDS	1188208	1189498	+	1290	EBBPGFGJ_01124	hpcE	Homoprotocatechuate catabolism bifunctional isomerase/decarboxylase	m4C	m4C	4-methylcytosine	2	0.00155039
NC_003197.2	CDS	1189494	1190961	+	1467	EBBPGFGJ_01125	betB	NAD/NADP-dependent betaine aldehyde dehydrogenase	m4C	m4C	4-methylcytosine	4	0.00272665
NC_003197.2	CDS	1190962	1191814	+	852	EBBPGFGJ_01126	hpcB	3%2C4-dihydroxyphenylacetate 2%2C3-dioxygenase	m4C	m4C	4-methylcytosine	2	0.00234742
NC_003197.2	CDS	1192346	1193150	+	804	EBBPGFGJ_01128	hpcG	2-oxo-hept-4-ene-1%2C7-dioate hydratase	m4C	m4C	4-methylcytosine	2	0.00248756
NC_003197.2	CDS	1193160	1193952	+	792	EBBPGFGJ_01129	hpcH	4-hydroxy-2-oxo-heptane-1%2C7-dioate aldolase	m4C	m4C	4-methylcytosine	2	0.00252525
NC_003197.2	CDS	1194023	1195400	+	1377	EBBPGFGJ_01130	ttuB_1	Putative tartrate transporter	m4C	m4C	4-methylcytosine	3	0.00217865
NC_003197.2	CDS	1200141	1200504	+	363	EBBPGFGJ_01136		hypothetical protein	m4C	m4C	4-methylcytosine	1	0.00275482
NC_003197.2	CDS	1200552	1202439	+	1887	EBBPGFGJ_01137	dsbD_1	Thiol:disulfide interchange protein DsbD	m4C	m4C	4-methylcytosine	7	0.00370959
NC_003197.2	CDS	1202435	1203059	+	624	EBBPGFGJ_01138		hypothetical protein	m4C	m4C	4-methylcytosine	1	0.00160256
NC_003197.2	CDS	1203048	1203555	+	507	EBBPGFGJ_01139	resA	Thiol-disulfide oxidoreductase ResA	m4C	m4C	4-methylcytosine	3	0.00591716
NC_003197.2	CDS	1206191	1206359	+	168	EBBPGFGJ_01143		hypothetical protein	m4C	m4C	4-methylcytosine	1	0.00595238
NC_003197.2	CDS	1206495	1207134	+	639	EBBPGFGJ_01144	rutR	HTH-type transcriptional regulator RutR	m4C	m4C	4-methylcytosine	1	0.00156495
NC_003197.2	CDS	1207584	1211547	-	3963	EBBPGFGJ_01146	putA	Bifunctional protein PutA	m4C	m4C	4-methylcytosine	23	0.00580368
NC_003197.2	CDS	1211968	1213477	+	1509	EBBPGFGJ_01147	putP	Sodium/proline symporter	m4C	m4C	4-methylcytosine	4	0.00265076
NC_003197.2	CDS	1214094	1214391	+	297	EBBPGFGJ_01148		hypothetical protein	m4C	m4C	4-methylcytosine	1	0.00336700
NC_003197.2	CDS	1216429	1217926	-	1497	EBBPGFGJ_01151	sglT	Sodium/glucose cotransporter	m4C	m4C	4-methylcytosine	1	0.00066800
NC_003197.2	CDS	1218262	1218943	-	681	EBBPGFGJ_01152	nanE	Putative N-acetylmannosamine-6-phosphate 2-epimerase	m4C	m4C	4-methylcytosine	1	0.00146843
NC_003197.2	CDS	1219460	1220609	+	1149	EBBPGFGJ_01153	nanM	N-acetylneuraminate epimerase	m4C	m4C	4-methylcytosine	1	0.00087032
NC_003197.2	CDS	1221629	1222910	+	1281	EBBPGFGJ_01155	yjhB_2	Putative metabolite transport protein YjhB	m4C	m4C	4-methylcytosine	2	0.00156128
NC_003197.2	CDS	1225054	1225993	+	939	EBBPGFGJ_01158	ghrA	Glyoxylate/hydroxypyruvate reductase A	m4C	m4C	4-methylcytosine	2	0.00212993
NC_003197.2	CDS	1226076	1226814	+	738	EBBPGFGJ_01159	ycdX	Probable phosphatase YcdX	m4C	m4C	4-methylcytosine	1	0.00135501
NC_003197.2	CDS	1226837	1227392	+	555	EBBPGFGJ_01160	ycdY	Chaperone protein YcdY	m4C	m4C	4-methylcytosine	1	0.00180180
NC_003197.2	CDS	1228013	1228847	-	834	EBBPGFGJ_01162	csgG	Curli production assembly/transport component CsgG	m4C	m4C	4-methylcytosine	1	0.00119904
NC_003197.2	CDS	1229716	1230367	-	651	EBBPGFGJ_01165	csgD	Probable csgAB operon transcriptional regulatory protein	m4C	m4C	4-methylcytosine	2	0.00307220
NC_003197.2	CDS	1233001	1233541	+	540	EBBPGFGJ_01170	ymdB	O-acetyl-ADP-ribose deacetylase	m4C	m4C	4-methylcytosine	2	0.00370370
NC_003197.2	CDS	1233479	1234964	+	1485	EBBPGFGJ_01171	clsC	Cardiolipin synthase C	m4C	m4C	4-methylcytosine	2	0.00134680
NC_003197.2	CDS	1236388	1237942	+	1554	EBBPGFGJ_01173	mdoG	Glucans biosynthesis protein G	m4C	m4C	4-methylcytosine	3	0.00193050
NC_003197.2	CDS	1237934	1240478	+	2544	EBBPGFGJ_01174	mdoH	Glucans biosynthesis glucosyltransferase H	m4C	m4C	4-methylcytosine	7	0.00275157
NC_003197.2	CDS	1241235	1242450	-	1215	EBBPGFGJ_01177	sbnD_2	Staphyloferrin B transporter	m4C	m4C	4-methylcytosine	5	0.00411523
NC_003197.2	CDS	1242604	1243525	-	921	EBBPGFGJ_01178	lpxL	Lipid A biosynthesis lauroyltransferase	m4C	m4C	4-methylcytosine	6	0.00651466
NC_003197.2	CDS	1243744	1244797	+	1053	EBBPGFGJ_01179	yceA	UPF0176 protein YceA	m4C	m4C	4-methylcytosine	1	0.00094967
NC_003197.2	CDS	1244848	1245424	-	576	EBBPGFGJ_01180	yceI_1	Protein YceI	m4C	m4C	4-methylcytosine	3	0.00520833
NC_003197.2	CDS	1245420	1245993	-	573	EBBPGFGJ_01181	yceJ	Cytochrome b561 homolog 2	m4C	m4C	4-methylcytosine	2	0.00349040
NC_003197.2	CDS	1246409	1247528	-	1119	EBBPGFGJ_01183	solA	N-methyl-L-tryptophan oxidase	m4C	m4C	4-methylcytosine	5	0.00446828
NC_003197.2	CDS	1248503	1249550	-	1047	EBBPGFGJ_01186	pyrC	Dihydroorotase	m4C	m4C	4-methylcytosine	6	0.00573066
NC_003197.2	CDS	1251050	1252259	-	1209	EBBPGFGJ_01189	mdtH	Multidrug resistance protein MdtH	m4C	m4C	4-methylcytosine	2	0.00165426
NC_003197.2	CDS	1252495	1253080	+	585	EBBPGFGJ_01190	rimJ	[Ribosomal protein S5]-alanine N-acetyltransferase	m4C	m4C	4-methylcytosine	1	0.00170940
NC_003197.2	CDS	1253115	1253763	+	648	EBBPGFGJ_01191	yceH	UPF0502 protein YceH	m4C	m4C	4-methylcytosine	2	0.00308642
NC_003197.2	CDS	1253764	1254688	+	924	EBBPGFGJ_01192	yceM	Putative oxidoreductase YceM	m4C	m4C	4-methylcytosine	2	0.00216450
NC_003197.2	CDS	1254952	1256527	+	1575	EBBPGFGJ_01193	murJ	Probable lipid II flippase MurJ	m4C	m4C	4-methylcytosine	1	0.00063492
NC_003197.2	CDS	1257035	1257329	-	294	EBBPGFGJ_01195	flgM	Negative regulator of flagellin synthesis	m4C	m4C	4-methylcytosine	1	0.00340136
NC_003197.2	CDS	1258656	1259061	+	405	EBBPGFGJ_01198	flgC	Flagellar basal-body rod protein FlgC	m4C	m4C	4-methylcytosine	2	0.00493827
NC_003197.2	CDS	1259797	1261009	+	1212	EBBPGFGJ_01200	flgE	Flagellar hook protein FlgE	m4C	m4C	4-methylcytosine	2	0.00165017
NC_003197.2	CDS	1261029	1261785	+	756	EBBPGFGJ_01201	flgF	Flagellar basal-body rod protein FlgF	m4C	m4C	4-methylcytosine	5	0.00661376
NC_003197.2	CDS	1263345	1264443	+	1098	EBBPGFGJ_01204	flgI	Flagellar P-ring protein	m4C	m4C	4-methylcytosine	1	0.00091075
NC_003197.2	CDS	1264442	1265393	+	951	EBBPGFGJ_01205	flgJ	Peptidoglycan hydrolase FlgJ	m4C	m4C	4-methylcytosine	1	0.00105152
NC_003197.2	CDS	1265457	1267119	+	1662	EBBPGFGJ_01206	flgK	Flagellar hook-associated protein 1	m4C	m4C	4-methylcytosine	1	0.00060168
NC_003197.2	CDS	1268343	1271547	-	3204	EBBPGFGJ_01208	rne	Ribonuclease E	m4C	m4C	4-methylcytosine	23	0.00717853
NC_003197.2	CDS	1272036	1273080	+	1044	EBBPGFGJ_01209	rluC	Ribosomal large subunit pseudouridine synthase C	m4C	m4C	4-methylcytosine	1	0.00095785
NC_003197.2	CDS	1273217	1273979	+	762	EBBPGFGJ_01210		hypothetical protein	m4C	m4C	4-methylcytosine	1	0.00131234
NC_003197.2	CDS	1275835	1276009	+	174	EBBPGFGJ_01214	rpmF	50S ribosomal protein L32	m4C	m4C	4-methylcytosine	1	0.00574713
NC_003197.2	CDS	1276172	1277222	+	1050	EBBPGFGJ_01215	plsX	Phosphate acyltransferase	m4C	m4C	4-methylcytosine	1	0.00095238
NC_003197.2	CDS	1277301	1278255	+	954	EBBPGFGJ_01216	fabH	3-oxoacyl-[acyl-carrier-protein] synthase 3	m4C	m4C	4-methylcytosine	5	0.00524109
NC_003197.2	CDS	1278270	1279200	+	930	EBBPGFGJ_01217	fabD	Malonyl CoA-acyl carrier protein transacylase	m4C	m4C	4-methylcytosine	1	0.00107527
NC_003197.2	CDS	1280424	1281666	+	1242	EBBPGFGJ_01220	fabF	3-oxoacyl-[acyl-carrier-protein] synthase 2	m4C	m4C	4-methylcytosine	15	0.01207729
NC_003197.2	CDS	1282601	1283624	+	1023	EBBPGFGJ_01222	mltG	Endolytic murein transglycosylase	m4C	m4C	4-methylcytosine	1	0.00097752
NC_003197.2	CDS	1283613	1284255	+	642	EBBPGFGJ_01223	tmk	Thymidylate kinase	m4C	m4C	4-methylcytosine	6	0.00934579
NC_003197.2	CDS	1284251	1285256	+	1005	EBBPGFGJ_01224	holB	DNA polymerase III subunit delta'	m4C	m4C	4-methylcytosine	15	0.01492537
NC_003197.2	CDS	1285266	1286064	+	798	EBBPGFGJ_01225	ycfH	Uncharacterized metal-dependent hydrolase YcfH	m4C	m4C	4-methylcytosine	1	0.00125313
NC_003197.2	CDS	1286358	1287792	+	1434	EBBPGFGJ_01226	ptsG_1	PTS system glucose-specific EIICB component	m4C	m4C	4-methylcytosine	4	0.00278940
NC_003197.2	CDS	1287876	1290051	-	2175	EBBPGFGJ_01227	fhuE	FhuE receptor	m4C	m4C	4-methylcytosine	8	0.00367816
NC_003197.2	CDS	1290374	1290752	+	378	EBBPGFGJ_01228	hinT	Purine nucleoside phosphoramidase	m4C	m4C	4-methylcytosine	1	0.00264550
NC_003197.2	CDS	1290754	1291129	+	375	EBBPGFGJ_01229		hypothetical protein	m4C	m4C	4-methylcytosine	1	0.00266667
NC_003197.2	CDS	1291142	1291781	+	639	EBBPGFGJ_01230	lpoB	Penicillin-binding protein activator LpoB	m4C	m4C	4-methylcytosine	2	0.00312989
NC_003197.2	CDS	1292596	1293622	+	1026	EBBPGFGJ_01232	nagZ	Beta-hexosaminidase	m4C	m4C	4-methylcytosine	3	0.00292398
NC_003197.2	CDS	1293646	1294189	+	543	EBBPGFGJ_01233	ycfP	UPF0227 protein YcfP	m4C	m4C	4-methylcytosine	4	0.00736648
NC_003197.2	CDS	1294443	1295748	+	1305	EBBPGFGJ_01234	ndh	NADH dehydrogenase	m4C	m4C	4-methylcytosine	1	0.00076628
NC_003197.2	CDS	1296540	1297176	-	636	EBBPGFGJ_01236	comR	HTH-type transcriptional repressor ComR	m4C	m4C	4-methylcytosine	1	0.00157233
NC_003197.2	CDS	1297771	1298737	-	966	EBBPGFGJ_01238	ycfS	Probable L%2CD-transpeptidase YcfS	m4C	m4C	4-methylcytosine	1	0.00103520
NC_003197.2	CDS	1298884	1302331	-	3447	EBBPGFGJ_01239	mfd	Transcription-repair-coupling factor	m4C	m4C	4-methylcytosine	10	0.00290107
NC_003197.2	CDS	1302668	1303868	+	1200	EBBPGFGJ_01240	lolC	Lipoprotein-releasing system transmembrane protein LolC	m4C	m4C	4-methylcytosine	2	0.00166667
NC_003197.2	CDS	1303860	1304562	+	702	EBBPGFGJ_01241	lolD_2	Lipoprotein-releasing system ATP-binding protein LolD	m4C	m4C	4-methylcytosine	2	0.00284900
NC_003197.2	CDS	1304561	1305806	+	1245	EBBPGFGJ_01242	lolE	Lipoprotein-releasing system transmembrane protein LolE	m4C	m4C	4-methylcytosine	1	0.00080321
NC_003197.2	CDS	1305834	1306746	+	912	EBBPGFGJ_01243	nagK_1	N-acetyl-D-glucosamine kinase	m4C	m4C	4-methylcytosine	3	0.00328947
NC_003197.2	CDS	1306764	1307586	+	822	EBBPGFGJ_01244	cobB	NAD-dependent protein deacylase	m4C	m4C	4-methylcytosine	2	0.00243309
NC_003197.2	CDS	1307667	1308714	-	1047	EBBPGFGJ_01245	potD	Spermidine/putrescine-binding periplasmic protein	m4C	m4C	4-methylcytosine	1	0.00095511
NC_003197.2	CDS	1309833	1310844	-	1011	EBBPGFGJ_01247	sifA	Secreted effector protein SifA	m4C	m4C	4-methylcytosine	4	0.00395648
NC_003197.2	CDS	1311172	1312036	-	864	EBBPGFGJ_01248	potB	Spermidine/putrescine transport system permease protein PotB	m4C	m4C	4-methylcytosine	2	0.00231481
NC_003197.2	CDS	1312019	1313156	-	1137	EBBPGFGJ_01249	potA_2	Spermidine/putrescine import ATP-binding protein PotA	m4C	m4C	4-methylcytosine	4	0.00351803
NC_003197.2	CDS	1314639	1315974	+	1335	EBBPGFGJ_01251		hypothetical protein	m4C	m4C	4-methylcytosine	1	0.00074906
NC_003197.2	CDS	1316013	1317135	-	1122	EBBPGFGJ_01252	roxA	50S ribosomal protein L16 3-hydroxylase	m4C	m4C	4-methylcytosine	15	0.01336898
NC_003197.2	CDS	1317215	1318679	-	1464	EBBPGFGJ_01253	phoQ	Virulence sensor histidine kinase PhoQ	m4C	m4C	4-methylcytosine	2	0.00136612
NC_003197.2	CDS	1320850	1321492	-	642	EBBPGFGJ_01256	hflD	High frequency lysogenization protein HflD	m4C	m4C	4-methylcytosine	4	0.00623053
NC_003197.2	CDS	1323537	1324275	-	738	EBBPGFGJ_01260	rluE	Ribosomal large subunit pseudouridine synthase E	m4C	m4C	4-methylcytosine	1	0.00135501
NC_003197.2	CDS	1329455	1329695	-	240	EBBPGFGJ_01265		hypothetical protein	m4C	m4C	4-methylcytosine	1	0.00416667
NC_003197.2	CDS	1329885	1330407	-	522	EBBPGFGJ_01266		hypothetical protein	m4C	m4C	4-methylcytosine	1	0.00191571
NC_003197.2	CDS	1336311	1337355	+	1044	EBBPGFGJ_01273		hypothetical protein	m4C	m4C	4-methylcytosine	1	0.00095785
NC_003197.2	CDS	1337437	1337968	-	531	EBBPGFGJ_01274	yodB	Cytochrome b561 homolog 1	m4C	m4C	4-methylcytosine	1	0.00188324
NC_003197.2	CDS	1339160	1340747	+	1587	EBBPGFGJ_01276		hypothetical protein	m4C	m4C	4-methylcytosine	9	0.00567108
NC_003197.2	CDS	1340746	1341721	+	975	EBBPGFGJ_01277	dppB_1	Dipeptide transport system permease protein DppB	m4C	m4C	4-methylcytosine	2	0.00205128
NC_003197.2	CDS	1342516	1343314	+	798	EBBPGFGJ_01279	btuD_2	Vitamin B12 import ATP-binding protein BtuD	m4C	m4C	4-methylcytosine	1	0.00125313
NC_003197.2	CDS	1343307	1343898	+	591	EBBPGFGJ_01280	oppF_1	Oligopeptide transport ATP-binding protein OppF	m4C	m4C	4-methylcytosine	4	0.00676819
NC_003197.2	CDS	1343979	1345113	-	1134	EBBPGFGJ_01281		hypothetical protein	m4C	m4C	4-methylcytosine	1	0.00088183
NC_003197.2	CDS	1345826	1346477	+	651	EBBPGFGJ_01284	zinT	Metal-binding protein ZinT	m4C	m4C	4-methylcytosine	2	0.00307220
NC_003197.2	CDS	1346585	1347374	+	789	EBBPGFGJ_01285	ant1	Streptomycin 3''-adenylyltransferase	m4C	m4C	4-methylcytosine	1	0.00126743
NC_003197.2	CDS	1347518	1348112	+	594	EBBPGFGJ_01286		hypothetical protein	m4C	m4C	4-methylcytosine	1	0.00168350
NC_003197.2	CDS	1349283	1349532	-	249	EBBPGFGJ_01288		hypothetical protein	m4C	m4C	4-methylcytosine	1	0.00401606
NC_003197.2	CDS	1350584	1351223	+	639	EBBPGFGJ_01290	leuE	Leucine efflux protein	m4C	m4C	4-methylcytosine	1	0.00156495
NC_003197.2	CDS	1351395	1351758	+	363	EBBPGFGJ_01291	yeaR_1	Uncharacterized protein YeaR	m4C	m4C	4-methylcytosine	1	0.00275482
NC_003197.2	CDS	1351760	1351943	+	183	EBBPGFGJ_01292	yoaG	Protein YoaG	m4C	m4C	4-methylcytosine	1	0.00546448
NC_003197.2	CDS	1354129	1354441	+	312	EBBPGFGJ_01296		hypothetical protein	m4C	m4C	4-methylcytosine	1	0.00320513
NC_003197.2	CDS	1354426	1354774	-	348	EBBPGFGJ_01297		hypothetical protein	m4C	m4C	4-methylcytosine	3	0.00862069
NC_003197.2	CDS	1354892	1356077	-	1185	EBBPGFGJ_01298	nimT	2-nitroimidazole transporter	m4C	m4C	4-methylcytosine	9	0.00759494
NC_003197.2	CDS	1356177	1356972	+	795	EBBPGFGJ_01299	nimR	HTH-type transcriptional regulator NimR	m4C	m4C	4-methylcytosine	2	0.00251572
NC_003197.2	CDS	1357707	1358235	-	528	EBBPGFGJ_01302		hypothetical protein	m4C	m4C	4-methylcytosine	1	0.00189394
NC_003197.2	CDS	1358275	1359769	-	1494	EBBPGFGJ_01303	dgcJ	Probable diguanylate cyclase DgcJ	m4C	m4C	4-methylcytosine	2	0.00133869
NC_003197.2	CDS	1360409	1361696	-	1287	EBBPGFGJ_01304	yhbH	Stress response UPF0229 protein YhbH	m4C	m4C	4-methylcytosine	2	0.00155400
NC_003197.2	CDS	1361818	1363753	-	1935	EBBPGFGJ_01305		hypothetical protein	m4C	m4C	4-methylcytosine	7	0.00361757
NC_003197.2	CDS	1364179	1364926	+	747	EBBPGFGJ_01306	mipA	MltA-interacting protein	m4C	m4C	4-methylcytosine	1	0.00133869
NC_003197.2	CDS	1365215	1366412	+	1197	EBBPGFGJ_01307	chuR_2	Anaerobic sulfatase-maturating enzyme	m4C	m4C	4-methylcytosine	1	0.00083542
NC_003197.2	CDS	1366517	1367366	+	849	EBBPGFGJ_01308		Uncharacterized oxidoreductase Rv2298	m4C	m4C	4-methylcytosine	2	0.00235571
NC_003197.2	CDS	1367464	1368349	-	885	EBBPGFGJ_01309	yeaD	Putative glucose-6-phosphate 1-epimerase	m4C	m4C	4-methylcytosine	7	0.00790960
NC_003197.2	CDS	1368683	1369679	-	996	EBBPGFGJ_01310	gapA	Glyceraldehyde-3-phosphate dehydrogenase A	m4C	m4C	4-methylcytosine	2	0.00200803
NC_003197.2	CDS	1370020	1370434	+	414	EBBPGFGJ_01311	msrB	Peptide methionine sulfoxide reductase MsrB	m4C	m4C	4-methylcytosine	1	0.00241546
NC_003197.2	CDS	1371105	1371762	-	657	EBBPGFGJ_01313	pncA	Nicotinamidase	m4C	m4C	4-methylcytosine	9	0.01369863
NC_003197.2	CDS	1371788	1372877	-	1089	EBBPGFGJ_01314	ansA	L-asparaginase 1	m4C	m4C	4-methylcytosine	2	0.00183655
NC_003197.2	CDS	1372900	1374757	-	1857	EBBPGFGJ_01315	sppA	Protease 4	m4C	m4C	4-methylcytosine	11	0.00592353
NC_003197.2	CDS	1374930	1375482	+	552	EBBPGFGJ_01316	ydjA	Putative NAD(P)H nitroreductase YdjA	m4C	m4C	4-methylcytosine	2	0.00362319
NC_003197.2	CDS	1376647	1378597	+	1950	EBBPGFGJ_01318	topB	DNA topoisomerase 3	m4C	m4C	4-methylcytosine	12	0.00615385
NC_003197.2	CDS	1378626	1379970	-	1344	EBBPGFGJ_01319	gdhA_1	NADP-specific glutamate dehydrogenase	m4C	m4C	4-methylcytosine	3	0.00223214
NC_003197.2	CDS	1380208	1380484	+	276	EBBPGFGJ_01320		hypothetical protein	m4C	m4C	4-methylcytosine	1	0.00362319
NC_003197.2	CDS	1380443	1380860	-	417	EBBPGFGJ_01321	nudG	CTP pyrophosphohydrolase	m4C	m4C	4-methylcytosine	1	0.00239808
NC_003197.2	CDS	1382184	1383411	+	1227	EBBPGFGJ_01323	astC	Succinylornithine transaminase	m4C	m4C	4-methylcytosine	4	0.00325998
NC_003197.2	CDS	1383401	1384436	+	1035	EBBPGFGJ_01324	astA	Arginine N-succinyltransferase	m4C	m4C	4-methylcytosine	9	0.00869565
NC_003197.2	CDS	1384432	1385911	+	1479	EBBPGFGJ_01325	astD	N-succinylglutamate 5-semialdehyde dehydrogenase	m4C	m4C	4-methylcytosine	6	0.00405680
NC_003197.2	CDS	1385907	1387251	+	1344	EBBPGFGJ_01326	astB	N-succinylarginine dihydrolase	m4C	m4C	4-methylcytosine	3	0.00223214
NC_003197.2	CDS	1387243	1388212	+	969	EBBPGFGJ_01327	astE	Succinylglutamate desuccinylase	m4C	m4C	4-methylcytosine	2	0.00206398
NC_003197.2	CDS	1388547	1389033	+	486	EBBPGFGJ_01329	spy	Periplasmic chaperone Spy	m4C	m4C	4-methylcytosine	2	0.00411523
NC_003197.2	CDS	1389107	1389989	-	882	EBBPGFGJ_01330	cho	Excinuclease cho	m4C	m4C	4-methylcytosine	5	0.00566893
NC_003197.2	CDS	1390109	1390937	-	828	EBBPGFGJ_01331	nadE	NH(3)-dependent NAD(+) synthetase	m4C	m4C	4-methylcytosine	1	0.00120773
NC_003197.2	CDS	1391797	1392118	+	321	EBBPGFGJ_01333	chbB	PTS system N%2CN'-diacetylchitobiose-specific EIIB component	m4C	m4C	4-methylcytosine	1	0.00311526
NC_003197.2	CDS	1393970	1394810	+	840	EBBPGFGJ_01336	chbR	HTH-type transcriptional regulator ChbR	m4C	m4C	4-methylcytosine	1	0.00119048
NC_003197.2	CDS	1394934	1396290	+	1356	EBBPGFGJ_01337	chbF	6-phospho-beta-glucosidase	m4C	m4C	4-methylcytosine	1	0.00073746
NC_003197.2	CDS	1396302	1397061	+	759	EBBPGFGJ_01338	chbG	Chitooligosaccharide deacetylase ChbG	m4C	m4C	4-methylcytosine	1	0.00131752
NC_003197.2	CDS	1397104	1399357	-	2253	EBBPGFGJ_01339	katE	Catalase HPII	m4C	m4C	4-methylcytosine	8	0.00355082
NC_003197.2	CDS	1400065	1401457	-	1392	EBBPGFGJ_01341	tcyP_1	L-cystine uptake protein TcyP	m4C	m4C	4-methylcytosine	5	0.00359195
NC_003197.2	CDS	1403147	1403684	+	537	EBBPGFGJ_01344		hypothetical protein	m4C	m4C	4-methylcytosine	1	0.00186220
NC_003197.2	CDS	1403726	1404587	-	861	EBBPGFGJ_01345		Probable ketoamine kinase HMPREF0351_12196	m4C	m4C	4-methylcytosine	7	0.00813008
NC_003197.2	CDS	1405080	1406013	-	933	EBBPGFGJ_01347	pfkB	ATP-dependent 6-phosphofructokinase isozyme 2	m4C	m4C	4-methylcytosine	12	0.01286174
NC_003197.2	CDS	1408521	1409376	+	855	EBBPGFGJ_01351	nucA	Nuclease	m4C	m4C	4-methylcytosine	2	0.00233918
NC_003197.2	CDS	1412192	1414121	+	1929	EBBPGFGJ_01354	thrS	Threonine--tRNA ligase	m4C	m4C	4-methylcytosine	4	0.00207361
NC_003197.2	CDS	1414232	1414667	+	435	EBBPGFGJ_01355	infC	Translation initiation factor IF-3	m4C	m4C	4-methylcytosine	1	0.00229885
NC_003197.2	CDS	1414762	1414960	+	198	EBBPGFGJ_01356	rpmI	50S ribosomal protein L35	m4C	m4C	4-methylcytosine	1	0.00505051
NC_003197.2	CDS	1415668	1416652	+	984	EBBPGFGJ_01358	pheS	Phenylalanine--tRNA ligase alpha subunit	m4C	m4C	4-methylcytosine	1	0.00101626
NC_003197.2	CDS	1416667	1419055	+	2388	EBBPGFGJ_01359	pheT	Phenylalanine--tRNA ligase beta subunit	m4C	m4C	4-methylcytosine	11	0.00460637
NC_003197.2	CDS	1419561	1420542	+	981	EBBPGFGJ_01361	btuC	Vitamin B12 import system permease protein BtuC	m4C	m4C	4-methylcytosine	1	0.00101937
NC_003197.2	CDS	1421184	1421934	+	750	EBBPGFGJ_01363	btuD_3	Vitamin B12 import ATP-binding protein BtuD	m4C	m4C	4-methylcytosine	1	0.00133333
NC_003197.2	CDS	1423563	1425006	+	1443	EBBPGFGJ_01366	selO	Protein adenylyltransferase SelO	m4C	m4C	4-methylcytosine	3	0.00207900
NC_003197.2	CDS	1425388	1426435	-	1047	EBBPGFGJ_01368	aroH	Phospho-2-dehydro-3-deoxyheptonate aldolase%2C Trp-sensitive	m4C	m4C	4-methylcytosine	1	0.00095511
NC_003197.2	CDS	1426590	1427424	-	834	EBBPGFGJ_01369	ppsR	Phosphoenolpyruvate synthase regulatory protein	m4C	m4C	4-methylcytosine	3	0.00359712
NC_003197.2	CDS	1427760	1430139	+	2379	EBBPGFGJ_01370	ppsA	Phosphoenolpyruvate synthase	m4C	m4C	4-methylcytosine	6	0.00252207
NC_003197.2	CDS	1430180	1431821	-	1641	EBBPGFGJ_01371	fadK	Medium-chain fatty-acid--CoA ligase	m4C	m4C	4-methylcytosine	1	0.00060938
NC_003197.2	CDS	1431910	1432204	-	294	EBBPGFGJ_01372	fixX_2	Ferredoxin-like protein FixX	m4C	m4C	4-methylcytosine	1	0.00340136
NC_003197.2	CDS	1432200	1433487	-	1287	EBBPGFGJ_01373	dadA_2	D-amino acid dehydrogenase	m4C	m4C	4-methylcytosine	4	0.00310800
NC_003197.2	CDS	1433543	1434479	-	936	EBBPGFGJ_01374	fixB_2	Protein FixB	m4C	m4C	4-methylcytosine	3	0.00320513
NC_003197.2	CDS	1434500	1435265	-	765	EBBPGFGJ_01375	fixA_2	Protein FixA	m4C	m4C	4-methylcytosine	2	0.00261438
NC_003197.2	CDS	1435727	1436618	+	891	EBBPGFGJ_01376	rhaS_1	HTH-type transcriptional activator RhaS	m4C	m4C	4-methylcytosine	1	0.00112233
NC_003197.2	CDS	1436693	1437845	-	1152	EBBPGFGJ_01377	caiA_2	Crotonobetainyl-CoA reductase	m4C	m4C	4-methylcytosine	1	0.00086806
NC_003197.2	CDS	1437858	1439454	-	1596	EBBPGFGJ_01378	ydiF	Acetate CoA-transferase YdiF	m4C	m4C	4-methylcytosine	3	0.00187970
NC_003197.2	CDS	1439607	1440366	-	759	EBBPGFGJ_01379	aroD	3-dehydroquinate dehydratase	m4C	m4C	4-methylcytosine	2	0.00263505
NC_003197.2	CDS	1440410	1441277	-	867	EBBPGFGJ_01380	ydiB	Quinate/shikimate dehydrogenase	m4C	m4C	4-methylcytosine	2	0.00230681
NC_003197.2	CDS	1442942	1444154	-	1212	EBBPGFGJ_01382	ydiM	Inner membrane transport protein YdiM	m4C	m4C	4-methylcytosine	1	0.00082508
NC_003197.2	CDS	1445111	1446230	-	1119	EBBPGFGJ_01384	ydiK	Putative transport protein YdiK	m4C	m4C	4-methylcytosine	2	0.00178731
NC_003197.2	CDS	1446494	1449551	+	3057	EBBPGFGJ_01385		Uncharacterized protein HI_1163	m4C	m4C	4-methylcytosine	4	0.00130847
NC_003197.2	CDS	1450532	1451879	-	1347	EBBPGFGJ_01388	tcyP_2	L-cystine uptake protein TcyP	m4C	m4C	4-methylcytosine	1	0.00074239
NC_003197.2	CDS	1452305	1452674	+	369	EBBPGFGJ_01389	sufA	Protein SufA	m4C	m4C	4-methylcytosine	3	0.00813008
NC_003197.2	CDS	1452682	1454170	+	1488	EBBPGFGJ_01390	sufB	FeS cluster assembly protein SufB	m4C	m4C	4-methylcytosine	1	0.00067204
NC_003197.2	CDS	1454186	1454933	+	747	EBBPGFGJ_01391	sufC	Probable ATP-dependent transporter SufC	m4C	m4C	4-methylcytosine	2	0.00267738
NC_003197.2	CDS	1454907	1456179	+	1272	EBBPGFGJ_01392	sufD	FeS cluster assembly protein SufD	m4C	m4C	4-methylcytosine	3	0.00235849
NC_003197.2	CDS	1456175	1457396	+	1221	EBBPGFGJ_01393	sufS	Cysteine desulfurase	m4C	m4C	4-methylcytosine	2	0.00163800
NC_003197.2	CDS	1457408	1457825	+	417	EBBPGFGJ_01394	sufE	Cysteine desulfuration protein SufE	m4C	m4C	4-methylcytosine	1	0.00239808
NC_003197.2	CDS	1457979	1458981	+	1002	EBBPGFGJ_01395	ynhG	Probable L%2CD-transpeptidase YnhG	m4C	m4C	4-methylcytosine	8	0.00798403
NC_003197.2	CDS	1459916	1461329	-	1413	EBBPGFGJ_01398	pykF	Pyruvate kinase I	m4C	m4C	4-methylcytosine	2	0.00141543
NC_003197.2	CDS	1461730	1463074	-	1344	EBBPGFGJ_01399	puuP	Putrescine importer PuuP	m4C	m4C	4-methylcytosine	6	0.00446429
NC_003197.2	CDS	1463095	1463989	-	894	EBBPGFGJ_01400	laaA	L-amino acid amidase	m4C	m4C	4-methylcytosine	4	0.00447427
NC_003197.2	CDS	1464796	1466023	-	1227	EBBPGFGJ_01402	RBKS_1	Ribokinase	m4C	m4C	4-methylcytosine	2	0.00162999
NC_003197.2	CDS	1466345	1469408	-	3063	EBBPGFGJ_01403	ttrA	Tetrathionate reductase subunit A	m4C	m4C	4-methylcytosine	10	0.00326477
NC_003197.2	CDS	1469400	1470423	-	1023	EBBPGFGJ_01404	ttrC	Tetrathionate reductase subunit C	m4C	m4C	4-methylcytosine	1	0.00097752
NC_003197.2	CDS	1470423	1471158	-	735	EBBPGFGJ_01405	ttrB	Tetrathionate reductase subunit B	m4C	m4C	4-methylcytosine	2	0.00272109
NC_003197.2	CDS	1471339	1473118	+	1779	EBBPGFGJ_01406	ttrS	Tetrathionate sensor histidine kinase TtrS	m4C	m4C	4-methylcytosine	2	0.00112423
NC_003197.2	CDS	1473092	1473713	+	621	EBBPGFGJ_01407	ttrR	Tetrathionate response regulatory protein TtrR	m4C	m4C	4-methylcytosine	1	0.00161031
NC_003197.2	CDS	1475250	1475979	-	729	EBBPGFGJ_01410	mlrA_1	HTH-type transcriptional regulator MlrA	m4C	m4C	4-methylcytosine	1	0.00137174
NC_003197.2	CDS	1476157	1476796	-	639	EBBPGFGJ_01411	nreC	Oxygen regulatory protein NreC	m4C	m4C	4-methylcytosine	1	0.00156495
NC_003197.2	CDS	1476826	1479589	-	2763	EBBPGFGJ_01412	rcsC_1	Sensor histidine kinase RcsC	m4C	m4C	4-methylcytosine	3	0.00108578
NC_003197.2	CDS	1480392	1481886	+	1494	EBBPGFGJ_01414	sctC_1	Type 3 secretion system secretin	m4C	m4C	4-methylcytosine	2	0.00133869
NC_003197.2	CDS	1483594	1483918	+	324	EBBPGFGJ_01417	sseA_1	Type III secretion system chaperone SseA	m4C	m4C	4-methylcytosine	1	0.00308642
NC_003197.2	CDS	1487965	1488748	+	783	EBBPGFGJ_01424		hypothetical protein	m4C	m4C	4-methylcytosine	1	0.00127714
NC_003197.2	CDS	1488744	1489434	+	690	EBBPGFGJ_01425		hypothetical protein	m4C	m4C	4-methylcytosine	1	0.00144928
NC_003197.2	CDS	1490267	1491017	+	750	EBBPGFGJ_01429	yscJ	Yop proteins translocation lipoprotein J	m4C	m4C	4-methylcytosine	1	0.00133333
NC_003197.2	CDS	1491579	1492254	+	675	EBBPGFGJ_01431		hypothetical protein	m4C	m4C	4-methylcytosine	2	0.00296296
NC_003197.2	CDS	1493646	1495692	+	2046	EBBPGFGJ_01434	ssaV	Secretion system apparatus protein SsaV	m4C	m4C	4-methylcytosine	2	0.00097752
NC_003197.2	CDS	1495681	1496983	+	1302	EBBPGFGJ_01435	ssaN	Probable secretion system apparatus ATP synthase SsaN	m4C	m4C	4-methylcytosine	1	0.00076805
NC_003197.2	CDS	1498734	1499382	+	648	EBBPGFGJ_01439	spaP_1	Surface presentation of antigens protein SpaP	m4C	m4C	4-methylcytosine	1	0.00154321
NC_003197.2	CDS	1500421	1501480	+	1059	EBBPGFGJ_01442	yscU	Yop proteins translocation protein U	m4C	m4C	4-methylcytosine	1	0.00094429
NC_003197.2	CDS	1501952	1503326	-	1374	EBBPGFGJ_01445	mdtK	Multidrug resistance protein MdtK	m4C	m4C	4-methylcytosine	2	0.00145560
NC_003197.2	CDS	1503542	1504184	+	642	EBBPGFGJ_01446	ribC	Riboflavin synthase	m4C	m4C	4-methylcytosine	1	0.00155763
NC_003197.2	CDS	1504225	1505374	-	1149	EBBPGFGJ_01447	cfa	Cyclopropane-fatty-acyl-phospholipid synthase	m4C	m4C	4-methylcytosine	3	0.00261097
NC_003197.2	CDS	1505663	1506869	-	1206	EBBPGFGJ_01448	ydhC	Inner membrane transport protein YdhC	m4C	m4C	4-methylcytosine	3	0.00248756
NC_003197.2	CDS	1506981	1507914	+	933	EBBPGFGJ_01449	yahB	Uncharacterized HTH-type transcriptional regulator YahB	m4C	m4C	4-methylcytosine	2	0.00214362
NC_003197.2	CDS	1507910	1508936	-	1026	EBBPGFGJ_01450	purR	HTH-type transcriptional repressor PurR	m4C	m4C	4-methylcytosine	3	0.00292398
NC_003197.2	CDS	1509403	1509985	-	582	EBBPGFGJ_01452	sodB	Superoxide dismutase [Fe]	m4C	m4C	4-methylcytosine	1	0.00171821
NC_003197.2	CDS	1510111	1510933	-	822	EBBPGFGJ_01453	mepH	Murein DD-endopeptidase MepH	m4C	m4C	4-methylcytosine	1	0.00121655
NC_003197.2	CDS	1511692	1512340	-	648	EBBPGFGJ_01455	rnt	Ribonuclease T	m4C	m4C	4-methylcytosine	1	0.00154321
NC_003197.2	CDS	1512916	1514014	-	1098	EBBPGFGJ_01457	nemA	N-ethylmaleimide reductase	m4C	m4C	4-methylcytosine	14	0.01275046
NC_003197.2	CDS	1514072	1514672	-	600	EBBPGFGJ_01458	nemR	HTH-type transcriptional repressor NemR	m4C	m4C	4-methylcytosine	1	0.00166667
NC_003197.2	CDS	1515064	1515961	+	897	EBBPGFGJ_01460	ydhF	Oxidoreductase YdhF	m4C	m4C	4-methylcytosine	2	0.00222965
NC_003197.2	CDS	1516040	1516562	+	522	EBBPGFGJ_01461	sodC	Superoxide dismutase [Cu-Zn]	m4C	m4C	4-methylcytosine	2	0.00383142
NC_003197.2	CDS	1516537	1518577	-	2040	EBBPGFGJ_01462	aaeB_1	p-hydroxybenzoic acid efflux pump subunit AaeB	m4C	m4C	4-methylcytosine	6	0.00294118
NC_003197.2	CDS	1518576	1519437	-	861	EBBPGFGJ_01463	aaeA_1	p-hydroxybenzoic acid efflux pump subunit AaeA	m4C	m4C	4-methylcytosine	1	0.00116144
NC_003197.2	CDS	1520358	1520826	-	468	EBBPGFGJ_01466	slyB	Outer membrane lipoprotein SlyB	m4C	m4C	4-methylcytosine	1	0.00213675
NC_003197.2	CDS	1521097	1522219	+	1122	EBBPGFGJ_01467	anmK	Anhydro-N-acetylmuramic acid kinase	m4C	m4C	4-methylcytosine	1	0.00089127
NC_003197.2	CDS	1522273	1522636	+	363	EBBPGFGJ_01468	mliC	Membrane-bound lysozyme inhibitor of C-type lysozyme	m4C	m4C	4-methylcytosine	1	0.00275482
NC_003197.2	CDS	1522694	1523351	+	657	EBBPGFGJ_01469	pdxH	Pyridoxine/pyridoxamine 5'-phosphate oxidase	m4C	m4C	4-methylcytosine	6	0.00913242
NC_003197.2	CDS	1524811	1525672	+	861	EBBPGFGJ_01471	pdxY	Pyridoxal kinase PdxY	m4C	m4C	4-methylcytosine	3	0.00348432
NC_003197.2	CDS	1525730	1526336	-	606	EBBPGFGJ_01472	gstA	Glutathione S-transferase GstA	m4C	m4C	4-methylcytosine	2	0.00330033
NC_003197.2	CDS	1528547	1529183	-	636	EBBPGFGJ_01474	nth	Endonuclease III	m4C	m4C	4-methylcytosine	1	0.00157233
NC_003197.2	CDS	1530501	1531560	-	1059	EBBPGFGJ_01477	rsxD	Ion-translocating oxidoreductase complex subunit D	m4C	m4C	4-methylcytosine	4	0.00377715
NC_003197.2	CDS	1531560	1533768	-	2208	EBBPGFGJ_01478	rsxC_1	Ion-translocating oxidoreductase complex subunit C	m4C	m4C	4-methylcytosine	41	0.01856884
NC_003197.2	CDS	1533760	1534339	-	579	EBBPGFGJ_01479	rsxB_2	Ion-translocating oxidoreductase complex subunit B	m4C	m4C	4-methylcytosine	3	0.00518135
NC_003197.2	CDS	1536371	1537412	+	1041	EBBPGFGJ_01483	ydgJ	Uncharacterized oxidoreductase YdgJ	m4C	m4C	4-methylcytosine	3	0.00288184
NC_003197.2	CDS	1537486	1538488	-	1002	EBBPGFGJ_01484	add	Adenosine deaminase	m4C	m4C	4-methylcytosine	4	0.00399202
NC_003197.2	CDS	1539191	1540700	-	1509	EBBPGFGJ_01485	ydgA	Protein YdgA	m4C	m4C	4-methylcytosine	8	0.00530152
NC_003197.2	CDS	1540802	1541978	-	1176	EBBPGFGJ_01486	manA	Mannose-6-phosphate isomerase	m4C	m4C	4-methylcytosine	1	0.00085034
NC_003197.2	CDS	1542177	1543824	+	1647	EBBPGFGJ_01487	fumA	Fumarate hydratase class I%2C aerobic	m4C	m4C	4-methylcytosine	1	0.00060716
NC_003197.2	CDS	1543991	1545395	+	1404	EBBPGFGJ_01488	fumC	Fumarate hydratase class II	m4C	m4C	4-methylcytosine	4	0.00284900
NC_003197.2	CDS	1545391	1546321	-	930	EBBPGFGJ_01489	tus	DNA replication terminus site-binding protein	m4C	m4C	4-methylcytosine	4	0.00430108
NC_003197.2	CDS	1546396	1547698	-	1302	EBBPGFGJ_01490	rstB	Sensor protein RstB	m4C	m4C	4-methylcytosine	1	0.00076805
NC_003197.2	CDS	1547808	1549509	-	1701	EBBPGFGJ_01491	nfdA	N-substituted formamide deformylase	m4C	m4C	4-methylcytosine	3	0.00176367
NC_003197.2	CDS	1549667	1550801	-	1134	EBBPGFGJ_01492	ompN_1	Outer membrane porin N	m4C	m4C	4-methylcytosine	1	0.00088183
NC_003197.2	CDS	1552535	1553918	-	1383	EBBPGFGJ_01495	ydgI	Putative arginine/ornithine antiporter	m4C	m4C	4-methylcytosine	1	0.00072307
NC_003197.2	CDS	1554216	1555161	-	945	EBBPGFGJ_01496	ydgH	Protein YdgH	m4C	m4C	4-methylcytosine	3	0.00317460
NC_003197.2	CDS	1555687	1557217	+	1530	EBBPGFGJ_01497	pntA	NAD(P) transhydrogenase subunit alpha	m4C	m4C	4-methylcytosine	13	0.00849673
NC_003197.2	CDS	1557227	1558616	+	1389	EBBPGFGJ_01498	pntB	NAD(P) transhydrogenase subunit beta	m4C	m4C	4-methylcytosine	1	0.00071994
NC_003197.2	CDS	1558790	1559825	-	1035	EBBPGFGJ_01499	tqsA	AI-2 transport protein TqsA	m4C	m4C	4-methylcytosine	1	0.00096618
NC_003197.2	CDS	1560242	1560605	+	363	EBBPGFGJ_01500	mdtJ	Spermidine export protein MdtJ	m4C	m4C	4-methylcytosine	1	0.00275482
NC_003197.2	CDS	1560960	1561782	-	822	EBBPGFGJ_01502		hypothetical protein	m4C	m4C	4-methylcytosine	4	0.00486618
NC_003197.2	CDS	1562050	1562299	-	249	EBBPGFGJ_01503	asr	Acid shock protein	m4C	m4C	4-methylcytosine	1	0.00401606
NC_003197.2	CDS	1562693	1563947	-	1254	EBBPGFGJ_01504	ynfM_2	Inner membrane transport protein YnfM	m4C	m4C	4-methylcytosine	1	0.00079745
NC_003197.2	CDS	1564066	1564966	+	900	EBBPGFGJ_01505	benM_1	HTH-type transcriptional regulator BenM	m4C	m4C	4-methylcytosine	3	0.00333333
NC_003197.2	CDS	1566439	1567135	+	696	EBBPGFGJ_01507	bioD1_2	ATP-dependent dethiobiotin synthetase BioD 1	m4C	m4C	4-methylcytosine	1	0.00143678
NC_003197.2	CDS	1567090	1568344	-	1254	EBBPGFGJ_01508	clcB	Voltage-gated ClC-type chloride channel ClcB	m4C	m4C	4-methylcytosine	2	0.00159490
NC_003197.2	CDS	1568515	1569664	-	1149	EBBPGFGJ_01509	osmV	Osmoprotectant import ATP-binding protein OsmV	m4C	m4C	4-methylcytosine	6	0.00522193
NC_003197.2	CDS	1569663	1570311	-	648	EBBPGFGJ_01510	osmW	Osmoprotectant import permease protein OsmW	m4C	m4C	4-methylcytosine	1	0.00154321
NC_003197.2	CDS	1570320	1571223	-	903	EBBPGFGJ_01511	osmX	Osmoprotectant-binding protein OsmX	m4C	m4C	4-methylcytosine	2	0.00221484
NC_003197.2	CDS	1572923	1573781	-	858	EBBPGFGJ_01514	dmsC_2	Anaerobic dimethyl sulfoxide reductase chain C	m4C	m4C	4-methylcytosine	7	0.00815851
NC_003197.2	CDS	1573782	1574400	-	618	EBBPGFGJ_01515	dmsB_2	Anaerobic dimethyl sulfoxide reductase chain B	m4C	m4C	4-methylcytosine	1	0.00161812
NC_003197.2	CDS	1574410	1576846	-	2436	EBBPGFGJ_01516	ynfF	Probable dimethyl sulfoxide reductase chain YnfF	m4C	m4C	4-methylcytosine	8	0.00328407
NC_003197.2	CDS	1576944	1579383	-	2439	EBBPGFGJ_01517	ynfE_2	Putative dimethyl sulfoxide reductase chain YnfE	m4C	m4C	4-methylcytosine	3	0.00123001
NC_003197.2	CDS	1579539	1579845	-	306	EBBPGFGJ_01518	ynfD	Uncharacterized protein YnfD	m4C	m4C	4-methylcytosine	1	0.00326797
NC_003197.2	CDS	1579942	1580662	+	720	EBBPGFGJ_01519		hypothetical protein	m4C	m4C	4-methylcytosine	1	0.00138889
NC_003197.2	CDS	1580702	1581263	-	561	EBBPGFGJ_01520	speG	Spermidine N(1)-acetyltransferase	m4C	m4C	4-methylcytosine	1	0.00178253
NC_003197.2	CDS	1582240	1583455	+	1215	EBBPGFGJ_01523	rspA_1	D-galactonate dehydratase family member RspA	m4C	m4C	4-methylcytosine	1	0.00082305
NC_003197.2	CDS	1585519	1585918	+	399	EBBPGFGJ_01526	ydfJ_2	Putative transporter YdfJ	m4C	m4C	4-methylcytosine	1	0.00250627
NC_003197.2	CDS	1586061	1587528	+	1467	EBBPGFGJ_01527	por_1	Polyol:NADP oxidoreductase	m4C	m4C	4-methylcytosine	11	0.00749830
NC_003197.2	CDS	1588794	1589541	-	747	EBBPGFGJ_01530	ydfG	NADP-dependent 3-hydroxy acid dehydrogenase YdfG	m4C	m4C	4-methylcytosine	1	0.00133869
NC_003197.2	CDS	1589679	1591722	+	2043	EBBPGFGJ_01531	dcp	Dipeptidyl carboxypeptidase	m4C	m4C	4-methylcytosine	2	0.00097895
NC_003197.2	CDS	1592066	1592249	+	183	EBBPGFGJ_01532		hypothetical protein	m4C	m4C	4-methylcytosine	1	0.00546448
NC_003197.2	CDS	1594406	1595594	-	1188	EBBPGFGJ_01536	mdrP	Na(+)%2C Li(+)%2C K(+)/H(+) antiporter	m4C	m4C	4-methylcytosine	3	0.00252525
NC_003197.2	CDS	1595824	1596724	+	900	EBBPGFGJ_01537	eamA	Probable amino-acid metabolite efflux pump	m4C	m4C	4-methylcytosine	1	0.00111111
NC_003197.2	CDS	1598182	1598848	+	666	EBBPGFGJ_01541	marC_1	UPF0056 inner membrane protein MarC	m4C	m4C	4-methylcytosine	1	0.00150150
NC_003197.2	CDS	1600200	1601073	-	873	EBBPGFGJ_01543	gltR	HTH-type transcriptional regulator GltR	m4C	m4C	4-methylcytosine	5	0.00572738
NC_003197.2	CDS	1601175	1602564	+	1389	EBBPGFGJ_01544	sad_1	Succinate semialdehyde dehydrogenase [NAD(P)+] Sad	m4C	m4C	4-methylcytosine	8	0.00575954
NC_003197.2	CDS	1606407	1607526	+	1119	EBBPGFGJ_01549	ompC_1	Outer membrane porin C	m4C	m4C	4-methylcytosine	1	0.00089366
NC_003197.2	CDS	1607666	1608008	-	342	EBBPGFGJ_01550	hybF_1	Hydrogenase maturation factor HybF	m4C	m4C	4-methylcytosine	1	0.00292398
NC_003197.2	CDS	1608020	1608908	-	888	EBBPGFGJ_01551		hypothetical protein	m4C	m4C	4-methylcytosine	1	0.00112613
NC_003197.2	CDS	1608895	1609957	-	1062	EBBPGFGJ_01552	norV_1	Anaerobic nitric oxide reductase flavorubredoxin	m4C	m4C	4-methylcytosine	2	0.00188324
NC_003197.2	CDS	1610381	1610681	-	300	EBBPGFGJ_01554		hypothetical protein	m4C	m4C	4-methylcytosine	3	0.01000000
NC_003197.2	CDS	1611294	1611969	-	675	EBBPGFGJ_01556	hyaC_1	Probable Ni/Fe-hydrogenase 1 B-type cytochrome subunit	m4C	m4C	4-methylcytosine	2	0.00296296
NC_003197.2	CDS	1611988	1613791	-	1803	EBBPGFGJ_01557	hyaB_1	Hydrogenase-1 large chain	m4C	m4C	4-methylcytosine	4	0.00221852
NC_003197.2	CDS	1613793	1614897	-	1104	EBBPGFGJ_01558	hoxK	Uptake hydrogenase small subunit	m4C	m4C	4-methylcytosine	1	0.00090580
NC_003197.2	CDS	1615328	1616417	+	1089	EBBPGFGJ_01560		hypothetical protein	m4C	m4C	4-methylcytosine	3	0.00275482
NC_003197.2	CDS	1617312	1618338	-	1026	EBBPGFGJ_01562	yjmD	Uncharacterized zinc-type alcohol dehydrogenase-like protein YjmD	m4C	m4C	4-methylcytosine	1	0.00097466
NC_003197.2	CDS	1618312	1619599	-	1287	EBBPGFGJ_01563	exuT_1	Hexuronate transporter	m4C	m4C	4-methylcytosine	1	0.00077700
NC_003197.2	CDS	1619775	1621266	-	1491	EBBPGFGJ_01564		hypothetical protein	m4C	m4C	4-methylcytosine	1	0.00067069
NC_003197.2	CDS	1621401	1622643	-	1242	EBBPGFGJ_01565	tetA	Tetracycline resistance protein%2C class C	m4C	m4C	4-methylcytosine	3	0.00241546
NC_003197.2	CDS	1622632	1624141	-	1509	EBBPGFGJ_01566	tetX	Flavin-dependent monooxygenase	m4C	m4C	4-methylcytosine	2	0.00132538
NC_003197.2	CDS	1624866	1625946	+	1080	EBBPGFGJ_01568	queA_2	S-adenosylmethionine:tRNA ribosyltransferase-isomerase	m4C	m4C	4-methylcytosine	1	0.00092593
NC_003197.2	CDS	1625997	1626387	-	390	EBBPGFGJ_01569	yjgH	RutC family protein YjgH	m4C	m4C	4-methylcytosine	1	0.00256410
NC_003197.2	CDS	1626831	1627080	-	249	EBBPGFGJ_01571		hypothetical protein	m4C	m4C	4-methylcytosine	1	0.00401606
NC_003197.2	CDS	1630397	1631861	-	1464	EBBPGFGJ_01576		hypothetical protein	m4C	m4C	4-methylcytosine	2	0.00136612
NC_003197.2	CDS	1638184	1640713	-	2529	EBBPGFGJ_01581	treY	Maltooligosyl trehalose synthase	m4C	m4C	4-methylcytosine	6	0.00237248
NC_003197.2	CDS	1640709	1642494	-	1785	EBBPGFGJ_01582	treZ	Malto-oligosyltrehalose trehalohydrolase	m4C	m4C	4-methylcytosine	1	0.00056022
NC_003197.2	CDS	1642622	1643408	-	786	EBBPGFGJ_01583		hypothetical protein	m4C	m4C	4-methylcytosine	4	0.00508906
NC_003197.2	CDS	1645803	1647501	+	1698	EBBPGFGJ_01588	maeA	NAD-dependent malic enzyme	m4C	m4C	4-methylcytosine	3	0.00176678
NC_003197.2	CDS	1649536	1650421	-	885	EBBPGFGJ_01591	fdnH_1	Formate dehydrogenase%2C nitrate-inducible%2C iron-sulfur subunit	m4C	m4C	4-methylcytosine	1	0.00112994
NC_003197.2	CDS	1650434	1652846	-	2412	EBBPGFGJ_01592	fdnG_1	Formate dehydrogenase%2C nitrate-inducible%2C major subunit	m4C	m4C	4-methylcytosine	5	0.00207297
NC_003197.2	CDS	1656802	1658290	-	1488	EBBPGFGJ_01597	smvA	Methyl viologen resistance protein SmvA	m4C	m4C	4-methylcytosine	4	0.00268817
NC_003197.2	CDS	1658407	1658986	+	579	EBBPGFGJ_01598		hypothetical protein	m4C	m4C	4-methylcytosine	1	0.00172712
NC_003197.2	CDS	1659200	1660589	+	1389	EBBPGFGJ_01599	narU	Nitrate/nitrite transporter NarU	m4C	m4C	4-methylcytosine	1	0.00071994
NC_003197.2	CDS	1660680	1664421	+	3741	EBBPGFGJ_01600	narZ	Respiratory nitrate reductase 2 alpha chain	m4C	m4C	4-methylcytosine	6	0.00160385
NC_003197.2	CDS	1664417	1665962	+	1545	EBBPGFGJ_01601	narY	Respiratory nitrate reductase 2 beta chain	m4C	m4C	4-methylcytosine	7	0.00453074
NC_003197.2	CDS	1667439	1668333	+	894	EBBPGFGJ_01604	yddE	Uncharacterized isomerase YddE	m4C	m4C	4-methylcytosine	2	0.00223714
NC_003197.2	CDS	1668368	1669214	-	846	EBBPGFGJ_01605	nhoA	Arylamine N-acetyltransferase / N-hydroxyarylamine O-acetyltransferase	m4C	m4C	4-methylcytosine	1	0.00118203
NC_003197.2	CDS	1670642	1672136	+	1494	EBBPGFGJ_01607	ansP2	L-asparagine permease 2	m4C	m4C	4-methylcytosine	4	0.00267738
NC_003197.2	CDS	1672578	1673640	-	1062	EBBPGFGJ_01609	yncE	Uncharacterized protein YncE	m4C	m4C	4-methylcytosine	1	0.00094162
NC_003197.2	CDS	1673858	1676024	+	2166	EBBPGFGJ_01610	fecA	Fe(3+) dicitrate transport protein FecA	m4C	m4C	4-methylcytosine	3	0.00138504
NC_003197.2	CDS	1678853	1679303	+	450	EBBPGFGJ_01614	ydcZ	Inner membrane protein YdcZ	m4C	m4C	4-methylcytosine	1	0.00222222
NC_003197.2	CDS	1679764	1681084	+	1320	EBBPGFGJ_01616		hypothetical protein	m4C	m4C	4-methylcytosine	1	0.00075758
NC_003197.2	CDS	1681088	1684070	+	2982	EBBPGFGJ_01617		hypothetical protein	m4C	m4C	4-methylcytosine	7	0.00234742
NC_003197.2	CDS	1684066	1686211	+	2145	EBBPGFGJ_01618		hypothetical protein	m4C	m4C	4-methylcytosine	3	0.00139860
NC_003197.2	CDS	1686827	1688252	-	1425	EBBPGFGJ_01620	prr	Gamma-aminobutyraldehyde dehydrogenase	m4C	m4C	4-methylcytosine	1	0.00070175
NC_003197.2	CDS	1688387	1689812	-	1425	EBBPGFGJ_01621	lysN	2-aminoadipate transaminase	m4C	m4C	4-methylcytosine	1	0.00070175
NC_003197.2	CDS	1689947	1690718	-	771	EBBPGFGJ_01622	vanX	D-alanyl-D-alanine dipeptidase	m4C	m4C	4-methylcytosine	3	0.00389105
NC_003197.2	CDS	1692504	1693125	+	621	EBBPGFGJ_01625		hypothetical protein	m4C	m4C	4-methylcytosine	2	0.00322061
NC_003197.2	CDS	1693398	1693629	+	231	EBBPGFGJ_01626		hypothetical protein	m4C	m4C	4-methylcytosine	1	0.00432900
NC_003197.2	CDS	1693629	1695594	-	1965	EBBPGFGJ_01627	rlhA_1	23S rRNA 5-hydroxycytidine C2501 synthase	m4C	m4C	4-methylcytosine	5	0.00254453
NC_003197.2	CDS	1695672	1696209	-	537	EBBPGFGJ_01628	sutR_1	HTH-type transcriptional regulator SutR	m4C	m4C	4-methylcytosine	1	0.00186220
NC_003197.2	CDS	1696299	1697478	+	1179	EBBPGFGJ_01629	ydcO	Inner membrane protein YdcO	m4C	m4C	4-methylcytosine	12	0.01017812
NC_003197.2	CDS	1698938	1699952	-	1014	EBBPGFGJ_01632	tehA	Tellurite resistance protein TehA	m4C	m4C	4-methylcytosine	1	0.00098619
NC_003197.2	CDS	1700058	1701039	+	981	EBBPGFGJ_01633		hypothetical protein	m4C	m4C	4-methylcytosine	5	0.00509684
NC_003197.2	CDS	1701791	1702910	+	1119	EBBPGFGJ_01635	ysdC	Putative aminopeptidase YsdC	m4C	m4C	4-methylcytosine	1	0.00089366
NC_003197.2	CDS	1702906	1703188	+	282	EBBPGFGJ_01636	gatB_1	PTS system galactitol-specific EIIB component	m4C	m4C	4-methylcytosine	1	0.00354610
NC_003197.2	CDS	1703198	1704512	+	1314	EBBPGFGJ_01637	gatC_1	PTS system galactitol-specific EIIC component	m4C	m4C	4-methylcytosine	3	0.00228311
NC_003197.2	CDS	1704525	1705332	+	807	EBBPGFGJ_01638		hypothetical protein	m4C	m4C	4-methylcytosine	2	0.00247831
NC_003197.2	CDS	1705463	1705901	+	438	EBBPGFGJ_01639	ulaC_1	Ascorbate-specific PTS system EIIA component	m4C	m4C	4-methylcytosine	3	0.00684932
NC_003197.2	CDS	1705912	1706545	+	633	EBBPGFGJ_01640	rpe_1	Ribulose-phosphate 3-epimerase	m4C	m4C	4-methylcytosine	2	0.00315956
NC_003197.2	CDS	1707835	1709041	-	1206	EBBPGFGJ_01643		Lactate 2-monooxygenase	m4C	m4C	4-methylcytosine	1	0.00082919
NC_003197.2	CDS	1709820	1711440	-	1620	EBBPGFGJ_01645	mdoD	Glucans biosynthesis protein D	m4C	m4C	4-methylcytosine	1	0.00061728
NC_003197.2	CDS	1711695	1713204	-	1509	EBBPGFGJ_01646	pnbA	Para-nitrobenzyl esterase	m4C	m4C	4-methylcytosine	5	0.00331345
NC_003197.2	CDS	1713252	1714596	-	1344	EBBPGFGJ_01647		Uncharacterized protein Rv3292	m4C	m4C	4-methylcytosine	2	0.00148810
NC_003197.2	CDS	1717666	1718785	-	1119	EBBPGFGJ_01650	frmA	S-(hydroxymethyl)glutathione dehydrogenase	m4C	m4C	4-methylcytosine	3	0.00268097
NC_003197.2	CDS	1718816	1719092	-	276	EBBPGFGJ_01651	frmR	Transcriptional repressor FrmR	m4C	m4C	4-methylcytosine	1	0.00362319
NC_003197.2	CDS	1720144	1720861	-	717	EBBPGFGJ_01653		hypothetical protein	m4C	m4C	4-methylcytosine	1	0.00139470
NC_003197.2	CDS	1721286	1722513	+	1227	EBBPGFGJ_01654	sseJ	Secreted effector protein SseJ	m4C	m4C	4-methylcytosine	2	0.00162999
NC_003197.2	CDS	1722633	1722978	-	345	EBBPGFGJ_01655		hypothetical protein	m4C	m4C	4-methylcytosine	1	0.00289855
NC_003197.2	CDS	1726869	1728420	+	1551	EBBPGFGJ_01660		hypothetical protein	m4C	m4C	4-methylcytosine	2	0.00128949
NC_003197.2	CDS	1728883	1729546	+	663	EBBPGFGJ_01662		hypothetical protein	m4C	m4C	4-methylcytosine	2	0.00301659
NC_003197.2	CDS	1731327	1735230	-	3903	EBBPGFGJ_01665		hypothetical protein	m4C	m4C	4-methylcytosine	19	0.00486805
NC_003197.2	CDS	1736955	1737147	-	192	EBBPGFGJ_01669		hypothetical protein	m4C	m4C	4-methylcytosine	1	0.00520833
NC_003197.2	CDS	1737146	1739783	-	2637	EBBPGFGJ_01670		hypothetical protein	m4C	m4C	4-methylcytosine	11	0.00417141
NC_003197.2	CDS	1740022	1741012	+	990	EBBPGFGJ_01671	ldhA	D-lactate dehydrogenase	m4C	m4C	4-methylcytosine	1	0.00101010
NC_003197.2	CDS	1742118	1745643	+	3525	EBBPGFGJ_01674	nifJ	Pyruvate-flavodoxin oxidoreductase	m4C	m4C	4-methylcytosine	13	0.00368794
NC_003197.2	CDS	1747302	1748238	+	936	EBBPGFGJ_01677	ttcA	tRNA-cytidine(32) 2-sulfurtransferase	m4C	m4C	4-methylcytosine	3	0.00320513
NC_003197.2	CDS	1748281	1749655	-	1374	EBBPGFGJ_01678	dbpA	ATP-dependent RNA helicase DbpA	m4C	m4C	4-methylcytosine	3	0.00218341
NC_003197.2	CDS	1750141	1751125	-	984	EBBPGFGJ_01679	zntB	Zinc transport protein ZntB	m4C	m4C	4-methylcytosine	1	0.00101626
NC_003197.2	CDS	1753656	1754172	+	516	EBBPGFGJ_01682	ogt	Methylated-DNA--protein-cysteine methyltransferase	m4C	m4C	4-methylcytosine	1	0.00193798
NC_003197.2	CDS	1755270	1756218	+	948	EBBPGFGJ_01684	uspE	Universal stress protein E	m4C	m4C	4-methylcytosine	1	0.00105485
NC_003197.2	CDS	1756765	1757797	+	1032	EBBPGFGJ_01686	ynaI	Low conductance mechanosensitive channel YnaI	m4C	m4C	4-methylcytosine	3	0.00290698
NC_003197.2	CDS	1758528	1759215	+	687	EBBPGFGJ_01688		hypothetical protein	m4C	m4C	4-methylcytosine	1	0.00145560
NC_003197.2	CDS	1760342	1761167	-	825	EBBPGFGJ_01690		hypothetical protein	m4C	m4C	4-methylcytosine	2	0.00242424
NC_003197.2	CDS	1761193	1763176	-	1983	EBBPGFGJ_01691		hypothetical protein	m4C	m4C	4-methylcytosine	3	0.00151286
NC_003197.2	CDS	1767325	1767916	-	591	EBBPGFGJ_01696	bdcR	HTH-type transcriptional repressor BdcR	m4C	m4C	4-methylcytosine	2	0.00338409
NC_003197.2	CDS	1767993	1768707	+	714	EBBPGFGJ_01697	bdcA	Cyclic-di-GMP-binding biofilm dispersal mediator protein	m4C	m4C	4-methylcytosine	5	0.00700280
NC_003197.2	CDS	1769940	1770846	-	906	EBBPGFGJ_01699	pgrR	HTH-type transcriptional regulator PgrR	m4C	m4C	4-methylcytosine	3	0.00331126
NC_003197.2	CDS	1770964	1771894	+	930	EBBPGFGJ_01700		hypothetical protein	m4C	m4C	4-methylcytosine	4	0.00430108
NC_003197.2	CDS	1771990	1773604	-	1614	EBBPGFGJ_01701	mppA	Periplasmic murein peptide-binding protein	m4C	m4C	4-methylcytosine	4	0.00247831
NC_003197.2	CDS	1773793	1774522	+	729	EBBPGFGJ_01702	mpaA	Murein peptide amidase A	m4C	m4C	4-methylcytosine	3	0.00411523
NC_003197.2	CDS	1774496	1775462	-	966	EBBPGFGJ_01703	ycjG	L-Ala-D/L-Glu epimerase	m4C	m4C	4-methylcytosine	4	0.00414079
NC_003197.2	CDS	1775577	1776084	+	507	EBBPGFGJ_01704	tpx_2	Thiol peroxidase	m4C	m4C	4-methylcytosine	2	0.00394477
NC_003197.2	CDS	1776173	1777715	-	1542	EBBPGFGJ_01705	tyrR	Transcriptional regulatory protein TyrR	m4C	m4C	4-methylcytosine	4	0.00259403
NC_003197.2	CDS	1777862	1778924	-	1062	EBBPGFGJ_01706	ycjF	UPF0283 membrane protein YcjF	m4C	m4C	4-methylcytosine	1	0.00094162
NC_003197.2	CDS	1778920	1780318	-	1398	EBBPGFGJ_01707	ycjX	Uncharacterized protein YcjX	m4C	m4C	4-methylcytosine	3	0.00214592
NC_003197.2	CDS	1780466	1780781	-	315	EBBPGFGJ_01708	pspE	Thiosulfate sulfurtransferase PspE	m4C	m4C	4-methylcytosine	1	0.00317460
NC_003197.2	CDS	1781740	1782409	-	669	EBBPGFGJ_01712	pspA	Phage shock protein A	m4C	m4C	4-methylcytosine	1	0.00149477
NC_003197.2	CDS	1782579	1783560	+	981	EBBPGFGJ_01713	pspF	Psp operon transcriptional activator	m4C	m4C	4-methylcytosine	1	0.00101937
NC_003197.2	CDS	1783671	1785321	+	1650	EBBPGFGJ_01714	sapA	Peptide transport periplasmic protein SapA	m4C	m4C	4-methylcytosine	2	0.00121212
NC_003197.2	CDS	1785317	1786283	+	966	EBBPGFGJ_01715	sapB	Peptide transport system permease protein SapB	m4C	m4C	4-methylcytosine	1	0.00103520
NC_003197.2	CDS	1786269	1787160	+	891	EBBPGFGJ_01716	sapC	Peptide transport system permease protein SapC	m4C	m4C	4-methylcytosine	3	0.00336700
NC_003197.2	CDS	1787159	1788152	+	993	EBBPGFGJ_01717	sapD	Peptide transport system ATP-binding protein SapD	m4C	m4C	4-methylcytosine	1	0.00100705
NC_003197.2	CDS	1789088	1789685	-	597	EBBPGFGJ_01720	ydiV_2	Putative anti-FlhC(2)FlhD(4) factor YdiV	m4C	m4C	4-methylcytosine	1	0.00167504
NC_003197.2	CDS	1793117	1794098	+	981	EBBPGFGJ_01723		hypothetical protein	m4C	m4C	4-methylcytosine	3	0.00305810
NC_003197.2	CDS	1794339	1796274	+	1935	EBBPGFGJ_01724	rnb	Exoribonuclease 2	m4C	m4C	4-methylcytosine	4	0.00206718
NC_003197.2	CDS	1796535	1798518	+	1983	EBBPGFGJ_01725	pdeR	Cyclic di-GMP phosphodiesterase PdeR	m4C	m4C	4-methylcytosine	1	0.00050429
NC_003197.2	CDS	1798639	1798819	+	180	EBBPGFGJ_01726	yciZ	UPF0509 protein YciZ	m4C	m4C	4-methylcytosine	1	0.00555556
NC_003197.2	CDS	1798935	1799658	+	723	EBBPGFGJ_01727	srlR_2	Glucitol operon repressor	m4C	m4C	4-methylcytosine	2	0.00276625
NC_003197.2	CDS	1800580	1801318	-	738	EBBPGFGJ_01730	pyrF	Orotidine 5'-phosphate decarboxylase	m4C	m4C	4-methylcytosine	2	0.00271003
NC_003197.2	CDS	1801508	1802678	-	1170	EBBPGFGJ_01731	lapB	Lipopolysaccharide assembly protein B	m4C	m4C	4-methylcytosine	1	0.00085470
NC_003197.2	CDS	1803142	1803907	-	765	EBBPGFGJ_01733	pgpB	Phosphatidylglycerophosphatase B	m4C	m4C	4-methylcytosine	4	0.00522876
NC_003197.2	CDS	1804102	1804693	+	591	EBBPGFGJ_01734	ribA	GTP cyclohydrolase-2	m4C	m4C	4-methylcytosine	4	0.00676819
NC_003197.2	CDS	1804748	1807424	-	2676	EBBPGFGJ_01735	acnA	Aconitate hydratase A	m4C	m4C	4-methylcytosine	7	0.00261584
NC_003197.2	CDS	1809785	1812383	-	2598	EBBPGFGJ_01738	topA_1	DNA topoisomerase 1	m4C	m4C	4-methylcytosine	7	0.00269438
NC_003197.2	CDS	1813078	1814119	-	1041	EBBPGFGJ_01740	sohB	Probable protease SohB	m4C	m4C	4-methylcytosine	3	0.00288184
NC_003197.2	CDS	1815797	1816673	-	876	EBBPGFGJ_01743	rluB	Ribosomal large subunit pseudouridine synthase B	m4C	m4C	4-methylcytosine	1	0.00114155
NC_003197.2	CDS	1817401	1818271	-	870	EBBPGFGJ_01745	yciV	5'-3' exoribonuclease	m4C	m4C	4-methylcytosine	2	0.00229885
NC_003197.2	CDS	1818543	1820106	+	1563	EBBPGFGJ_01746	trpE	Anthranilate synthase component 1	m4C	m4C	4-methylcytosine	5	0.00319898
NC_003197.2	CDS	1820105	1821701	+	1596	EBBPGFGJ_01747	trpGD	Bifunctional protein TrpGD	m4C	m4C	4-methylcytosine	8	0.00501253
NC_003197.2	CDS	1823072	1824266	+	1194	EBBPGFGJ_01749	trpB	Tryptophan synthase beta chain	m4C	m4C	4-methylcytosine	1	0.00083752
NC_003197.2	CDS	1824265	1825072	+	807	EBBPGFGJ_01750	trpA	Tryptophan synthase alpha chain	m4C	m4C	4-methylcytosine	4	0.00495663
NC_003197.2	CDS	1828862	1829267	+	405	EBBPGFGJ_01756		hypothetical protein	m4C	m4C	4-methylcytosine	1	0.00246914
NC_003197.2	CDS	1829292	1830036	+	744	EBBPGFGJ_01757	yciC	UPF0259 membrane protein YciC	m4C	m4C	4-methylcytosine	1	0.00134409
NC_003197.2	CDS	1830792	1831194	+	402	EBBPGFGJ_01759		Uncharacterized acyl-CoA thioester hydrolase HI_0827	m4C	m4C	4-methylcytosine	3	0.00746269
NC_003197.2	CDS	1831253	1831982	-	729	EBBPGFGJ_01760	tonB	Protein TonB	m4C	m4C	4-methylcytosine	2	0.00274348
NC_003197.2	CDS	1832861	1834322	+	1461	EBBPGFGJ_01763	clsA	Cardiolipin synthase A	m4C	m4C	4-methylcytosine	4	0.00273785
NC_003197.2	CDS	1834355	1834685	+	330	EBBPGFGJ_01764	yciU	UPF0263 protein YciU	m4C	m4C	4-methylcytosine	1	0.00303030
NC_003197.2	CDS	1835616	1836621	-	1005	EBBPGFGJ_01766	btuD_4	Vitamin B12 import ATP-binding protein BtuD	m4C	m4C	4-methylcytosine	3	0.00298507
NC_003197.2	CDS	1836617	1837625	-	1008	EBBPGFGJ_01767	oppD	Oligopeptide transport ATP-binding protein OppD	m4C	m4C	4-methylcytosine	1	0.00099206
NC_003197.2	CDS	1837636	1838545	-	909	EBBPGFGJ_01768	oppC	Oligopeptide transport system permease protein OppC	m4C	m4C	4-methylcytosine	1	0.00110011
NC_003197.2	CDS	1838559	1839480	-	921	EBBPGFGJ_01769	oppB	Oligopeptide transport system permease protein OppB	m4C	m4C	4-methylcytosine	1	0.00108578
NC_003197.2	CDS	1841997	1842645	-	648	EBBPGFGJ_01771	marC_2	UPF0056 inner membrane protein MarC	m4C	m4C	4-methylcytosine	1	0.00154321
NC_003197.2	CDS	1843121	1845800	+	2679	EBBPGFGJ_01772	adhE_1	Aldehyde-alcohol dehydrogenase	m4C	m4C	4-methylcytosine	5	0.00186637
NC_003197.2	CDS	1847276	1847690	+	414	EBBPGFGJ_01774	hns	DNA-binding protein H-NS	m4C	m4C	4-methylcytosine	1	0.00241546
NC_003197.2	CDS	1847821	1848730	-	909	EBBPGFGJ_01775	galU	UTP--glucose-1-phosphate uridylyltransferase	m4C	m4C	4-methylcytosine	1	0.00110011
NC_003197.2	CDS	1848932	1849946	-	1014	EBBPGFGJ_01776	rssB	Regulator of RpoS	m4C	m4C	4-methylcytosine	1	0.00098619
NC_003197.2	CDS	1850036	1850933	-	897	EBBPGFGJ_01777		Uncharacterized NTE family protein Rv1063c	m4C	m4C	4-methylcytosine	2	0.00222965
NC_003197.2	CDS	1851052	1851511	+	459	EBBPGFGJ_01778	ychJ	UPF0225 protein YchJ	m4C	m4C	4-methylcytosine	2	0.00435730
NC_003197.2	CDS	1856167	1856878	-	711	EBBPGFGJ_01784	narJ	Nitrate reductase molybdenum cofactor assembly chaperone NarJ	m4C	m4C	4-methylcytosine	2	0.00281294
NC_003197.2	CDS	1856874	1858410	-	1536	EBBPGFGJ_01785	narH	Respiratory nitrate reductase 1 beta chain	m4C	m4C	4-methylcytosine	5	0.00325521
NC_003197.2	CDS	1858406	1862150	-	3744	EBBPGFGJ_01786	narG	Respiratory nitrate reductase 1 alpha chain	m4C	m4C	4-methylcytosine	7	0.00186966
NC_003197.2	CDS	1862537	1863935	-	1398	EBBPGFGJ_01787	narK	Nitrate/nitrite transporter NarK	m4C	m4C	4-methylcytosine	1	0.00071531
NC_003197.2	CDS	1864275	1866072	+	1797	EBBPGFGJ_01788	narX	Nitrate/nitrite sensor protein NarX	m4C	m4C	4-methylcytosine	5	0.00278242
NC_003197.2	CDS	1866064	1866715	+	651	EBBPGFGJ_01789	narL_1	Nitrate/nitrite response regulator protein NarL	m4C	m4C	4-methylcytosine	1	0.00153610
NC_003197.2	CDS	1866715	1868140	-	1425	EBBPGFGJ_01790		Invasin	m4C	m4C	4-methylcytosine	2	0.00140351
NC_003197.2	CDS	1868316	1868670	+	354	EBBPGFGJ_01791	ychN	Protein YchN	m4C	m4C	4-methylcytosine	1	0.00282486
NC_003197.2	CDS	1870400	1871255	-	855	EBBPGFGJ_01794	kdsA	2-dehydro-3-deoxyphosphooctonate aldolase	m4C	m4C	4-methylcytosine	2	0.00233918
NC_003197.2	CDS	1872491	1873325	-	834	EBBPGFGJ_01797	prmC	Release factor glutamine methyltransferase	m4C	m4C	4-methylcytosine	1	0.00119904
NC_003197.2	CDS	1873324	1874407	-	1083	EBBPGFGJ_01798	prfA	Peptide chain release factor RF1	m4C	m4C	4-methylcytosine	5	0.00461681
NC_003197.2	CDS	1874447	1875704	-	1257	EBBPGFGJ_01799	hemA	Glutamyl-tRNA reductase	m4C	m4C	4-methylcytosine	6	0.00477327
NC_003197.2	CDS	1876017	1876641	+	624	EBBPGFGJ_01800	lolB	Outer-membrane lipoprotein LolB	m4C	m4C	4-methylcytosine	1	0.00160256
NC_003197.2	CDS	1876637	1877489	+	852	EBBPGFGJ_01801	ispE	4-diphosphocytidyl-2-C-methyl-D-erythritol kinase	m4C	m4C	4-methylcytosine	4	0.00469484
NC_003197.2	CDS	1877754	1878702	+	948	EBBPGFGJ_01802	prs_1	Ribose-phosphate pyrophosphokinase	m4C	m4C	4-methylcytosine	4	0.00421941
NC_003197.2	CDS	1878853	1880512	+	1659	EBBPGFGJ_01803	dauA	C4-dicarboxylic acid transporter DauA	m4C	m4C	4-methylcytosine	1	0.00060277
NC_003197.2	CDS	1881110	1881695	+	585	EBBPGFGJ_01805	pth	Peptidyl-tRNA hydrolase	m4C	m4C	4-methylcytosine	2	0.00341880
NC_003197.2	CDS	1881811	1882903	+	1092	EBBPGFGJ_01806	ychF	Ribosome-binding ATPase YchF	m4C	m4C	4-methylcytosine	4	0.00366300
NC_003197.2	CDS	1884821	1885940	+	1119	EBBPGFGJ_01808	hyaA	Hydrogenase-1 small chain	m4C	m4C	4-methylcytosine	1	0.00089366
NC_003197.2	CDS	1885936	1887730	+	1794	EBBPGFGJ_01809	hyaB_2	Hydrogenase-1 large chain	m4C	m4C	4-methylcytosine	2	0.00111483
NC_003197.2	CDS	1887748	1888480	+	732	EBBPGFGJ_01810	hyaC_2	Probable Ni/Fe-hydrogenase 1 B-type cytochrome subunit	m4C	m4C	4-methylcytosine	1	0.00136612
NC_003197.2	CDS	1888476	1889073	+	597	EBBPGFGJ_01811	hyaD_2	Hydrogenase 1 maturation protease	m4C	m4C	4-methylcytosine	1	0.00167504
NC_003197.2	CDS	1889463	1890312	+	849	EBBPGFGJ_01813		hypothetical protein	m4C	m4C	4-methylcytosine	5	0.00588928
NC_003197.2	CDS	1890386	1891931	+	1545	EBBPGFGJ_01814	appC	Cytochrome bd-II ubiquinol oxidase subunit 1	m4C	m4C	4-methylcytosine	1	0.00064725
NC_003197.2	CDS	1891942	1893079	+	1137	EBBPGFGJ_01815	appB_2	Cytochrome bd-II ubiquinol oxidase subunit 2	m4C	m4C	4-methylcytosine	3	0.00263852
NC_003197.2	CDS	1893091	1893181	+	90	EBBPGFGJ_01816	appX	Putative cytochrome bd-II ubiquinol oxidase subunit AppX	m4C	m4C	4-methylcytosine	1	0.01111111
NC_003197.2	CDS	1893575	1894850	+	1275	EBBPGFGJ_01817	gdhA_2	Glutamate dehydrogenase	m4C	m4C	4-methylcytosine	4	0.00313725
NC_003197.2	CDS	1895063	1896776	+	1713	EBBPGFGJ_01818	treA	Periplasmic trehalase	m4C	m4C	4-methylcytosine	2	0.00116754
NC_003197.2	CDS	1897261	1897996	+	735	EBBPGFGJ_01820	ycgR	Flagellar brake protein YcgR	m4C	m4C	4-methylcytosine	1	0.00136054
NC_003197.2	CDS	1898791	1899706	+	915	EBBPGFGJ_01822	ldcA	Murein tetrapeptide carboxypeptidase	m4C	m4C	4-methylcytosine	2	0.00218579
NC_003197.2	CDS	1899802	1901536	+	1734	EBBPGFGJ_01823	cvrA	K(+)/H(+) antiporter NhaP2	m4C	m4C	4-methylcytosine	4	0.00230681
NC_003197.2	CDS	1901598	1902669	-	1071	EBBPGFGJ_01824	dadX	Alanine racemase%2C catabolic	m4C	m4C	4-methylcytosine	2	0.00186741
NC_003197.2	CDS	1902682	1903981	-	1299	EBBPGFGJ_01825	dadA_3	D-amino acid dehydrogenase	m4C	m4C	4-methylcytosine	4	0.00307929
NC_003197.2	CDS	1904303	1905836	+	1533	EBBPGFGJ_01826		hypothetical protein	m4C	m4C	4-methylcytosine	1	0.00065232
NC_003197.2	CDS	1905882	1906602	-	720	EBBPGFGJ_01827	fadR	Fatty acid metabolism regulator protein	m4C	m4C	4-methylcytosine	1	0.00138889
NC_003197.2	CDS	1906821	1908366	+	1545	EBBPGFGJ_01828	nhaB	Na(+)/H(+) antiporter NhaB	m4C	m4C	4-methylcytosine	1	0.00064725
NC_003197.2	CDS	1908507	1909038	+	531	EBBPGFGJ_01829	dsbB	Disulfide bond formation protein B	m4C	m4C	4-methylcytosine	4	0.00753296
NC_003197.2	CDS	1909146	1909488	+	342	EBBPGFGJ_01830	yeaR_2	Uncharacterized protein YeaR	m4C	m4C	4-methylcytosine	1	0.00292398
NC_003197.2	CDS	1912080	1912788	+	708	EBBPGFGJ_01836	minC	Septum site-determining protein MinC	m4C	m4C	4-methylcytosine	2	0.00282486
NC_003197.2	CDS	1913627	1913894	+	267	EBBPGFGJ_01838	minE	Cell division topological specificity factor	m4C	m4C	4-methylcytosine	1	0.00374532
NC_003197.2	CDS	1918511	1920422	-	1911	EBBPGFGJ_01843	yoaA	Probable ATP-dependent DNA helicase YoaA	m4C	m4C	4-methylcytosine	5	0.00261643
NC_003197.2	CDS	1920552	1920897	+	345	EBBPGFGJ_01844	yabJ	2-iminobutanoate/2-iminopropanoate deaminase	m4C	m4C	4-methylcytosine	2	0.00579710
NC_003197.2	CDS	1921162	1922527	+	1365	EBBPGFGJ_01846	pabB	Aminodeoxychorismate synthase component 1	m4C	m4C	4-methylcytosine	2	0.00146520
NC_003197.2	CDS	1922530	1923109	+	579	EBBPGFGJ_01847	nudL	Uncharacterized Nudix hydrolase NudL	m4C	m4C	4-methylcytosine	5	0.00863558
NC_003197.2	CDS	1923372	1924737	+	1365	EBBPGFGJ_01848	sdaA_1	L-serine dehydratase 1	m4C	m4C	4-methylcytosine	4	0.00293040
NC_003197.2	CDS	1924874	1926476	+	1602	EBBPGFGJ_01849	pdeD	Probable cyclic di-GMP phosphodiesterase PdeD	m4C	m4C	4-methylcytosine	2	0.00124844
NC_003197.2	CDS	1926497	1928057	-	1560	EBBPGFGJ_01850	yoaE_1	UPF0053 inner membrane protein YoaE	m4C	m4C	4-methylcytosine	3	0.00192308
NC_003197.2	CDS	1928529	1929498	+	969	EBBPGFGJ_01851	manX	PTS system mannose-specific EIIAB component	m4C	m4C	4-methylcytosine	2	0.00206398
NC_003197.2	CDS	1929550	1930351	+	801	EBBPGFGJ_01852	manY	PTS system mannose-specific EIIC component	m4C	m4C	4-methylcytosine	2	0.00249688
NC_003197.2	CDS	1930363	1931215	+	852	EBBPGFGJ_01853	manZ_2	PTS system mannose-specific EIID component	m4C	m4C	4-methylcytosine	2	0.00234742
NC_003197.2	CDS	1932703	1933513	-	810	EBBPGFGJ_01856	rlmA	23S rRNA (guanine(745)-N(1))-methyltransferase	m4C	m4C	4-methylcytosine	7	0.00864198
NC_003197.2	CDS	1933578	1935324	-	1746	EBBPGFGJ_01857	ftsI_2	Peptidoglycan D%2CD-transpeptidase FtsI	m4C	m4C	4-methylcytosine	1	0.00057274
NC_003197.2	CDS	1938634	1940008	+	1374	EBBPGFGJ_01863	ribZ	Riboflavin transporter RibZ	m4C	m4C	4-methylcytosine	4	0.00291121
NC_003197.2	CDS	1940055	1940937	-	882	EBBPGFGJ_01864	htpX	Protease HtpX	m4C	m4C	4-methylcytosine	2	0.00226757
NC_003197.2	CDS	1941130	1943179	-	2049	EBBPGFGJ_01865	prc	Tail-specific protease	m4C	m4C	4-methylcytosine	3	0.00146413
NC_003197.2	CDS	1943198	1943885	-	687	EBBPGFGJ_01866	proQ	RNA chaperone ProQ	m4C	m4C	4-methylcytosine	6	0.00873362
NC_003197.2	CDS	1944608	1945892	+	1284	EBBPGFGJ_01868	yebS	Intermembrane transport protein YebS	m4C	m4C	4-methylcytosine	2	0.00155763
NC_003197.2	CDS	1945860	1948494	+	2634	EBBPGFGJ_01869	yebT	Intermembrane transport protein YebT	m4C	m4C	4-methylcytosine	3	0.00113895
NC_003197.2	CDS	1948469	1950011	+	1542	EBBPGFGJ_01870	rsmF	Ribosomal RNA small subunit methyltransferase F	m4C	m4C	4-methylcytosine	10	0.00648508
NC_003197.2	CDS	1950475	1950667	+	192	EBBPGFGJ_01872		hypothetical protein	m4C	m4C	4-methylcytosine	1	0.00520833
NC_003197.2	CDS	1952008	1952731	-	723	EBBPGFGJ_01876	sopE2	Guanine nucleotide exchange factor sopE2	m4C	m4C	4-methylcytosine	1	0.00138313
NC_003197.2	CDS	1954139	1954616	+	477	EBBPGFGJ_01878		hypothetical protein	m4C	m4C	4-methylcytosine	1	0.00209644
NC_003197.2	CDS	1955003	1955423	-	420	EBBPGFGJ_01879		hypothetical protein	m4C	m4C	4-methylcytosine	1	0.00238095
NC_003197.2	CDS	1956704	1956851	-	147	EBBPGFGJ_01880		hypothetical protein	m4C	m4C	4-methylcytosine	1	0.00680272
NC_003197.2	CDS	1956850	1957708	-	858	EBBPGFGJ_01881		IS256 family transposase IS285	m4C	m4C	4-methylcytosine	3	0.00349650
NC_003197.2	CDS	1959503	1960418	+	915	EBBPGFGJ_01883		hypothetical protein	m4C	m4C	4-methylcytosine	1	0.00109290
NC_003197.2	CDS	1962504	1962663	+	159	EBBPGFGJ_01887		hypothetical protein	m4C	m4C	4-methylcytosine	1	0.00628931
NC_003197.2	CDS	1963472	1964354	-	882	EBBPGFGJ_01888		hypothetical protein	m4C	m4C	4-methylcytosine	2	0.00226757
NC_003197.2	CDS	1964508	1964772	-	264	EBBPGFGJ_01889		hypothetical protein	m4C	m4C	4-methylcytosine	1	0.00378788
NC_003197.2	CDS	1965559	1965814	-	255	EBBPGFGJ_01891		hypothetical protein	m4C	m4C	4-methylcytosine	1	0.00392157
NC_003197.2	CDS	1966351	1967005	+	654	EBBPGFGJ_01893		hypothetical protein	m4C	m4C	4-methylcytosine	1	0.00152905
NC_003197.2	CDS	1967064	1967919	+	855	EBBPGFGJ_01894		hypothetical protein	m4C	m4C	4-methylcytosine	2	0.00233918
NC_003197.2	CDS	1969538	1969913	-	375	EBBPGFGJ_01897	yobA	Protein YobA	m4C	m4C	4-methylcytosine	1	0.00266667
NC_003197.2	CDS	1970388	1971045	+	657	EBBPGFGJ_01899		hypothetical protein	m4C	m4C	4-methylcytosine	1	0.00152207
NC_003197.2	CDS	1971068	1971767	+	699	EBBPGFGJ_01900	exoX	Exodeoxyribonuclease 10	m4C	m4C	4-methylcytosine	1	0.00143062
NC_003197.2	CDS	1971801	1973853	-	2052	EBBPGFGJ_01901	ptrB	Protease 2	m4C	m4C	4-methylcytosine	2	0.00097466
NC_003197.2	CDS	1974065	1974725	-	660	EBBPGFGJ_01902	yebE	Inner membrane protein YebE	m4C	m4C	4-methylcytosine	1	0.00151515
NC_003197.2	CDS	1975660	1976839	+	1179	EBBPGFGJ_01905	purT	Formate-dependent phosphoribosylglycinamide formyltransferase	m4C	m4C	4-methylcytosine	4	0.00339271
NC_003197.2	CDS	1976938	1977580	-	642	EBBPGFGJ_01906	eda	KHG/KDPG aldolase	m4C	m4C	4-methylcytosine	1	0.00155763
NC_003197.2	CDS	1977617	1979429	-	1812	EBBPGFGJ_01907	edd	Phosphogluconate dehydratase	m4C	m4C	4-methylcytosine	3	0.00165563
NC_003197.2	CDS	1979663	1981139	-	1476	EBBPGFGJ_01908	zwf	Glucose-6-phosphate 1-dehydrogenase	m4C	m4C	4-methylcytosine	1	0.00067751
NC_003197.2	CDS	1981480	1982350	+	870	EBBPGFGJ_01909	hexR_1	HTH-type transcriptional regulator HexR	m4C	m4C	4-methylcytosine	4	0.00459770
NC_003197.2	CDS	1982473	1983916	+	1443	EBBPGFGJ_01910	pykA	Pyruvate kinase II	m4C	m4C	4-methylcytosine	4	0.00277200
NC_003197.2	CDS	1983988	1984960	-	972	EBBPGFGJ_01911	lpxM	Lipid A biosynthesis myristoyltransferase	m4C	m4C	4-methylcytosine	1	0.00102881
NC_003197.2	CDS	1985076	1986396	-	1320	EBBPGFGJ_01912	mepM	Murein DD-endopeptidase MepM	m4C	m4C	4-methylcytosine	1	0.00075758
NC_003197.2	CDS	1986411	1987413	-	1002	EBBPGFGJ_01913	znuA	High-affinity zinc uptake system protein ZnuA	m4C	m4C	4-methylcytosine	1	0.00099800
NC_003197.2	CDS	1987434	1988190	+	756	EBBPGFGJ_01914	znuC	Zinc import ATP-binding protein ZnuC	m4C	m4C	4-methylcytosine	1	0.00132275
NC_003197.2	CDS	1989050	1990061	-	1011	EBBPGFGJ_01916	ruvB	Holliday junction ATP-dependent DNA helicase RuvB	m4C	m4C	4-methylcytosine	4	0.00395648
NC_003197.2	CDS	1993224	1993746	-	522	EBBPGFGJ_01920	ruvC	Crossover junction endodeoxyribonuclease RuvC	m4C	m4C	4-methylcytosine	1	0.00191571
NC_003197.2	CDS	1995107	1996880	-	1773	EBBPGFGJ_01923	aspS	Aspartate--tRNA ligase	m4C	m4C	4-methylcytosine	2	0.00112803
NC_003197.2	CDS	1997204	1997771	+	567	EBBPGFGJ_01924	yecD	Isochorismatase family protein YecD	m4C	m4C	4-methylcytosine	5	0.00881834
NC_003197.2	CDS	1997767	1998586	+	819	EBBPGFGJ_01925		hypothetical protein	m4C	m4C	4-methylcytosine	5	0.00610501
NC_003197.2	CDS	1999814	2000786	+	972	EBBPGFGJ_01928	cmoB	tRNA U34 carboxymethyltransferase	m4C	m4C	4-methylcytosine	4	0.00411523
NC_003197.2	CDS	2001021	2001768	-	747	EBBPGFGJ_01929	cutC_1	Copper homeostasis protein CutC	m4C	m4C	4-methylcytosine	1	0.00133869
NC_003197.2	CDS	2002593	2004327	+	1734	EBBPGFGJ_01931	argS	Arginine--tRNA ligase	m4C	m4C	4-methylcytosine	1	0.00057670
NC_003197.2	CDS	2004515	2006387	+	1872	EBBPGFGJ_01932	mrdA_2	Peptidoglycan D%2CD-transpeptidase MrdA	m4C	m4C	4-methylcytosine	3	0.00160256
NC_003197.2	CDS	2006440	2007580	-	1140	EBBPGFGJ_01933	yesR	Unsaturated rhamnogalacturonyl hydrolase YesR	m4C	m4C	4-methylcytosine	2	0.00175439
NC_003197.2	CDS	2008208	2010287	-	2079	EBBPGFGJ_01935	flhA	Flagellar biosynthesis protein FlhA	m4C	m4C	4-methylcytosine	6	0.00288600
NC_003197.2	CDS	2010279	2011431	-	1152	EBBPGFGJ_01936	flhB	Flagellar biosynthetic protein FlhB	m4C	m4C	4-methylcytosine	3	0.00260417
NC_003197.2	CDS	2011624	2012272	-	648	EBBPGFGJ_01937	cheZ	Protein phosphatase CheZ	m4C	m4C	4-methylcytosine	2	0.00308642
NC_003197.2	CDS	2012686	2013736	-	1050	EBBPGFGJ_01939	cheB	Protein-glutamate methylesterase/protein-glutamine glutaminase	m4C	m4C	4-methylcytosine	2	0.00190476
NC_003197.2	CDS	2013732	2014599	-	867	EBBPGFGJ_01940	cheR	Chemotaxis protein methyltransferase	m4C	m4C	4-methylcytosine	3	0.00346021
NC_003197.2	CDS	2014752	2016414	-	1662	EBBPGFGJ_01941	tar	Methyl-accepting chemotaxis protein II	m4C	m4C	4-methylcytosine	2	0.00120337
NC_003197.2	CDS	2017174	2019190	-	2016	EBBPGFGJ_01943	cheA	Chemotaxis protein CheA	m4C	m4C	4-methylcytosine	6	0.00297619
NC_003197.2	CDS	2020120	2021008	-	888	EBBPGFGJ_01945	motA	Motility protein A	m4C	m4C	4-methylcytosine	1	0.00112613
NC_003197.2	CDS	2021132	2021711	-	579	EBBPGFGJ_01946	flhC	Flagellar transcriptional regulator FlhC	m4C	m4C	4-methylcytosine	1	0.00172712
NC_003197.2	CDS	2022850	2023279	+	429	EBBPGFGJ_01948	uspC	Universal stress protein C	m4C	m4C	4-methylcytosine	4	0.00932401
NC_003197.2	CDS	2023296	2024718	-	1422	EBBPGFGJ_01949	otsA	Trehalose-6-phosphate synthase	m4C	m4C	4-methylcytosine	3	0.00210970
NC_003197.2	CDS	2024692	2025595	-	903	EBBPGFGJ_01950	otsB	Trehalose-6-phosphate phosphatase	m4C	m4C	4-methylcytosine	1	0.00110742
NC_003197.2	CDS	2027236	2027740	+	504	EBBPGFGJ_01952	ftnA_1	Bacterial non-heme ferritin	m4C	m4C	4-methylcytosine	1	0.00198413
NC_003197.2	CDS	2027918	2028557	-	639	EBBPGFGJ_01953		hypothetical protein	m4C	m4C	4-methylcytosine	2	0.00312989
NC_003197.2	CDS	2028812	2029148	+	336	EBBPGFGJ_01954		hypothetical protein	m4C	m4C	4-methylcytosine	1	0.00297619
NC_003197.2	CDS	2030339	2031608	+	1269	EBBPGFGJ_01957	tyrP	Tyrosine-specific transport protein	m4C	m4C	4-methylcytosine	4	0.00315209
NC_003197.2	CDS	2031682	2032348	-	666	EBBPGFGJ_01958		hypothetical protein	m4C	m4C	4-methylcytosine	1	0.00150150
NC_003197.2	CDS	2033124	2034558	-	1434	EBBPGFGJ_01960		hypothetical protein	m4C	m4C	4-methylcytosine	4	0.00278940
NC_003197.2	CDS	2035809	2036358	-	549	EBBPGFGJ_01965	pgsA	CDP-diacylglycerol--glycerol-3-phosphate 3-phosphatidyltransferase	m4C	m4C	4-methylcytosine	1	0.00182149
NC_003197.2	CDS	2036414	2038247	-	1833	EBBPGFGJ_01966	uvrC	UvrABC system protein C	m4C	m4C	4-methylcytosine	4	0.00218221
NC_003197.2	CDS	2039363	2039588	+	225	EBBPGFGJ_01968		hypothetical protein	m4C	m4C	4-methylcytosine	1	0.00444444
NC_003197.2	CDS	2040608	2041361	-	753	EBBPGFGJ_01970	artM_2	Arginine transport ATP-binding protein ArtM	m4C	m4C	4-methylcytosine	1	0.00132802
NC_003197.2	CDS	2044133	2044685	-	552	EBBPGFGJ_01974	fliZ	Regulator of sigma S factor FliZ	m4C	m4C	4-methylcytosine	1	0.00181159
NC_003197.2	CDS	2045731	2046190	-	459	EBBPGFGJ_01976		IS200/IS605 family transposase IS200F	m4C	m4C	4-methylcytosine	1	0.00217865
NC_003197.2	CDS	2046370	2047576	-	1206	EBBPGFGJ_01977		hypothetical protein	m4C	m4C	4-methylcytosine	1	0.00082919
NC_003197.2	CDS	2051663	2053148	+	1485	EBBPGFGJ_01982	amyA	Cytoplasmic alpha-amylase	m4C	m4C	4-methylcytosine	4	0.00269360
NC_003197.2	CDS	2053187	2053613	-	426	EBBPGFGJ_01983		hypothetical protein	m4C	m4C	4-methylcytosine	3	0.00704225
NC_003197.2	CDS	2053798	2055004	+	1206	EBBPGFGJ_01984	yedE	UPF0394 inner membrane protein YedE	m4C	m4C	4-methylcytosine	7	0.00580431
NC_003197.2	CDS	2056535	2058218	+	1683	EBBPGFGJ_01987	fliF	Flagellar M-ring protein	m4C	m4C	4-methylcytosine	5	0.00297089
NC_003197.2	CDS	2058210	2059206	+	996	EBBPGFGJ_01988	fliG	Flagellar motor switch protein FliG	m4C	m4C	4-methylcytosine	1	0.00100402
NC_003197.2	CDS	2059198	2059906	+	708	EBBPGFGJ_01989	fliH	Flagellar assembly protein FliH	m4C	m4C	4-methylcytosine	5	0.00706215
NC_003197.2	CDS	2059905	2061276	+	1371	EBBPGFGJ_01990	fliI	Flagellum-specific ATP synthase	m4C	m4C	4-methylcytosine	14	0.01021152
NC_003197.2	CDS	2061297	2061741	+	444	EBBPGFGJ_01991	fliJ	Flagellar FliJ protein	m4C	m4C	4-methylcytosine	1	0.00225225
NC_003197.2	CDS	2061737	2062955	+	1218	EBBPGFGJ_01992	fliK	Flagellar hook-length control protein	m4C	m4C	4-methylcytosine	7	0.00574713
NC_003197.2	CDS	2063531	2064536	+	1005	EBBPGFGJ_01994	fliM	Flagellar motor switch protein FliM	m4C	m4C	4-methylcytosine	2	0.00199005
NC_003197.2	CDS	2064945	2065323	+	378	EBBPGFGJ_01996	fliO	Flagellar protein FliO	m4C	m4C	4-methylcytosine	1	0.00264550
NC_003197.2	CDS	2065322	2066060	+	738	EBBPGFGJ_01997	fliP	Flagellar biosynthetic protein FliP	m4C	m4C	4-methylcytosine	3	0.00406504
NC_003197.2	CDS	2066347	2067142	+	795	EBBPGFGJ_01999	fliR	Flagellar biosynthetic protein FliR	m4C	m4C	4-methylcytosine	1	0.00125786
NC_003197.2	CDS	2068945	2069761	+	816	EBBPGFGJ_02003	yedP	Mannosyl-3-phosphoglycerate phosphatase	m4C	m4C	4-methylcytosine	5	0.00612745
NC_003197.2	CDS	2069739	2071452	-	1713	EBBPGFGJ_02004	dgcQ	Probable diguanylate cyclase DgcQ	m4C	m4C	4-methylcytosine	6	0.00350263
NC_003197.2	CDS	2071878	2072790	-	912	EBBPGFGJ_02006	yedI	Inner membrane protein YedI	m4C	m4C	4-methylcytosine	2	0.00219298
NC_003197.2	CDS	2072965	2073886	+	921	EBBPGFGJ_02007	yedA	Uncharacterized inner membrane transporter YedA	m4C	m4C	4-methylcytosine	4	0.00434311
NC_003197.2	CDS	2073874	2074345	-	471	EBBPGFGJ_02008	vsr	Very short patch repair protein	m4C	m4C	4-methylcytosine	1	0.00212314
NC_003197.2	CDS	2074325	2075756	-	1431	EBBPGFGJ_02009	dcm	DNA-cytosine methyltransferase	m4C	m4C	4-methylcytosine	4	0.00279525
NC_003197.2	CDS	2075829	2076525	-	696	EBBPGFGJ_02010	yedJ	Uncharacterized protein YedJ	m4C	m4C	4-methylcytosine	2	0.00287356
NC_003197.2	CDS	2077565	2078762	+	1197	EBBPGFGJ_02012	ompN_2	Outer membrane porin N	m4C	m4C	4-methylcytosine	2	0.00167084
NC_003197.2	CDS	2079888	2081157	-	1269	EBBPGFGJ_02014	umuC_1	Protein UmuC	m4C	m4C	4-methylcytosine	1	0.00078802
NC_003197.2	CDS	2081159	2081579	-	420	EBBPGFGJ_02015	umuD_1	Protein UmuD	m4C	m4C	4-methylcytosine	1	0.00238095
NC_003197.2	tRNA	2082169	2082259	-	90	EBBPGFGJ_02016		tRNA-Ser(cga)	m4C	m4C	4-methylcytosine	1	0.01111111
NC_003197.2	CDS	2084454	2084928	+	474	EBBPGFGJ_02020		hypothetical protein	m4C	m4C	4-methylcytosine	2	0.00421941
NC_003197.2	CDS	2085402	2086101	+	699	EBBPGFGJ_02021		hypothetical protein	m4C	m4C	4-methylcytosine	5	0.00715308
NC_003197.2	CDS	2088668	2090399	+	1731	EBBPGFGJ_02023		hypothetical protein	m4C	m4C	4-methylcytosine	2	0.00115540
NC_003197.2	CDS	2090608	2090782	+	174	EBBPGFGJ_02024		hypothetical protein	m4C	m4C	4-methylcytosine	1	0.00574713
NC_003197.2	CDS	2091303	2092758	-	1455	EBBPGFGJ_02025	amn	AMP nucleosidase	m4C	m4C	4-methylcytosine	3	0.00206186
NC_003197.2	CDS	2096292	2097222	-	930	EBBPGFGJ_02030	erfK	Probable L%2CD-transpeptidase ErfK/SrfK	m4C	m4C	4-methylcytosine	1	0.00107527
NC_003197.2	CDS	2097299	2098370	-	1071	EBBPGFGJ_02031	cobT	Nicotinate-nucleotide--dimethylbenzimidazole phosphoribosyltransferase	m4C	m4C	4-methylcytosine	1	0.00093371
NC_003197.2	CDS	2098396	2099140	-	744	EBBPGFGJ_02032	cobS	Adenosylcobinamide-GDP ribazoletransferase	m4C	m4C	4-methylcytosine	3	0.00403226
NC_003197.2	CDS	2099136	2099682	-	546	EBBPGFGJ_02033	cobU	Bifunctional adenosylcobalamin biosynthesis protein CobU	m4C	m4C	4-methylcytosine	1	0.00183150
NC_003197.2	CDS	2099678	2101199	-	1521	EBBPGFGJ_02034	cobQ	Cobyric acid synthase	m4C	m4C	4-methylcytosine	2	0.00131492
NC_003197.2	CDS	2102019	2102697	-	678	EBBPGFGJ_02036	cbiQ	Cobalt transport protein CbiQ	m4C	m4C	4-methylcytosine	1	0.00147493
NC_003197.2	CDS	2102683	2102965	-	282	EBBPGFGJ_02037	cbiN	Cobalt transport protein CbiN	m4C	m4C	4-methylcytosine	1	0.00354610
NC_003197.2	CDS	2103700	2104414	-	714	EBBPGFGJ_02039	cbiL	Cobalt-precorrin-2 C(20)-methyltransferase	m4C	m4C	4-methylcytosine	4	0.00560224
NC_003197.2	CDS	2104410	2105205	-	795	EBBPGFGJ_02040	cbiK	Sirohydrochlorin cobaltochelatase	m4C	m4C	4-methylcytosine	6	0.00754717
NC_003197.2	CDS	2105207	2105999	-	792	EBBPGFGJ_02041	cbiJ	Cobalt-precorrin-6A reductase	m4C	m4C	4-methylcytosine	3	0.00378788
NC_003197.2	CDS	2105995	2106721	-	726	EBBPGFGJ_02042	cbiH	Probable cobalt-factor III C(17)-methyltransferase	m4C	m4C	4-methylcytosine	1	0.00137741
NC_003197.2	CDS	2106720	2107776	-	1056	EBBPGFGJ_02043	cbiG	Cobalt-precorrin-5A hydrolase	m4C	m4C	4-methylcytosine	1	0.00094697
NC_003197.2	CDS	2108513	2109092	-	579	EBBPGFGJ_02045	cbiT	Cobalt-precorrin-6B C(15)-methyltransferase (decarboxylating)	m4C	m4C	4-methylcytosine	1	0.00172712
NC_003197.2	CDS	2109680	2110820	-	1140	EBBPGFGJ_02047	cbiD	Cobalt-precorrin-5B C(1)-methyltransferase	m4C	m4C	4-methylcytosine	2	0.00175439
NC_003197.2	CDS	2110819	2111452	-	633	EBBPGFGJ_02048	cbiC	Cobalt-precorrin-8 methylmutase	m4C	m4C	4-methylcytosine	1	0.00157978
NC_003197.2	CDS	2111462	2112422	-	960	EBBPGFGJ_02049	cobD_2	Cobalamin biosynthesis protein CobD	m4C	m4C	4-methylcytosine	3	0.00312500
NC_003197.2	CDS	2112418	2113798	-	1380	EBBPGFGJ_02050	cbiA	Cobyrinate a%2Cc-diamide synthase	m4C	m4C	4-methylcytosine	3	0.00217391
NC_003197.2	CDS	2116842	2117127	+	285	EBBPGFGJ_02053	pduA_1	Propanediol utilization protein PduA	m4C	m4C	4-methylcytosine	1	0.00350877
NC_003197.2	CDS	2117123	2117936	+	813	EBBPGFGJ_02054	pduB	Propanediol utilization protein PduB	m4C	m4C	4-methylcytosine	15	0.01845018
NC_003197.2	CDS	2117954	2119619	+	1665	EBBPGFGJ_02055	pduC	Propanediol dehydratase large subunit	m4C	m4C	4-methylcytosine	8	0.00480480
NC_003197.2	CDS	2119629	2120304	+	675	EBBPGFGJ_02056	pduD	Propanediol dehydratase medium subunit	m4C	m4C	4-methylcytosine	2	0.00296296
NC_003197.2	CDS	2120849	2122682	+	1833	EBBPGFGJ_02058	ddrA_3	Diol dehydratase-reactivating factor alpha subunit	m4C	m4C	4-methylcytosine	25	0.01363884
NC_003197.2	CDS	2123801	2124434	+	633	EBBPGFGJ_02062	pduL	Phosphate propanoyltransferase	m4C	m4C	4-methylcytosine	6	0.00947867
NC_003197.2	CDS	2125210	2126221	+	1011	EBBPGFGJ_02065		hypothetical protein	m4C	m4C	4-methylcytosine	1	0.00098912
NC_003197.2	CDS	2126217	2127612	+	1395	EBBPGFGJ_02066	adhE_2	Aldehyde-alcohol dehydrogenase	m4C	m4C	4-methylcytosine	3	0.00215054
NC_003197.2	CDS	2127623	2128736	+	1113	EBBPGFGJ_02067	adhE_3	Aldehyde-alcohol dehydrogenase	m4C	m4C	4-methylcytosine	5	0.00449236
NC_003197.2	CDS	2128732	2130088	+	1356	EBBPGFGJ_02068	rsxC_2	Ion-translocating oxidoreductase complex subunit C	m4C	m4C	4-methylcytosine	8	0.00589971
NC_003197.2	CDS	2130090	2130645	+	555	EBBPGFGJ_02069		hypothetical protein	m4C	m4C	4-methylcytosine	1	0.00180180
NC_003197.2	CDS	2130999	2131452	+	453	EBBPGFGJ_02071	pduV_1	Propanediol utilization protein PduV	m4C	m4C	4-methylcytosine	2	0.00441501
NC_003197.2	CDS	2131436	2132651	+	1215	EBBPGFGJ_02072	pduW	Probable propionate kinase	m4C	m4C	4-methylcytosine	1	0.00082305
NC_003197.2	CDS	2132708	2133611	+	903	EBBPGFGJ_02073	pduX	L-threonine kinase	m4C	m4C	4-methylcytosine	9	0.00996678
NC_003197.2	CDS	2135401	2135869	-	468	EBBPGFGJ_02076	sbmC	DNA gyrase inhibitor	m4C	m4C	4-methylcytosine	1	0.00213675
NC_003197.2	CDS	2136021	2137188	-	1167	EBBPGFGJ_02077	dacD	D-alanyl-D-alanine carboxypeptidase DacD	m4C	m4C	4-methylcytosine	3	0.00257069
NC_003197.2	CDS	2138078	2138657	-	579	EBBPGFGJ_02079	phsB	Thiosulfate reductase electron transfer subunit PhsB	m4C	m4C	4-methylcytosine	1	0.00172712
NC_003197.2	CDS	2138671	2140948	-	2277	EBBPGFGJ_02080	phsA	Thiosulfate reductase molybdopterin-containing subunit PhsA	m4C	m4C	4-methylcytosine	6	0.00263505
NC_003197.2	CDS	2144257	2145688	+	1431	EBBPGFGJ_02082	sbcB	Exodeoxyribonuclease I	m4C	m4C	4-methylcytosine	7	0.00489168
NC_003197.2	CDS	2145823	2147182	-	1359	EBBPGFGJ_02083	plaP	Low-affinity putrescine importer PlaP	m4C	m4C	4-methylcytosine	1	0.00073584
NC_003197.2	CDS	2148427	2149252	-	825	EBBPGFGJ_02085	yeeZ	Protein YeeZ	m4C	m4C	4-methylcytosine	3	0.00363636
NC_003197.2	CDS	2150613	2151918	+	1305	EBBPGFGJ_02087	hisD	Histidinol dehydrogenase	m4C	m4C	4-methylcytosine	1	0.00076628
NC_003197.2	CDS	2151914	2152994	+	1080	EBBPGFGJ_02088	hisC	Histidinol-phosphate aminotransferase	m4C	m4C	4-methylcytosine	1	0.00092593
NC_003197.2	CDS	2154647	2155385	+	738	EBBPGFGJ_02091	hisA	1-(5-phosphoribosyl)-5-[(5-phosphoribosylamino)methylideneamino] imidazole-4-carboxamide isomerase	m4C	m4C	4-methylcytosine	3	0.00406504
NC_003197.2	CDS	2159357	2160764	-	1407	EBBPGFGJ_02096	gnd	6-phosphogluconate dehydrogenase%2C decarboxylating	m4C	m4C	4-methylcytosine	2	0.00142146
NC_003197.2	CDS	2160927	2162358	-	1431	EBBPGFGJ_02097		hypothetical protein	m4C	m4C	4-methylcytosine	1	0.00069881
NC_003197.2	CDS	2162429	2163863	-	1434	EBBPGFGJ_02098	glmM_1	Phosphoglucosamine mutase	m4C	m4C	4-methylcytosine	2	0.00139470
NC_003197.2	CDS	2163849	2165289	-	1440	EBBPGFGJ_02099	rfbM	Mannose-1-phosphate guanylyltransferase RfbM	m4C	m4C	4-methylcytosine	1	0.00069444
NC_003197.2	CDS	2165289	2166234	-	945	EBBPGFGJ_02100		hypothetical protein	m4C	m4C	4-methylcytosine	1	0.00105820
NC_003197.2	CDS	2168621	2169527	-	906	EBBPGFGJ_02103		hypothetical protein	m4C	m4C	4-methylcytosine	1	0.00110375
NC_003197.2	CDS	2170922	2172236	-	1314	EBBPGFGJ_02105	spnQ	dTDP-4-dehydro-2%2C6-dideoxy-D-glucose 3-dehydratase	m4C	m4C	4-methylcytosine	1	0.00076104
NC_003197.2	CDS	2173346	2174120	-	774	EBBPGFGJ_02107	rfbF	Glucose-1-phosphate cytidylyltransferase	m4C	m4C	4-methylcytosine	1	0.00129199
NC_003197.2	CDS	2174116	2175109	-	993	EBBPGFGJ_02108	ascD	CDP-6-deoxy-L-threo-D-glycero-4-hexulose-3-dehydrase reductase	m4C	m4C	4-methylcytosine	1	0.00100705
NC_003197.2	CDS	2175666	2176545	-	879	EBBPGFGJ_02110	rmlA	Glucose-1-phosphate thymidylyltransferase	m4C	m4C	4-methylcytosine	1	0.00113766
NC_003197.2	CDS	2178953	2179847	-	894	EBBPGFGJ_02113	galF	UTP--glucose-1-phosphate uridylyltransferase	m4C	m4C	4-methylcytosine	1	0.00111857
NC_003197.2	CDS	2181438	2182659	-	1221	EBBPGFGJ_02115	mshA_2	D-inositol-3-phosphate glycosyltransferase	m4C	m4C	4-methylcytosine	6	0.00491400
NC_003197.2	CDS	2182655	2183936	-	1281	EBBPGFGJ_02116		hypothetical protein	m4C	m4C	4-methylcytosine	1	0.00078064
NC_003197.2	CDS	2183957	2185436	-	1479	EBBPGFGJ_02117	wzxC	Lipopolysaccharide biosynthesis protein WzxC	m4C	m4C	4-methylcytosine	1	0.00067613
NC_003197.2	CDS	2185568	2186963	-	1395	EBBPGFGJ_02118	wcaJ	UDP-glucose:undecaprenyl-phosphate glucose-1-phosphate transferase	m4C	m4C	4-methylcytosine	3	0.00215054
NC_003197.2	CDS	2187016	2188387	-	1371	EBBPGFGJ_02119	algC	Phosphomannomutase/phosphoglucomutase	m4C	m4C	4-methylcytosine	12	0.00875274
NC_003197.2	CDS	2188497	2189934	-	1437	EBBPGFGJ_02120	manC1	Mannose-1-phosphate guanylyltransferase 1	m4C	m4C	4-methylcytosine	9	0.00626305
NC_003197.2	CDS	2189936	2191160	-	1224	EBBPGFGJ_02121		hypothetical protein	m4C	m4C	4-methylcytosine	3	0.00245098
NC_003197.2	CDS	2191156	2191630	-	474	EBBPGFGJ_02122	gmm	GDP-mannose mannosyl hydrolase	m4C	m4C	4-methylcytosine	1	0.00210970
NC_003197.2	CDS	2191632	2192598	-	966	EBBPGFGJ_02123	fcl	GDP-L-fucose synthase	m4C	m4C	4-methylcytosine	3	0.00310559
NC_003197.2	CDS	2192600	2193722	-	1122	EBBPGFGJ_02124	gmd	GDP-mannose 4%2C6-dehydratase	m4C	m4C	4-methylcytosine	2	0.00178253
NC_003197.2	CDS	2194315	2195062	-	747	EBBPGFGJ_02126		hypothetical protein	m4C	m4C	4-methylcytosine	1	0.00133869
NC_003197.2	CDS	2196263	2197481	-	1218	EBBPGFGJ_02128		hypothetical protein	m4C	m4C	4-methylcytosine	9	0.00738916
NC_003197.2	CDS	2197477	2197966	-	489	EBBPGFGJ_02129	cysE_1	Serine acetyltransferase	m4C	m4C	4-methylcytosine	1	0.00204499
NC_003197.2	CDS	2198897	2201057	-	2160	EBBPGFGJ_02131	wzc	Tyrosine-protein kinase wzc	m4C	m4C	4-methylcytosine	3	0.00138889
NC_003197.2	CDS	2201508	2202648	-	1140	EBBPGFGJ_02133		hypothetical protein	m4C	m4C	4-methylcytosine	4	0.00350877
NC_003197.2	CDS	2203322	2204903	+	1581	EBBPGFGJ_02134	yoaE_2	UPF0053 inner membrane protein YoaE	m4C	m4C	4-methylcytosine	3	0.00189753
NC_003197.2	CDS	2204988	2206845	-	1857	EBBPGFGJ_02135		hypothetical protein	m4C	m4C	4-methylcytosine	2	0.00107701
NC_003197.2	CDS	2206883	2207465	-	582	EBBPGFGJ_02136	dcd	dCTP deaminase	m4C	m4C	4-methylcytosine	1	0.00171821
NC_003197.2	CDS	2207555	2208197	-	642	EBBPGFGJ_02137	udk	Uridine kinase	m4C	m4C	4-methylcytosine	1	0.00155763
NC_003197.2	CDS	2208527	2211518	+	2991	EBBPGFGJ_02138		hypothetical protein	m4C	m4C	4-methylcytosine	5	0.00167168
NC_003197.2	CDS	2211485	2212355	-	870	EBBPGFGJ_02139	alkA	DNA-3-methyladenine glycosylase 2	m4C	m4C	4-methylcytosine	3	0.00344828
NC_003197.2	CDS	2212488	2213841	+	1353	EBBPGFGJ_02140	dnaK_2	Chaperone protein DnaK	m4C	m4C	4-methylcytosine	7	0.00517369
NC_003197.2	CDS	2214281	2215523	+	1242	EBBPGFGJ_02142	mdtA	Multidrug resistance protein MdtA	m4C	m4C	4-methylcytosine	3	0.00241546
NC_003197.2	CDS	2215522	2218645	+	3123	EBBPGFGJ_02143	mdtB	Multidrug resistance protein MdtB	m4C	m4C	4-methylcytosine	19	0.00608389
NC_003197.2	CDS	2218645	2221726	+	3081	EBBPGFGJ_02144	mdtC	Multidrug resistance protein MdtC	m4C	m4C	4-methylcytosine	5	0.00162285
NC_003197.2	CDS	2221722	2223135	+	1413	EBBPGFGJ_02145	mdtD	Putative multidrug resistance protein MdtD	m4C	m4C	4-methylcytosine	2	0.00141543
NC_003197.2	CDS	2223134	2224538	+	1404	EBBPGFGJ_02146	baeS	Signal transduction histidine-protein kinase BaeS	m4C	m4C	4-methylcytosine	7	0.00498575
NC_003197.2	CDS	2225525	2226728	+	1203	EBBPGFGJ_02148		hypothetical protein	m4C	m4C	4-methylcytosine	1	0.00083126
NC_003197.2	CDS	2226727	2227444	+	717	EBBPGFGJ_02149		hypothetical protein	m4C	m4C	4-methylcytosine	4	0.00557880
NC_003197.2	CDS	2227454	2229566	+	2112	EBBPGFGJ_02150		hypothetical protein	m4C	m4C	4-methylcytosine	4	0.00189394
NC_003197.2	CDS	2229681	2231043	+	1362	EBBPGFGJ_02151	rlhA_2	23S rRNA 5-hydroxycytidine C2501 synthase	m4C	m4C	4-methylcytosine	1	0.00073421
NC_003197.2	CDS	2234010	2234910	+	900	EBBPGFGJ_02155	yegS	Probable lipid kinase YegS	m4C	m4C	4-methylcytosine	2	0.00222222
NC_003197.2	CDS	2236268	2237540	+	1272	EBBPGFGJ_02157	yegT	Putative nucleoside transporter YegT	m4C	m4C	4-methylcytosine	3	0.00235849
NC_003197.2	CDS	2237536	2238541	+	1005	EBBPGFGJ_02158	draG	ADP-ribosyl-[dinitrogen reductase] glycohydrolase	m4C	m4C	4-methylcytosine	25	0.02487562
NC_003197.2	CDS	2238537	2239503	+	966	EBBPGFGJ_02159	iolC_1	5-dehydro-2-deoxygluconokinase	m4C	m4C	4-methylcytosine	9	0.00931677
NC_003197.2	CDS	2239476	2240223	-	747	EBBPGFGJ_02160	frlR	Probable fructoselysine utilization operon transcriptional repressor	m4C	m4C	4-methylcytosine	4	0.00535475
NC_003197.2	CDS	2240258	2241059	-	801	EBBPGFGJ_02161	thiD	Hydroxymethylpyrimidine/phosphomethylpyrimidine kinase	m4C	m4C	4-methylcytosine	5	0.00624220
NC_003197.2	CDS	2241045	2241843	-	798	EBBPGFGJ_02162	thiM	Hydroxyethylthiazole kinase	m4C	m4C	4-methylcytosine	4	0.00501253
NC_003197.2	CDS	2243852	2246342	-	2490	EBBPGFGJ_02165	yehB	Outer membrane usher protein YehB	m4C	m4C	4-methylcytosine	2	0.00080321
NC_003197.2	CDS	2246355	2247039	-	684	EBBPGFGJ_02166	yehC	Probable fimbrial chaperone YehC	m4C	m4C	4-methylcytosine	1	0.00146199
NC_003197.2	CDS	2248462	2249572	-	1110	EBBPGFGJ_02169	apbC	Iron-sulfur cluster carrier protein	m4C	m4C	4-methylcytosine	16	0.01441441
NC_003197.2	CDS	2249736	2251770	+	2034	EBBPGFGJ_02170	metG	Methionine--tRNA ligase	m4C	m4C	4-methylcytosine	7	0.00344149
NC_003197.2	CDS	2252010	2252469	+	459	EBBPGFGJ_02171	yehR	Uncharacterized lipoprotein YehR	m4C	m4C	4-methylcytosine	1	0.00217865
NC_003197.2	CDS	2252640	2253171	+	531	EBBPGFGJ_02172		hypothetical protein	m4C	m4C	4-methylcytosine	1	0.00188324
NC_003197.2	CDS	2253227	2253695	-	468	EBBPGFGJ_02173		hypothetical protein	m4C	m4C	4-methylcytosine	1	0.00213675
NC_003197.2	CDS	2256365	2257097	+	732	EBBPGFGJ_02176	mlrA_2	HTH-type transcriptional regulator MlrA	m4C	m4C	4-methylcytosine	4	0.00546448
NC_003197.2	CDS	2257244	2257976	-	732	EBBPGFGJ_02178	yehW	Glycine betaine uptake system permease protein YehW	m4C	m4C	4-methylcytosine	3	0.00409836
NC_003197.2	CDS	2257959	2258907	-	948	EBBPGFGJ_02179	yehX	Glycine betaine uptake system ATP-binding protein YehX	m4C	m4C	4-methylcytosine	8	0.00843882
NC_003197.2	CDS	2260072	2260990	-	918	EBBPGFGJ_02181	yehZ	Glycine betaine-binding protein YehZ	m4C	m4C	4-methylcytosine	1	0.00108932
NC_003197.2	CDS	2261170	2263468	-	2298	EBBPGFGJ_02182		Beta-xylosidase	m4C	m4C	4-methylcytosine	1	0.00043516
NC_003197.2	CDS	2263734	2265465	+	1731	EBBPGFGJ_02183	dld	Quinone-dependent D-lactate dehydrogenase	m4C	m4C	4-methylcytosine	7	0.00404391
NC_003197.2	CDS	2265522	2266431	-	909	EBBPGFGJ_02184	pbpG	D-alanyl-D-alanine endopeptidase	m4C	m4C	4-methylcytosine	1	0.00110011
NC_003197.2	CDS	2266635	2267223	-	588	EBBPGFGJ_02185	yohC	Inner membrane protein YohC	m4C	m4C	4-methylcytosine	1	0.00170068
NC_003197.2	CDS	2267381	2267951	+	570	EBBPGFGJ_02186	yohD	Inner membrane protein YohD	m4C	m4C	4-methylcytosine	2	0.00350877
NC_003197.2	CDS	2267999	2268761	-	762	EBBPGFGJ_02187	yohF	Uncharacterized oxidoreductase YohF	m4C	m4C	4-methylcytosine	2	0.00262467
NC_003197.2	CDS	2268826	2270263	-	1437	EBBPGFGJ_02188	ttgI	Toluene efflux pump outer membrane protein TtgI	m4C	m4C	4-methylcytosine	4	0.00278358
NC_003197.2	CDS	2270721	2271660	-	939	EBBPGFGJ_02189	dusC	tRNA-dihydrouridine(16) synthase	m4C	m4C	4-methylcytosine	2	0.00212993
NC_003197.2	CDS	2271768	2272962	-	1194	EBBPGFGJ_02190	mhbM	3-hydroxybenzoate 6-hydroxylase	m4C	m4C	4-methylcytosine	22	0.01842546
NC_003197.2	CDS	2272976	2273621	-	645	EBBPGFGJ_02191	nagL	Maleylpyruvate isomerase	m4C	m4C	4-methylcytosine	2	0.00310078
NC_003197.2	CDS	2273629	2274331	-	702	EBBPGFGJ_02192	nagK_2	Fumarylpyruvate hydrolase	m4C	m4C	4-methylcytosine	1	0.00142450
NC_003197.2	CDS	2274346	2275384	-	1038	EBBPGFGJ_02193	nagI	Gentisate 1%2C2-dioxygenase	m4C	m4C	4-methylcytosine	2	0.00192678
NC_003197.2	CDS	2276879	2277788	+	909	EBBPGFGJ_02195	gbpR_2	HTH-type transcriptional regulator GbpR	m4C	m4C	4-methylcytosine	1	0.00110011
NC_003197.2	CDS	2278314	2279010	+	696	EBBPGFGJ_02197	yohK_1	Inner membrane protein YohK	m4C	m4C	4-methylcytosine	5	0.00718391
NC_003197.2	CDS	2279163	2280048	+	885	EBBPGFGJ_02198	cdd	Cytidine deaminase	m4C	m4C	4-methylcytosine	19	0.02146893
NC_003197.2	CDS	2280224	2280944	+	720	EBBPGFGJ_02199		hypothetical protein	m4C	m4C	4-methylcytosine	1	0.00138889
NC_003197.2	CDS	2281390	2282632	+	1242	EBBPGFGJ_02201	preT	NAD-dependent dihydropyrimidine dehydrogenase subunit PreT	m4C	m4C	4-methylcytosine	3	0.00241546
NC_003197.2	CDS	2282625	2283861	+	1236	EBBPGFGJ_02202	preA	NAD-dependent dihydropyrimidine dehydrogenase subunit PreA	m4C	m4C	4-methylcytosine	3	0.00242718
NC_003197.2	CDS	2283935	2284946	-	1011	EBBPGFGJ_02203	mglC	Galactoside transport system permease protein MglC	m4C	m4C	4-methylcytosine	1	0.00098912
NC_003197.2	CDS	2284961	2286482	-	1521	EBBPGFGJ_02204	mglA	Galactose/methyl galactoside import ATP-binding protein MglA	m4C	m4C	4-methylcytosine	2	0.00131492
NC_003197.2	CDS	2286615	2287614	-	999	EBBPGFGJ_02205	mglB	D-galactose-binding periplasmic protein	m4C	m4C	4-methylcytosine	3	0.00300300
NC_003197.2	CDS	2288112	2289135	-	1023	EBBPGFGJ_02206	galS_2	HTH-type transcriptional regulator GalS	m4C	m4C	4-methylcytosine	2	0.00195503
NC_003197.2	CDS	2289284	2290445	-	1161	EBBPGFGJ_02207		hypothetical protein	m4C	m4C	4-methylcytosine	2	0.00172265
NC_003197.2	CDS	2290441	2291110	-	669	EBBPGFGJ_02208	folE	GTP cyclohydrolase 1	m4C	m4C	4-methylcytosine	2	0.00298954
NC_003197.2	CDS	2292679	2294047	-	1368	EBBPGFGJ_02211	sdaA_2	L-serine dehydratase 1	m4C	m4C	4-methylcytosine	3	0.00219298
NC_003197.2	CDS	2295183	2296506	+	1323	EBBPGFGJ_02213	uhpC_1	Membrane sensor protein UhpC	m4C	m4C	4-methylcytosine	1	0.00075586
NC_003197.2	CDS	2296549	2298541	-	1992	EBBPGFGJ_02214	cirA	Colicin I receptor	m4C	m4C	4-methylcytosine	3	0.00150602
NC_003197.2	CDS	2301529	2302579	+	1050	EBBPGFGJ_02217	yeiH	UPF0324 inner membrane protein YeiH	m4C	m4C	4-methylcytosine	5	0.00476190
NC_003197.2	CDS	2302657	2303515	+	858	EBBPGFGJ_02218	nfo	Endonuclease 4	m4C	m4C	4-methylcytosine	3	0.00349650
NC_003197.2	CDS	2303579	2305268	-	1689	EBBPGFGJ_02219	fruA_1	PTS system fructose-specific EIIB'BC component	m4C	m4C	4-methylcytosine	6	0.00355240
NC_003197.2	CDS	2306222	2307353	-	1131	EBBPGFGJ_02221	fruB	Multiphosphoryl transfer protein	m4C	m4C	4-methylcytosine	3	0.00265252
NC_003197.2	CDS	2307721	2308903	+	1182	EBBPGFGJ_02223	setB	Sugar efflux transporter B	m4C	m4C	4-methylcytosine	5	0.00423012
NC_003197.2	CDS	2310722	2311295	+	573	EBBPGFGJ_02226	yeiP	Elongation factor P-like protein	m4C	m4C	4-methylcytosine	3	0.00523560
NC_003197.2	CDS	2311507	2312494	+	987	EBBPGFGJ_02227	yeiR	Zinc-binding GTPase YeiR	m4C	m4C	4-methylcytosine	5	0.00506586
NC_003197.2	CDS	2312523	2313243	+	720	EBBPGFGJ_02228	lpxT	Lipid A 1-diphosphate synthase	m4C	m4C	4-methylcytosine	2	0.00277778
NC_003197.2	CDS	2314554	2316111	+	1557	EBBPGFGJ_02230	pdeN_2	Probable cyclic di-GMP phosphodiesterase PdeN	m4C	m4C	4-methylcytosine	1	0.00064226
NC_003197.2	CDS	2316217	2318023	+	1806	EBBPGFGJ_02231		hypothetical protein	m4C	m4C	4-methylcytosine	6	0.00332226
NC_003197.2	CDS	2318032	2319127	+	1095	EBBPGFGJ_02232	yejB	Inner membrane ABC transporter permease protein YejB	m4C	m4C	4-methylcytosine	7	0.00639269
NC_003197.2	CDS	2320153	2321743	+	1590	EBBPGFGJ_02234	yejF	Uncharacterized ABC transporter ATP-binding protein YejF	m4C	m4C	4-methylcytosine	9	0.00566038
NC_003197.2	CDS	2322481	2323672	-	1191	EBBPGFGJ_02236	bcr	Bicyclomycin resistance protein	m4C	m4C	4-methylcytosine	1	0.00083963
NC_003197.2	CDS	2323699	2324395	-	696	EBBPGFGJ_02237	rsuA	Ribosomal small subunit pseudouridine synthase A	m4C	m4C	4-methylcytosine	1	0.00143678
NC_003197.2	CDS	2324546	2326307	+	1761	EBBPGFGJ_02238	radD	Putative DNA repair helicase RadD	m4C	m4C	4-methylcytosine	13	0.00738217
NC_003197.2	CDS	2327472	2328480	-	1008	EBBPGFGJ_02241	yejK	Nucleoid-associated protein YejK	m4C	m4C	4-methylcytosine	1	0.00099206
NC_003197.2	CDS	2328918	2330679	+	1761	EBBPGFGJ_02243	yejM	Inner membrane protein YejM	m4C	m4C	4-methylcytosine	5	0.00283930
NC_003197.2	CDS	2330959	2331631	-	672	EBBPGFGJ_02245		hypothetical protein	m4C	m4C	4-methylcytosine	4	0.00595238
NC_003197.2	CDS	2335362	2336604	-	1242	EBBPGFGJ_02249		hypothetical protein	m4C	m4C	4-methylcytosine	4	0.00322061
NC_003197.2	CDS	2336664	2337183	-	519	EBBPGFGJ_02250		hypothetical protein	m4C	m4C	4-methylcytosine	2	0.00385356
NC_003197.2	CDS	2337196	2337526	-	330	EBBPGFGJ_02251		hypothetical protein	m4C	m4C	4-methylcytosine	1	0.00303030
NC_003197.2	CDS	2337822	2339154	+	1332	EBBPGFGJ_02252		hypothetical protein	m4C	m4C	4-methylcytosine	1	0.00075075
NC_003197.2	CDS	2339565	2340555	-	990	EBBPGFGJ_02254		hypothetical protein	m4C	m4C	4-methylcytosine	1	0.00101010
NC_003197.2	CDS	2340562	2340793	-	231	EBBPGFGJ_02255		hypothetical protein	m4C	m4C	4-methylcytosine	1	0.00432900
NC_003197.2	CDS	2340883	2343250	-	2367	EBBPGFGJ_02257	sspH2	E3 ubiquitin-protein ligase SspH2	m4C	m4C	4-methylcytosine	6	0.00253485
NC_003197.2	CDS	2343918	2344710	-	792	EBBPGFGJ_02258		hypothetical protein	m4C	m4C	4-methylcytosine	5	0.00631313
NC_003197.2	CDS	2347391	2348435	-	1044	EBBPGFGJ_02262	ccmH_1	Cytochrome c-type biogenesis protein CcmH	m4C	m4C	4-methylcytosine	4	0.00383142
NC_003197.2	CDS	2348985	2350917	-	1932	EBBPGFGJ_02264	ccmF_1	Cytochrome c-type biogenesis protein CcmF	m4C	m4C	4-methylcytosine	7	0.00362319
NC_003197.2	CDS	2350913	2351393	-	480	EBBPGFGJ_02265	ccmE_1	Cytochrome c-type biogenesis protein CcmE	m4C	m4C	4-methylcytosine	2	0.00416667
NC_003197.2	CDS	2351598	2352345	-	747	EBBPGFGJ_02267	ccmC_1	Heme exporter protein C	m4C	m4C	4-methylcytosine	2	0.00267738
NC_003197.2	CDS	2353043	2353661	-	618	EBBPGFGJ_02269	ccmA_1	Cytochrome c biogenesis ATP-binding export protein CcmA	m4C	m4C	4-methylcytosine	12	0.01941748
NC_003197.2	CDS	2353681	2354284	-	603	EBBPGFGJ_02270	napC	Cytochrome c-type protein NapC	m4C	m4C	4-methylcytosine	1	0.00165837
NC_003197.2	CDS	2354293	2354743	-	450	EBBPGFGJ_02271	napB	Periplasmic nitrate reductase%2C electron transfer subunit	m4C	m4C	4-methylcytosine	1	0.00222222
NC_003197.2	CDS	2355714	2356410	-	696	EBBPGFGJ_02273	napG	Ferredoxin-type protein NapG	m4C	m4C	4-methylcytosine	5	0.00718391
NC_003197.2	CDS	2356416	2358903	-	2487	EBBPGFGJ_02274	napA	Periplasmic nitrate reductase	m4C	m4C	4-methylcytosine	6	0.00241255
NC_003197.2	CDS	2359152	2359644	-	492	EBBPGFGJ_02276	napF_1	Ferredoxin-type protein NapF	m4C	m4C	4-methylcytosine	1	0.00203252
NC_003197.2	CDS	2362479	2363130	-	651	EBBPGFGJ_02280	alkB	Alpha-ketoglutarate-dependent dioxygenase AlkB	m4C	m4C	4-methylcytosine	3	0.00460829
NC_003197.2	CDS	2363132	2364191	-	1059	EBBPGFGJ_02281	ada	Bifunctional transcriptional activator/DNA repair enzyme Ada	m4C	m4C	4-methylcytosine	9	0.00849858
NC_003197.2	CDS	2367306	2369976	+	2670	EBBPGFGJ_02284	rcsD	Phosphotransferase RcsD	m4C	m4C	4-methylcytosine	4	0.00149813
NC_003197.2	CDS	2369992	2370643	+	651	EBBPGFGJ_02285	rcsB_1	Transcriptional regulatory protein RcsB	m4C	m4C	4-methylcytosine	2	0.00307220
NC_003197.2	CDS	2373709	2376346	-	2637	EBBPGFGJ_02287	gyrA	DNA gyrase subunit A	m4C	m4C	4-methylcytosine	7	0.00265453
NC_003197.2	CDS	2377972	2379298	-	1326	EBBPGFGJ_02289	ttuB_2	Putative tartrate transporter	m4C	m4C	4-methylcytosine	2	0.00150830
NC_003197.2	CDS	2380314	2381043	+	729	EBBPGFGJ_02291	ubiG	Ubiquinone biosynthesis O-methyltransferase	m4C	m4C	4-methylcytosine	3	0.00411523
NC_003197.2	CDS	2381398	2383684	+	2286	EBBPGFGJ_02292	nrdA	Ribonucleoside-diphosphate reductase 1 subunit alpha	m4C	m4C	4-methylcytosine	1	0.00043745
NC_003197.2	CDS	2384926	2385181	+	255	EBBPGFGJ_02294		hypothetical protein	m4C	m4C	4-methylcytosine	3	0.01176471
NC_003197.2	CDS	2385182	2386400	-	1218	EBBPGFGJ_02295	cntE	Staphylopine export protein	m4C	m4C	4-methylcytosine	1	0.00082102
NC_003197.2	CDS	2386534	2387413	+	879	EBBPGFGJ_02296	gltC_1	HTH-type transcriptional regulator GltC	m4C	m4C	4-methylcytosine	3	0.00341297
NC_003197.2	CDS	2388603	2389962	-	1359	EBBPGFGJ_02298	glpT	Glycerol-3-phosphate transporter	m4C	m4C	4-methylcytosine	6	0.00441501
NC_003197.2	CDS	2390234	2391863	+	1629	EBBPGFGJ_02299	glpA	Anaerobic glycerol-3-phosphate dehydrogenase subunit A	m4C	m4C	4-methylcytosine	14	0.00859423
NC_003197.2	CDS	2391852	2393112	+	1260	EBBPGFGJ_02300	glpB	Anaerobic glycerol-3-phosphate dehydrogenase subunit B	m4C	m4C	4-methylcytosine	7	0.00555556
NC_003197.2	CDS	2393108	2394299	+	1191	EBBPGFGJ_02301	glpC	Anaerobic glycerol-3-phosphate dehydrogenase subunit C	m4C	m4C	4-methylcytosine	3	0.00251889
NC_003197.2	CDS	2396038	2396842	-	804	EBBPGFGJ_02304	rhmA	2-keto-3-deoxy-L-rhamnonate aldolase	m4C	m4C	4-methylcytosine	1	0.00124378
NC_003197.2	CDS	2399431	2400214	-	783	EBBPGFGJ_02307	rhmR_1	Uncharacterized HTH-type transcriptional regulator RhmR	m4C	m4C	4-methylcytosine	1	0.00127714
NC_003197.2	CDS	2400463	2401660	-	1197	EBBPGFGJ_02308	pncC_2	Nicotinamide-nucleotide amidohydrolase PncC	m4C	m4C	4-methylcytosine	7	0.00584795
NC_003197.2	CDS	2401774	2402341	-	567	EBBPGFGJ_02309		hypothetical protein	m4C	m4C	4-methylcytosine	2	0.00352734
NC_003197.2	CDS	2403969	2405109	+	1140	EBBPGFGJ_02312	arnB	UDP-4-amino-4-deoxy-L-arabinose--oxoglutarate aminotransferase	m4C	m4C	4-methylcytosine	9	0.00789474
NC_003197.2	CDS	2405111	2406095	+	984	EBBPGFGJ_02313	arnC	Undecaprenyl-phosphate 4-deoxy-4-formamido-L-arabinose transferase	m4C	m4C	4-methylcytosine	1	0.00101626
NC_003197.2	CDS	2406091	2408074	+	1983	EBBPGFGJ_02314	arnA	Bifunctional polymyxin resistance protein ArnA	m4C	m4C	4-methylcytosine	3	0.00151286
NC_003197.2	CDS	2408070	2408970	+	900	EBBPGFGJ_02315	arnD	Probable 4-deoxy-4-formamido-L-arabinose-phosphoundecaprenol deformylase ArnD	m4C	m4C	4-methylcytosine	2	0.00222222
NC_003197.2	CDS	2408966	2410613	+	1647	EBBPGFGJ_02316	arnT	Undecaprenyl phosphate-alpha-4-amino-4-deoxy-L-arabinose arabinosyl transferase	m4C	m4C	4-methylcytosine	1	0.00060716
NC_003197.2	CDS	2411671	2413039	-	1368	EBBPGFGJ_02320	menE	2-succinylbenzoate--CoA ligase	m4C	m4C	4-methylcytosine	3	0.00219298
NC_003197.2	CDS	2413997	2414855	-	858	EBBPGFGJ_02322	menB	1%2C4-dihydroxy-2-naphthoyl-CoA synthase	m4C	m4C	4-methylcytosine	3	0.00349650
NC_003197.2	CDS	2415624	2417295	-	1671	EBBPGFGJ_02324	menD	2-succinyl-5-enolpyruvyl-6-hydroxy-3-cyclohexene-1-carboxylate synthase	m4C	m4C	4-methylcytosine	6	0.00359066
NC_003197.2	CDS	2417380	2418676	-	1296	EBBPGFGJ_02325	menF	Isochorismate synthase MenF	m4C	m4C	4-methylcytosine	5	0.00385802
NC_003197.2	CDS	2418776	2419082	-	306	EBBPGFGJ_02326	elaB	Protein ElaB	m4C	m4C	4-methylcytosine	1	0.00326797
NC_003197.2	CDS	2419658	2420576	+	918	EBBPGFGJ_02328	rbn	Ribonuclease BN	m4C	m4C	4-methylcytosine	2	0.00217865
NC_003197.2	CDS	2420641	2421643	+	1002	EBBPGFGJ_02329	cheV	Chemotaxis protein CheV	m4C	m4C	4-methylcytosine	3	0.00299401
NC_003197.2	CDS	2421683	2423465	-	1782	EBBPGFGJ_02330		hypothetical protein	m4C	m4C	4-methylcytosine	2	0.00112233
NC_003197.2	CDS	2424352	2425810	-	1458	EBBPGFGJ_02331	nuoN	NADH-quinone oxidoreductase subunit N	m4C	m4C	4-methylcytosine	1	0.00068587
NC_003197.2	CDS	2425816	2427346	-	1530	EBBPGFGJ_02332	nuoM	NADH-quinone oxidoreductase subunit M	m4C	m4C	4-methylcytosine	1	0.00065359
NC_003197.2	CDS	2427659	2429501	-	1842	EBBPGFGJ_02333	nuoL	NADH-quinone oxidoreductase subunit L	m4C	m4C	4-methylcytosine	1	0.00054289
NC_003197.2	CDS	2429796	2430351	-	555	EBBPGFGJ_02335	nuoJ	NADH-quinone oxidoreductase subunit J	m4C	m4C	4-methylcytosine	3	0.00540541
NC_003197.2	CDS	2430361	2430904	-	543	EBBPGFGJ_02336	nuoI	NADH-quinone oxidoreductase subunit I	m4C	m4C	4-methylcytosine	1	0.00184162
NC_003197.2	CDS	2430918	2431896	-	978	EBBPGFGJ_02337	nuoH	NADH-quinone oxidoreductase subunit H	m4C	m4C	4-methylcytosine	1	0.00102249
NC_003197.2	CDS	2431892	2434619	-	2727	EBBPGFGJ_02338	nuoG	NADH-quinone oxidoreductase subunit G	m4C	m4C	4-methylcytosine	9	0.00330033
NC_003197.2	CDS	2434649	2435987	-	1338	EBBPGFGJ_02339	nuoF	NADH-quinone oxidoreductase subunit F	m4C	m4C	4-methylcytosine	4	0.00298954
NC_003197.2	CDS	2435983	2436484	-	501	EBBPGFGJ_02340	nuoE	NADH-quinone oxidoreductase subunit E	m4C	m4C	4-methylcytosine	2	0.00399202
NC_003197.2	CDS	2436486	2438289	-	1803	EBBPGFGJ_02341	nuoC	NADH-quinone oxidoreductase subunit C/D	m4C	m4C	4-methylcytosine	2	0.00110926
NC_003197.2	CDS	2438375	2439038	-	663	EBBPGFGJ_02342	nuoB	NADH-quinone oxidoreductase subunit B	m4C	m4C	4-methylcytosine	1	0.00150830
NC_003197.2	CDS	2441993	2443208	+	1215	EBBPGFGJ_02345	alaA	Glutamate-pyruvate aminotransferase AlaA	m4C	m4C	4-methylcytosine	1	0.00082305
NC_003197.2	CDS	2443301	2443901	+	600	EBBPGFGJ_02346	yfbR	5'-deoxynucleotidase YfbR	m4C	m4C	4-methylcytosine	2	0.00333333
NC_003197.2	CDS	2443992	2445819	-	1827	EBBPGFGJ_02347		hypothetical protein	m4C	m4C	4-methylcytosine	1	0.00054735
NC_003197.2	CDS	2445895	2446555	-	660	EBBPGFGJ_02348	hxpA	Hexitol phosphatase A	m4C	m4C	4-methylcytosine	3	0.00454545
NC_003197.2	CDS	2449216	2451361	+	2145	EBBPGFGJ_02352	pta	Phosphate acetyltransferase	m4C	m4C	4-methylcytosine	5	0.00233100
NC_003197.2	CDS	2451578	2453099	+	1521	EBBPGFGJ_02353		hypothetical protein	m4C	m4C	4-methylcytosine	6	0.00394477
NC_003197.2	CDS	2453147	2454101	-	954	EBBPGFGJ_02354	aptB	Apulose-4-phosphate transketolase subunit B	m4C	m4C	4-methylcytosine	3	0.00314465
NC_003197.2	CDS	2454920	2456312	-	1392	EBBPGFGJ_02356	ulaA_2	Ascorbate-specific PTS system EIIC component	m4C	m4C	4-methylcytosine	4	0.00287356
NC_003197.2	CDS	2457381	2458401	+	1020	EBBPGFGJ_02359	gntR_1	HTH-type transcriptional regulator GntR	m4C	m4C	4-methylcytosine	2	0.00196078
NC_003197.2	CDS	2458406	2458961	-	555	EBBPGFGJ_02360	yfcD	Uncharacterized Nudix hydrolase YfcD	m4C	m4C	4-methylcytosine	1	0.00180180
NC_003197.2	CDS	2459624	2460269	-	645	EBBPGFGJ_02362	yfcF	Glutathione S-transferase YfcF	m4C	m4C	4-methylcytosine	3	0.00465116
NC_003197.2	CDS	2460411	2461059	+	648	EBBPGFGJ_02363	yfcG	Disulfide-bond oxidoreductase YfcG	m4C	m4C	4-methylcytosine	1	0.00154321
NC_003197.2	CDS	2461184	2462078	+	894	EBBPGFGJ_02364		Epimerase family protein SA0724	m4C	m4C	4-methylcytosine	2	0.00223714
NC_003197.2	CDS	2462129	2462903	-	774	EBBPGFGJ_02365	hisP	Histidine transport ATP-binding protein HisP	m4C	m4C	4-methylcytosine	2	0.00258398
NC_003197.2	CDS	2463620	2464307	-	687	EBBPGFGJ_02367	hisQ	Histidine transport system permease protein HisQ	m4C	m4C	4-methylcytosine	2	0.00291121
NC_003197.2	CDS	2464489	2465272	-	783	EBBPGFGJ_02368	hisJ	Histidine-binding periplasmic protein	m4C	m4C	4-methylcytosine	1	0.00127714
NC_003197.2	CDS	2466580	2467150	-	570	EBBPGFGJ_02370	ubiX	Flavin prenyltransferase UbiX	m4C	m4C	4-methylcytosine	2	0.00350877
NC_003197.2	CDS	2467176	2468583	-	1407	EBBPGFGJ_02371	rocC	Amino-acid permease RocC	m4C	m4C	4-methylcytosine	3	0.00213220
NC_003197.2	CDS	2468646	2469750	-	1104	EBBPGFGJ_02372	orr	Ornithine racemase	m4C	m4C	4-methylcytosine	4	0.00362319
NC_003197.2	CDS	2469751	2471173	-	1422	EBBPGFGJ_02373	gadC	Glutamate/gamma-aminobutyrate antiporter	m4C	m4C	4-methylcytosine	3	0.00210970
NC_003197.2	CDS	2471263	2472661	-	1398	EBBPGFGJ_02374	lysA_1	Diaminopimelate decarboxylase	m4C	m4C	4-methylcytosine	5	0.00357654
NC_003197.2	CDS	2472871	2474299	+	1428	EBBPGFGJ_02375	rocR	Arginine utilization regulatory protein RocR	m4C	m4C	4-methylcytosine	4	0.00280112
NC_003197.2	CDS	2474334	2475852	-	1518	EBBPGFGJ_02376	purF	Amidophosphoribosyltransferase	m4C	m4C	4-methylcytosine	6	0.00395257
NC_003197.2	CDS	2476688	2477363	-	675	EBBPGFGJ_02378	dedD	Cell division protein DedD	m4C	m4C	4-methylcytosine	3	0.00444444
NC_003197.2	CDS	2477352	2478621	-	1269	EBBPGFGJ_02379	folC	Dihydrofolate synthase/folylpolyglutamate synthase	m4C	m4C	4-methylcytosine	5	0.00394011
NC_003197.2	CDS	2478688	2479603	-	915	EBBPGFGJ_02380	accD	Acetyl-coenzyme A carboxylase carboxyl transferase subunit beta	m4C	m4C	4-methylcytosine	6	0.00655738
NC_003197.2	CDS	2479752	2480412	-	660	EBBPGFGJ_02381	dedA	Protein DedA	m4C	m4C	4-methylcytosine	1	0.00151515
NC_003197.2	CDS	2480460	2481273	-	813	EBBPGFGJ_02382	truA	tRNA pseudouridine synthase A	m4C	m4C	4-methylcytosine	2	0.00246002
NC_003197.2	CDS	2481272	2482286	-	1014	EBBPGFGJ_02383	usg	USG-1 protein	m4C	m4C	4-methylcytosine	1	0.00098619
NC_003197.2	CDS	2482353	2483490	-	1137	EBBPGFGJ_02384	pdxB	Erythronate-4-phosphate dehydrogenase	m4C	m4C	4-methylcytosine	2	0.00175901
NC_003197.2	CDS	2483593	2484595	+	1002	EBBPGFGJ_02385	flk	Flagellar regulator flk	m4C	m4C	4-methylcytosine	2	0.00199601
NC_003197.2	CDS	2484591	2485770	-	1179	EBBPGFGJ_02386	yfcJ_1	Uncharacterized MFS-type transporter YfcJ	m4C	m4C	4-methylcytosine	3	0.00254453
NC_003197.2	CDS	2486913	2487282	+	369	EBBPGFGJ_02389		hypothetical protein	m4C	m4C	4-methylcytosine	1	0.00271003
NC_003197.2	CDS	2488620	2489835	-	1215	EBBPGFGJ_02392	fabB	3-oxoacyl-[acyl-carrier-protein] synthase 1	m4C	m4C	4-methylcytosine	2	0.00164609
NC_003197.2	CDS	2489994	2491995	+	2001	EBBPGFGJ_02393	mnmC	tRNA 5-methylaminomethyl-2-thiouridine biosynthesis bifunctional protein MnmC	m4C	m4C	4-methylcytosine	8	0.00399800
NC_003197.2	CDS	2492354	2492903	-	549	EBBPGFGJ_02395	epmC	Elongation factor P hydroxylase	m4C	m4C	4-methylcytosine	1	0.00182149
NC_003197.2	CDS	2493711	2494536	-	825	EBBPGFGJ_02397	mepA	Penicillin-insensitive murein endopeptidase	m4C	m4C	4-methylcytosine	2	0.00242424
NC_003197.2	CDS	2497409	2497895	-	486	EBBPGFGJ_02401	sixA	Phosphohistidine phosphatase SixA	m4C	m4C	4-methylcytosine	1	0.00205761
NC_003197.2	CDS	2498103	2500251	-	2148	EBBPGFGJ_02402	fadJ	Fatty acid oxidation complex subunit alpha	m4C	m4C	4-methylcytosine	5	0.00232775
NC_003197.2	CDS	2500250	2501561	-	1311	EBBPGFGJ_02403	fadI	3-ketoacyl-CoA thiolase FadI	m4C	m4C	4-methylcytosine	3	0.00228833
NC_003197.2	CDS	2501738	2502023	-	285	EBBPGFGJ_02404	yiiS	UPF0381 protein YiiS	m4C	m4C	4-methylcytosine	1	0.00350877
NC_003197.2	CDS	2502393	2503701	+	1308	EBBPGFGJ_02405	fadL	Long-chain fatty acid transport protein	m4C	m4C	4-methylcytosine	3	0.00229358
NC_003197.2	CDS	2503761	2504517	-	756	EBBPGFGJ_02406	mlaA	Intermembrane phospholipid transport system lipoprotein MlaA	m4C	m4C	4-methylcytosine	2	0.00264550
NC_003197.2	CDS	2504805	2505747	+	942	EBBPGFGJ_02407	yfdC	Inner membrane protein YfdC	m4C	m4C	4-methylcytosine	2	0.00212314
NC_003197.2	CDS	2507259	2508510	-	1251	EBBPGFGJ_02411	dctD	C4-dicarboxylate transport transcriptional regulatory protein DctD	m4C	m4C	4-methylcytosine	3	0.00239808
NC_003197.2	CDS	2508496	2510503	-	2007	EBBPGFGJ_02412	pgtB	Phosphoglycerate transport system sensor protein PgtB	m4C	m4C	4-methylcytosine	3	0.00149477
NC_003197.2	CDS	2510499	2511774	-	1275	EBBPGFGJ_02413	pgtC	Phosphoglycerate transport regulatory protein PgtC	m4C	m4C	4-methylcytosine	1	0.00078431
NC_003197.2	CDS	2512128	2513520	+	1392	EBBPGFGJ_02414	pgtP	Phosphoglycerate transporter protein	m4C	m4C	4-methylcytosine	2	0.00143678
NC_003197.2	CDS	2514559	2515480	+	921	EBBPGFGJ_02417	lpxP	Lipid A biosynthesis palmitoleoyltransferase	m4C	m4C	4-methylcytosine	3	0.00325733
NC_003197.2	CDS	2516003	2517242	-	1239	EBBPGFGJ_02418	alaC	Glutamate-pyruvate aminotransferase AlaC	m4C	m4C	4-methylcytosine	1	0.00080710
NC_003197.2	CDS	2517962	2518928	-	966	EBBPGFGJ_02419	glk	Glucokinase	m4C	m4C	4-methylcytosine	4	0.00414079
NC_003197.2	CDS	2519131	2520367	+	1236	EBBPGFGJ_02420	yfeO	Putative ion-transport protein YfeO	m4C	m4C	4-methylcytosine	3	0.00242718
NC_003197.2	CDS	2520386	2522039	-	1653	EBBPGFGJ_02421	ipdC	Indole-3-pyruvate decarboxylase	m4C	m4C	4-methylcytosine	10	0.00604961
NC_003197.2	CDS	2522218	2523217	+	999	EBBPGFGJ_02422	gpr	L-glyceraldehyde 3-phosphate reductase	m4C	m4C	4-methylcytosine	3	0.00300300
NC_003197.2	tRNA	2528936	2529012	-	76	EBBPGFGJ_02427		tRNA-Ala(ggc)	m4C	m4C	4-methylcytosine	1	0.01315789
NC_003197.2	CDS	2530161	2531577	-	1416	EBBPGFGJ_02431	gltX	Glutamate--tRNA ligase	m4C	m4C	4-methylcytosine	4	0.00282486
NC_003197.2	tRNA	2532073	2532149	+	76	EBBPGFGJ_02434		tRNA-Val(tac)	m4C	m4C	4-methylcytosine	1	0.01315789
NC_003197.2	tRNA	2532153	2532229	+	76	EBBPGFGJ_02435		tRNA-Lys(ttt)	m4C	m4C	4-methylcytosine	2	0.02631579
NC_003197.2	CDS	2532392	2533277	-	885	EBBPGFGJ_02436	hcaR_1	Hca operon transcriptional activator HcaR	m4C	m4C	4-methylcytosine	1	0.00112994
NC_003197.2	CDS	2534856	2535690	-	834	EBBPGFGJ_02439	xapA	Purine nucleoside phosphorylase 2	m4C	m4C	4-methylcytosine	1	0.00119904
NC_003197.2	CDS	2535945	2536707	+	762	EBBPGFGJ_02440		hypothetical protein	m4C	m4C	4-methylcytosine	1	0.00131234
NC_003197.2	CDS	2536768	2537695	-	927	EBBPGFGJ_02441	oxyR_1	Hydrogen peroxide-inducible genes activator	m4C	m4C	4-methylcytosine	3	0.00323625
NC_003197.2	CDS	2537784	2538783	+	999	EBBPGFGJ_02442		hypothetical protein	m4C	m4C	4-methylcytosine	5	0.00500501
NC_003197.2	CDS	2538779	2538998	-	219	EBBPGFGJ_02443		hypothetical protein	m4C	m4C	4-methylcytosine	1	0.00456621
NC_003197.2	CDS	2538999	2541015	-	2016	EBBPGFGJ_02444	ligA	DNA ligase	m4C	m4C	4-methylcytosine	6	0.00297619
NC_003197.2	CDS	2541086	2542073	-	987	EBBPGFGJ_02445	zipA	Cell division protein ZipA	m4C	m4C	4-methylcytosine	8	0.00810537
NC_003197.2	CDS	2542304	2543066	+	762	EBBPGFGJ_02446	cysZ	Sulfate transporter CysZ	m4C	m4C	4-methylcytosine	1	0.00131234
NC_003197.2	CDS	2544890	2546618	+	1728	EBBPGFGJ_02449	ptsI	Phosphoenolpyruvate-protein phosphotransferase	m4C	m4C	4-methylcytosine	8	0.00462963
NC_003197.2	CDS	2548501	2549794	+	1293	EBBPGFGJ_02453	ptsJ	Vitamin B6 salvage pathway transcriptional repressor PtsJ	m4C	m4C	4-methylcytosine	13	0.01005414
NC_003197.2	CDS	2549808	2550528	+	720	EBBPGFGJ_02454		hypothetical protein	m4C	m4C	4-methylcytosine	2	0.00277778
NC_003197.2	CDS	2550979	2551519	+	540	EBBPGFGJ_02456		hypothetical protein	m4C	m4C	4-methylcytosine	2	0.00370370
NC_003197.2	CDS	2551649	2552561	-	912	EBBPGFGJ_02457	cysM	Cysteine synthase B	m4C	m4C	4-methylcytosine	5	0.00548246
NC_003197.2	CDS	2552628	2553726	-	1098	EBBPGFGJ_02458	cysA	Sulfate/thiosulfate import ATP-binding protein CysA	m4C	m4C	4-methylcytosine	2	0.00182149
NC_003197.2	CDS	2553715	2554591	-	876	EBBPGFGJ_02459	cysW	Sulfate transport system permease protein CysW	m4C	m4C	4-methylcytosine	2	0.00228311
NC_003197.2	CDS	2554590	2555424	-	834	EBBPGFGJ_02460	cysT	Sulfate transport system permease protein CysT	m4C	m4C	4-methylcytosine	4	0.00479616
NC_003197.2	CDS	2555423	2556440	-	1017	EBBPGFGJ_02461	cysP	Thiosulfate-binding protein	m4C	m4C	4-methylcytosine	1	0.00098328
NC_003197.2	CDS	2557626	2558526	-	900	EBBPGFGJ_02463	yfeX	Dye-decolorizing peroxidase YfeX	m4C	m4C	4-methylcytosine	3	0.00333333
NC_003197.2	CDS	2558620	2559196	-	576	EBBPGFGJ_02464	yfeY	Uncharacterized protein YfeY	m4C	m4C	4-methylcytosine	2	0.00347222
NC_003197.2	CDS	2560331	2561201	+	870	EBBPGFGJ_02467	amiA	N-acetylmuramoyl-L-alanine amidase AmiA	m4C	m4C	4-methylcytosine	2	0.00229885
NC_003197.2	CDS	2561203	2562103	+	900	EBBPGFGJ_02468	hemF	Oxygen-dependent coproporphyrinogen-III oxidase	m4C	m4C	4-methylcytosine	4	0.00444444
NC_003197.2	CDS	2562581	2563859	+	1278	EBBPGFGJ_02470		hypothetical protein	m4C	m4C	4-methylcytosine	4	0.00312989
NC_003197.2	CDS	2565158	2565653	-	495	EBBPGFGJ_02472	eutK	Ethanolamine utilization protein EutK	m4C	m4C	4-methylcytosine	6	0.01212121
NC_003197.2	CDS	2565665	2566325	-	660	EBBPGFGJ_02473	eutL	Ethanolamine utilization protein EutL	m4C	m4C	4-methylcytosine	3	0.00454545
NC_003197.2	CDS	2566334	2567231	-	897	EBBPGFGJ_02474	eutC	Ethanolamine ammonia-lyase light chain	m4C	m4C	4-methylcytosine	1	0.00111483
NC_003197.2	CDS	2567249	2568611	-	1362	EBBPGFGJ_02475	eutB	Ethanolamine ammonia-lyase heavy chain	m4C	m4C	4-methylcytosine	2	0.00146843
NC_003197.2	CDS	2568622	2570026	-	1404	EBBPGFGJ_02476		hypothetical protein	m4C	m4C	4-methylcytosine	3	0.00213675
NC_003197.2	CDS	2570022	2571249	-	1227	EBBPGFGJ_02477		hypothetical protein	m4C	m4C	4-methylcytosine	1	0.00081500
NC_003197.2	CDS	2571368	2572556	-	1188	EBBPGFGJ_02478	mdh_1	NAD-dependent methanol dehydrogenase	m4C	m4C	4-methylcytosine	14	0.01178451
NC_003197.2	CDS	2572545	2573385	-	840	EBBPGFGJ_02479	ftsA_2	Cell division protein FtsA	m4C	m4C	4-methylcytosine	4	0.00476190
NC_003197.2	CDS	2575541	2576558	-	1017	EBBPGFGJ_02483	eutD	Ethanolamine utilization protein EutD	m4C	m4C	4-methylcytosine	6	0.00589971
NC_003197.2	CDS	2576554	2577358	-	804	EBBPGFGJ_02484		hypothetical protein	m4C	m4C	4-methylcytosine	7	0.00870647
NC_003197.2	CDS	2578513	2578849	-	336	EBBPGFGJ_02487	eutS	Ethanolamine utilization protein EutS	m4C	m4C	4-methylcytosine	1	0.00297619
NC_003197.2	CDS	2579329	2579788	-	459	EBBPGFGJ_02488		IS200/IS605 family transposase IS200F	m4C	m4C	4-methylcytosine	1	0.00217865
NC_003197.2	CDS	2579977	2582257	-	2280	EBBPGFGJ_02489	maeB	NADP-dependent malic enzyme	m4C	m4C	4-methylcytosine	8	0.00350877
NC_003197.2	CDS	2582528	2583479	+	951	EBBPGFGJ_02490	tal	Transaldolase	m4C	m4C	4-methylcytosine	2	0.00210305
NC_003197.2	CDS	2583498	2585499	+	2001	EBBPGFGJ_02491	tktB	Transketolase 2	m4C	m4C	4-methylcytosine	2	0.00099950
NC_003197.2	CDS	2585919	2586963	-	1044	EBBPGFGJ_02493		hypothetical protein	m4C	m4C	4-methylcytosine	3	0.00287356
NC_003197.2	CDS	2587866	2589165	+	1299	EBBPGFGJ_02495	yfeW	Putative D-alanyl-D-alanine carboxypeptidase	m4C	m4C	4-methylcytosine	1	0.00076982
NC_003197.2	CDS	2589613	2591575	-	1962	EBBPGFGJ_02496		Ferredoxin--NADP reductase	m4C	m4C	4-methylcytosine	8	0.00407747
NC_003197.2	CDS	2591760	2593461	+	1701	EBBPGFGJ_02497	narQ	Nitrate/nitrite sensor protein NarQ	m4C	m4C	4-methylcytosine	2	0.00117578
NC_003197.2	CDS	2593645	2596759	+	3114	EBBPGFGJ_02498	acrB_2	Multidrug efflux pump subunit AcrB	m4C	m4C	4-methylcytosine	7	0.00224791
NC_003197.2	CDS	2597692	2598820	+	1128	EBBPGFGJ_02500	dapE	Succinyl-diaminopimelate desuccinylase	m4C	m4C	4-methylcytosine	2	0.00177305
NC_003197.2	CDS	2599074	2601093	-	2019	EBBPGFGJ_02502	tmcA	tRNA(Met) cytidine acetyltransferase TmcA	m4C	m4C	4-methylcytosine	26	0.01287766
NC_003197.2	CDS	2601108	2601972	-	864	EBBPGFGJ_02503		Uncharacterized protein Rv2575	m4C	m4C	4-methylcytosine	2	0.00231481
NC_003197.2	CDS	2602102	2602816	-	714	EBBPGFGJ_02504	purC	Phosphoribosylaminoimidazole-succinocarboxamide synthase	m4C	m4C	4-methylcytosine	1	0.00140056
NC_003197.2	CDS	2602990	2604025	-	1035	EBBPGFGJ_02505	bamC	Outer membrane protein assembly factor BamC	m4C	m4C	4-methylcytosine	6	0.00579710
NC_003197.2	CDS	2605637	2606108	+	471	EBBPGFGJ_02508	bcp	Peroxiredoxin Bcp	m4C	m4C	4-methylcytosine	3	0.00636943
NC_003197.2	CDS	2606694	2607762	-	1068	EBBPGFGJ_02510		hypothetical protein	m4C	m4C	4-methylcytosine	2	0.00187266
NC_003197.2	CDS	2607969	2609433	+	1464	EBBPGFGJ_02511	bepA	Beta-barrel assembly-enhancing protease	m4C	m4C	4-methylcytosine	9	0.00614754
NC_003197.2	CDS	2612031	2612658	-	627	EBBPGFGJ_02515	upp	Uracil phosphoribosyltransferase	m4C	m4C	4-methylcytosine	1	0.00159490
NC_003197.2	CDS	2613071	2614109	+	1038	EBBPGFGJ_02516	purM	Phosphoribosylformylglycinamidine cyclo-ligase	m4C	m4C	4-methylcytosine	2	0.00192678
NC_003197.2	CDS	2614108	2614747	+	639	EBBPGFGJ_02517	purN	Phosphoribosylglycinamide formyltransferase	m4C	m4C	4-methylcytosine	3	0.00469484
NC_003197.2	CDS	2614935	2617002	+	2067	EBBPGFGJ_02518	ppk	Polyphosphate kinase	m4C	m4C	4-methylcytosine	1	0.00048379
NC_003197.2	CDS	2617006	2618548	+	1542	EBBPGFGJ_02519	ppx	Exopolyphosphatase	m4C	m4C	4-methylcytosine	10	0.00648508
NC_003197.2	CDS	2618583	2620797	-	2214	EBBPGFGJ_02520	pdeF	Cyclic di-GMP phosphodiesterase PdeF	m4C	m4C	4-methylcytosine	3	0.00135501
NC_003197.2	CDS	2622803	2624381	-	1578	EBBPGFGJ_02524	guaA	GMP synthase [glutamine-hydrolyzing]	m4C	m4C	4-methylcytosine	15	0.00950570
NC_003197.2	CDS	2624450	2625917	-	1467	EBBPGFGJ_02525	guaB	Inosine-5'-monophosphate dehydrogenase	m4C	m4C	4-methylcytosine	4	0.00272665
NC_003197.2	CDS	2626077	2627427	+	1350	EBBPGFGJ_02526	xseA	Exodeoxyribonuclease 7 large subunit	m4C	m4C	4-methylcytosine	3	0.00222222
NC_003197.2	CDS	2627588	2633741	-	6153	EBBPGFGJ_02527		hypothetical protein	m4C	m4C	4-methylcytosine	18	0.00292540
NC_003197.2	CDS	2634401	2641709	-	7308	EBBPGFGJ_02528		hypothetical protein	m4C	m4C	4-methylcytosine	31	0.00424193
NC_003197.2	CDS	2641874	2647454	-	5580	EBBPGFGJ_02529		hypothetical protein	m4C	m4C	4-methylcytosine	55	0.00985663
NC_003197.2	CDS	2647591	2648551	-	960	EBBPGFGJ_02530		hypothetical protein	m4C	m4C	4-methylcytosine	1	0.00104167
NC_003197.2	CDS	2648608	2650801	-	2193	EBBPGFGJ_02531		hypothetical protein	m4C	m4C	4-methylcytosine	2	0.00091199
NC_003197.2	CDS	2651146	2651368	-	222	EBBPGFGJ_02532	yfgJ	Uncharacterized protein YfgJ	m4C	m4C	4-methylcytosine	1	0.00450450
NC_003197.2	CDS	2651456	2652929	-	1473	EBBPGFGJ_02533	der	GTPase Der	m4C	m4C	4-methylcytosine	1	0.00067889
NC_003197.2	CDS	2653047	2654226	-	1179	EBBPGFGJ_02534	bamB	Outer membrane protein assembly factor BamB	m4C	m4C	4-methylcytosine	1	0.00084818
NC_003197.2	CDS	2654870	2656145	-	1275	EBBPGFGJ_02536	hisS	Histidine--tRNA ligase	m4C	m4C	4-methylcytosine	2	0.00156863
NC_003197.2	CDS	2656255	2657374	-	1119	EBBPGFGJ_02537	ispG	4-hydroxy-3-methylbut-2-en-1-yl diphosphate synthase (flavodoxin)	m4C	m4C	4-methylcytosine	1	0.00089366
NC_003197.2	CDS	2657400	2658405	-	1005	EBBPGFGJ_02538	rodZ	Cytoskeleton protein RodZ	m4C	m4C	4-methylcytosine	4	0.00398010
NC_003197.2	CDS	2658696	2659863	-	1167	EBBPGFGJ_02539	rlmN	Dual-specificity RNA methyltransferase RlmN	m4C	m4C	4-methylcytosine	1	0.00085690
NC_003197.2	CDS	2660069	2660501	-	432	EBBPGFGJ_02540	ndk	Nucleoside diphosphate kinase	m4C	m4C	4-methylcytosine	4	0.00925926
NC_003197.2	CDS	2660621	2661485	-	864	EBBPGFGJ_02541	napF_2	Ferredoxin-type protein NapF	m4C	m4C	4-methylcytosine	10	0.01157407
NC_003197.2	CDS	2661484	2662294	-	810	EBBPGFGJ_02542	dmsC_3	Anaerobic dimethyl sulfoxide reductase chain C	m4C	m4C	4-methylcytosine	3	0.00370370
NC_003197.2	CDS	2662286	2662916	-	630	EBBPGFGJ_02543	dmsB_3	Anaerobic dimethyl sulfoxide reductase chain B	m4C	m4C	4-methylcytosine	1	0.00158730
NC_003197.2	CDS	2662912	2665291	-	2379	EBBPGFGJ_02544	dmsA_2	Dimethyl sulfoxide reductase DmsA	m4C	m4C	4-methylcytosine	5	0.00210172
NC_003197.2	CDS	2665446	2667762	-	2316	EBBPGFGJ_02545	pbpC	Penicillin-binding protein 1C	m4C	m4C	4-methylcytosine	9	0.00388601
NC_003197.2	CDS	2667762	2672697	-	4935	EBBPGFGJ_02546	yfhM	Alpha-2-macroglobulin	m4C	m4C	4-methylcytosine	9	0.00182371
NC_003197.2	CDS	2672905	2673748	+	843	EBBPGFGJ_02547	sseA_2	3-mercaptopyruvate sulfurtransferase	m4C	m4C	4-methylcytosine	2	0.00237248
NC_003197.2	CDS	2673727	2673952	-	225	EBBPGFGJ_02548		hypothetical protein	m4C	m4C	4-methylcytosine	1	0.00444444
NC_003197.2	CDS	2675231	2676008	-	777	EBBPGFGJ_02550		hypothetical protein	m4C	m4C	4-methylcytosine	1	0.00128700
NC_003197.2	CDS	2676022	2676202	+	180	EBBPGFGJ_02551		hypothetical protein	m4C	m4C	4-methylcytosine	1	0.00555556
NC_003197.2	CDS	2676117	2677401	-	1284	EBBPGFGJ_02552	pepB	Peptidase B	m4C	m4C	4-methylcytosine	7	0.00545171
NC_003197.2	CDS	2678196	2680047	-	1851	EBBPGFGJ_02555	hscA	Chaperone protein HscA	m4C	m4C	4-methylcytosine	16	0.00864398
NC_003197.2	CDS	2680770	2681094	-	324	EBBPGFGJ_02557	iscA	Iron-binding protein IscA	m4C	m4C	4-methylcytosine	1	0.00308642
NC_003197.2	CDS	2681536	2682751	-	1215	EBBPGFGJ_02559	iscS	Cysteine desulfurase IscS	m4C	m4C	4-methylcytosine	2	0.00164609
NC_003197.2	CDS	2682931	2683426	-	495	EBBPGFGJ_02560	iscR	HTH-type transcriptional regulator IscR	m4C	m4C	4-methylcytosine	1	0.00202020
NC_003197.2	CDS	2683585	2684317	-	732	EBBPGFGJ_02561	trmJ	tRNA (cytidine/uridine-2'-O-)-methyltransferase TrmJ	m4C	m4C	4-methylcytosine	3	0.00409836
NC_003197.2	CDS	2684435	2685239	+	804	EBBPGFGJ_02562	suhB	Inositol-1-monophosphatase	m4C	m4C	4-methylcytosine	1	0.00124378
NC_003197.2	CDS	2685383	2686262	+	879	EBBPGFGJ_02563		Uncharacterized protein Rv2307c	m4C	m4C	4-methylcytosine	1	0.00113766
NC_003197.2	CDS	2686443	2687487	+	1044	EBBPGFGJ_02564	asrA	Anaerobic sulfite reductase subunit A	m4C	m4C	4-methylcytosine	7	0.00670498
NC_003197.2	CDS	2687490	2688309	+	819	EBBPGFGJ_02565	asrB	Anaerobic sulfite reductase subunit B	m4C	m4C	4-methylcytosine	3	0.00366300
NC_003197.2	CDS	2688319	2689333	+	1014	EBBPGFGJ_02566	asrC	Anaerobic sulfite reductase subunit C	m4C	m4C	4-methylcytosine	2	0.00197239
NC_003197.2	CDS	2689333	2690320	-	987	EBBPGFGJ_02567		hypothetical protein	m4C	m4C	4-methylcytosine	1	0.00101317
NC_003197.2	CDS	2691074	2692352	+	1278	EBBPGFGJ_02569		hypothetical protein	m4C	m4C	4-methylcytosine	2	0.00156495
NC_003197.2	CDS	2692346	2693486	-	1140	EBBPGFGJ_02570	hcaT	Probable 3-phenylpropionic acid transporter	m4C	m4C	4-methylcytosine	3	0.00263158
NC_003197.2	CDS	2693681	2694935	-	1254	EBBPGFGJ_02571	glyA	Serine hydroxymethyltransferase	m4C	m4C	4-methylcytosine	4	0.00318979
NC_003197.2	CDS	2695259	2696450	+	1191	EBBPGFGJ_02572	hmp	Flavohemoprotein	m4C	m4C	4-methylcytosine	9	0.00755668
NC_003197.2	CDS	2696631	2698176	+	1545	EBBPGFGJ_02573	cadC	Transcriptional activator CadC	m4C	m4C	4-methylcytosine	1	0.00064725
NC_003197.2	CDS	2698536	2699868	+	1332	EBBPGFGJ_02574	cadB	Probable cadaverine/lysine antiporter	m4C	m4C	4-methylcytosine	1	0.00075075
NC_003197.2	CDS	2699950	2702095	+	2145	EBBPGFGJ_02575	cadA	Inducible lysine decarboxylase	m4C	m4C	4-methylcytosine	3	0.00139860
NC_003197.2	CDS	2702150	2703611	+	1461	EBBPGFGJ_02576	dtpC	Dipeptide and tripeptide permease C	m4C	m4C	4-methylcytosine	3	0.00205339
NC_003197.2	CDS	2704074	2705412	-	1338	EBBPGFGJ_02578	qseF	Transcriptional regulatory protein QseF	m4C	m4C	4-methylcytosine	1	0.00074738
NC_003197.2	CDS	2705408	2706173	-	765	EBBPGFGJ_02579	qseG	Quorum-sensing regulator protein G	m4C	m4C	4-methylcytosine	7	0.00915033
NC_003197.2	CDS	2706174	2707560	-	1386	EBBPGFGJ_02580	qseE	Sensor histidine kinase QseE	m4C	m4C	4-methylcytosine	1	0.00072150
NC_003197.2	CDS	2708254	2712142	-	3888	EBBPGFGJ_02581	purL	Phosphoribosylformylglycinamidine synthase	m4C	m4C	4-methylcytosine	17	0.00437243
NC_003197.2	CDS	2714568	2715204	-	636	EBBPGFGJ_02584	pgpC	Phosphatidylglycerophosphatase C	m4C	m4C	4-methylcytosine	1	0.00157233
NC_003197.2	CDS	2715207	2716569	-	1362	EBBPGFGJ_02585		PTS system EIIBC component SA0186	m4C	m4C	4-methylcytosine	6	0.00440529
NC_003197.2	CDS	2716579	2717473	-	894	EBBPGFGJ_02586	murQ	N-acetylmuramic acid 6-phosphate etherase	m4C	m4C	4-methylcytosine	1	0.00111857
NC_003197.2	CDS	2717588	2718437	+	849	EBBPGFGJ_02587	murR	HTH-type transcriptional regulator MurR	m4C	m4C	4-methylcytosine	2	0.00235571
NC_003197.2	CDS	2719414	2720611	-	1197	EBBPGFGJ_02589		L-lactate transporter	m4C	m4C	4-methylcytosine	1	0.00083542
NC_003197.2	CDS	2720726	2721653	+	927	EBBPGFGJ_02590	hdfR_2	HTH-type transcriptional regulator HdfR	m4C	m4C	4-methylcytosine	2	0.00215750
NC_003197.2	CDS	2722062	2722443	-	381	EBBPGFGJ_02592	acpS	Holo-[acyl-carrier-protein] synthase	m4C	m4C	4-methylcytosine	11	0.02887139
NC_003197.2	CDS	2722442	2723174	-	732	EBBPGFGJ_02593	pdxJ	Pyridoxine 5'-phosphate synthase	m4C	m4C	4-methylcytosine	3	0.00409836
NC_003197.2	CDS	2723185	2723914	-	729	EBBPGFGJ_02594	recO	DNA repair protein RecO	m4C	m4C	4-methylcytosine	6	0.00823045
NC_003197.2	CDS	2724827	2725565	-	738	EBBPGFGJ_02596	rnc	Ribonuclease 3	m4C	m4C	4-methylcytosine	1	0.00135501
NC_003197.2	CDS	2725781	2726756	-	975	EBBPGFGJ_02597	lepB	Signal peptidase I	m4C	m4C	4-methylcytosine	1	0.00102564
NC_003197.2	CDS	2726772	2728572	-	1800	EBBPGFGJ_02598	lepA	Elongation factor 4	m4C	m4C	4-methylcytosine	4	0.00222222
NC_003197.2	CDS	2729000	2730470	+	1470	EBBPGFGJ_02599		hypothetical protein	m4C	m4C	4-methylcytosine	1	0.00068027
NC_003197.2	CDS	2732016	2732202	+	186	EBBPGFGJ_02601		hypothetical protein	m4C	m4C	4-methylcytosine	1	0.00537634
NC_003197.2	CDS	2734726	2737099	-	2373	EBBPGFGJ_02604		hypothetical protein	m4C	m4C	4-methylcytosine	22	0.00927097
NC_003197.2	CDS	2737433	2740796	-	3363	EBBPGFGJ_02606		hypothetical protein	m4C	m4C	4-methylcytosine	31	0.00921796
NC_003197.2	CDS	2740857	2741364	-	507	EBBPGFGJ_02607		hypothetical protein	m4C	m4C	4-methylcytosine	1	0.00197239
NC_003197.2	CDS	2741402	2742140	-	738	EBBPGFGJ_02608		hypothetical protein	m4C	m4C	4-methylcytosine	3	0.00406504
NC_003197.2	CDS	2742146	2742845	-	699	EBBPGFGJ_02609		hypothetical protein	m4C	m4C	4-methylcytosine	4	0.00572246
NC_003197.2	CDS	2742854	2743184	-	330	EBBPGFGJ_02610		hypothetical protein	m4C	m4C	4-methylcytosine	1	0.00303030
NC_003197.2	CDS	2743186	2746282	-	3096	EBBPGFGJ_02611		hypothetical protein	m4C	m4C	4-methylcytosine	5	0.00161499
NC_003197.2	CDS	2746253	2746568	-	315	EBBPGFGJ_02612		hypothetical protein	m4C	m4C	4-methylcytosine	2	0.00634921
NC_003197.2	CDS	2747034	2747778	-	744	EBBPGFGJ_02614		hypothetical protein	m4C	m4C	4-methylcytosine	2	0.00268817
NC_003197.2	CDS	2751977	2752325	-	348	EBBPGFGJ_02621		hypothetical protein	m4C	m4C	4-methylcytosine	1	0.00287356
NC_003197.2	CDS	2752337	2753834	-	1497	EBBPGFGJ_02622		hypothetical protein	m4C	m4C	4-methylcytosine	10	0.00668003
NC_003197.2	CDS	2753823	2755443	-	1620	EBBPGFGJ_02623		hypothetical protein	m4C	m4C	4-methylcytosine	5	0.00308642
NC_003197.2	CDS	2758322	2758724	+	402	EBBPGFGJ_02627	pliG	Inhibitor of g-type lysozyme	m4C	m4C	4-methylcytosine	2	0.00497512
NC_003197.2	CDS	2760683	2761157	+	474	EBBPGFGJ_02631		hypothetical protein	m4C	m4C	4-methylcytosine	1	0.00210970
NC_003197.2	CDS	2763713	2764325	-	612	EBBPGFGJ_02637		hypothetical protein	m4C	m4C	4-methylcytosine	5	0.00816993
NC_003197.2	CDS	2765551	2765785	-	234	EBBPGFGJ_02640	dinI_3	DNA damage-inducible protein I	m4C	m4C	4-methylcytosine	1	0.00427350
NC_003197.2	CDS	2770999	2773885	+	2886	EBBPGFGJ_02651		hypothetical protein	m4C	m4C	4-methylcytosine	10	0.00346500
NC_003197.2	CDS	2773895	2775005	+	1110	EBBPGFGJ_02652		hypothetical protein	m4C	m4C	4-methylcytosine	1	0.00090090
NC_003197.2	CDS	2775589	2776819	-	1230	EBBPGFGJ_02655	intA_1	Prophage integrase IntA	m4C	m4C	4-methylcytosine	1	0.00081301
NC_003197.2	CDS	2777316	2777796	-	480	EBBPGFGJ_02656	rseC	Protein RseC	m4C	m4C	4-methylcytosine	1	0.00208333
NC_003197.2	CDS	2777792	2778749	-	957	EBBPGFGJ_02657	rseB	Sigma-E factor regulatory protein RseB	m4C	m4C	4-methylcytosine	1	0.00104493
NC_003197.2	CDS	2778748	2779399	-	651	EBBPGFGJ_02658	rseA	Anti-sigma-E factor RseA	m4C	m4C	4-methylcytosine	4	0.00614439
NC_003197.2	CDS	2780430	2782053	+	1623	EBBPGFGJ_02660	nadB	L-aspartate oxidase	m4C	m4C	4-methylcytosine	5	0.00308071
NC_003197.2	CDS	2782905	2784240	+	1335	EBBPGFGJ_02662	srmB	ATP-dependent RNA helicase SrmB	m4C	m4C	4-methylcytosine	6	0.00449438
NC_003197.2	CDS	2784257	2785157	-	900	EBBPGFGJ_02663	yofA	HTH-type transcriptional regulator YofA	m4C	m4C	4-methylcytosine	1	0.00111111
NC_003197.2	CDS	2786610	2787300	+	690	EBBPGFGJ_02666	ung	Uracil-DNA glycosylase	m4C	m4C	4-methylcytosine	1	0.00144928
NC_003197.2	CDS	2787415	2788453	-	1038	EBBPGFGJ_02667	yfiF	Uncharacterized tRNA/rRNA methyltransferase YfiF	m4C	m4C	4-methylcytosine	4	0.00385356
NC_003197.2	CDS	2788656	2789076	+	420	EBBPGFGJ_02668	trxC	Thioredoxin 2	m4C	m4C	4-methylcytosine	1	0.00238095
NC_003197.2	CDS	2789148	2789829	+	681	EBBPGFGJ_02669		hypothetical protein	m4C	m4C	4-methylcytosine	2	0.00293686
NC_003197.2	CDS	2789882	2792543	+	2661	EBBPGFGJ_02670	pat	Peptidyl-lysine N-acetyltransferase Pat	m4C	m4C	4-methylcytosine	15	0.00563698
NC_003197.2	rRNA	2796760	2799765	-	3005	EBBPGFGJ_02676		23S ribosomal RNA	m4C	m4C	4-methylcytosine	5	0.00166389
NC_003197.2	rRNA	2800122	2801660	-	1538	EBBPGFGJ_02678		16S ribosomal RNA	m4C	m4C	4-methylcytosine	2	0.00130039
NC_003197.2	CDS	2802118	2804692	-	2574	EBBPGFGJ_02679	clpB	Chaperone protein ClpB	m4C	m4C	4-methylcytosine	5	0.00194250
NC_003197.2	CDS	2804821	2805553	-	732	EBBPGFGJ_02680	yfiH	Polyphenol oxidase	m4C	m4C	4-methylcytosine	3	0.00409836
NC_003197.2	CDS	2805549	2806530	-	981	EBBPGFGJ_02681	rluD	Ribosomal large subunit pseudouridine synthase D	m4C	m4C	4-methylcytosine	1	0.00101937
NC_003197.2	CDS	2807670	2808009	+	339	EBBPGFGJ_02683	raiA	Ribosome-associated inhibitor A	m4C	m4C	4-methylcytosine	1	0.00294985
NC_003197.2	CDS	2808259	2809420	+	1161	EBBPGFGJ_02684	pheA	Bifunctional chorismate mutase/prephenate dehydratase	m4C	m4C	4-methylcytosine	2	0.00172265
NC_003197.2	CDS	2809380	2810289	-	909	EBBPGFGJ_02685		6-deoxy-6-sulfogluconolactonase	m4C	m4C	4-methylcytosine	2	0.00220022
NC_003197.2	CDS	2811477	2812548	-	1071	EBBPGFGJ_02687	aroF	Phospho-2-dehydro-3-deoxyheptonate aldolase%2C Tyr-sensitive	m4C	m4C	4-methylcytosine	2	0.00186741
NC_003197.2	CDS	2813498	2814719	+	1221	EBBPGFGJ_02689	dgcN	Diguanylate cyclase DgcN	m4C	m4C	4-methylcytosine	5	0.00409500
NC_003197.2	CDS	2815263	2816031	-	768	EBBPGFGJ_02691	trmD	tRNA (guanine-N(1)-)-methyltransferase	m4C	m4C	4-methylcytosine	5	0.00651042
NC_003197.2	CDS	2816075	2816624	-	549	EBBPGFGJ_02692	rimM	Ribosome maturation factor RimM	m4C	m4C	4-methylcytosine	1	0.00182149
NC_003197.2	CDS	2816642	2816891	-	249	EBBPGFGJ_02693	rpsP	30S ribosomal protein S16	m4C	m4C	4-methylcytosine	1	0.00401606
NC_003197.2	CDS	2817204	2818566	-	1362	EBBPGFGJ_02694	ffh	Signal recognition particle protein	m4C	m4C	4-methylcytosine	3	0.00220264
NC_003197.2	CDS	2819587	2820829	+	1242	EBBPGFGJ_02696	yfjD	UPF0053 inner membrane protein YfjD	m4C	m4C	4-methylcytosine	1	0.00080515
NC_003197.2	CDS	2823266	2824928	+	1662	EBBPGFGJ_02700	recN	DNA repair protein RecN	m4C	m4C	4-methylcytosine	5	0.00300842
NC_003197.2	CDS	2825580	2825871	-	291	EBBPGFGJ_02702	ratB	UPF0125 protein RatB	m4C	m4C	4-methylcytosine	2	0.00687285
NC_003197.2	CDS	2825860	2826298	-	438	EBBPGFGJ_02703	ratA	Ribosome association toxin RatA	m4C	m4C	4-methylcytosine	1	0.00228311
NC_003197.2	CDS	2827582	2839057	+	11475	EBBPGFGJ_02705		hypothetical protein	m4C	m4C	4-methylcytosine	30	0.00261438
NC_003197.2	CDS	2842688	2843879	+	1191	EBBPGFGJ_02708	prsE_1	Type I secretion system membrane fusion protein PrsE	m4C	m4C	4-methylcytosine	9	0.00755668
NC_003197.2	CDS	2853411	2853999	-	588	EBBPGFGJ_02719		hypothetical protein	m4C	m4C	4-methylcytosine	1	0.00170068
NC_003197.2	CDS	2853998	2855573	-	1575	EBBPGFGJ_02720		hypothetical protein	m4C	m4C	4-methylcytosine	1	0.00063492
NC_003197.2	CDS	2878172	2879237	+	1065	EBBPGFGJ_02752	intA_2	Prophage integrase IntA	m4C	m4C	4-methylcytosine	1	0.00093897
NC_003197.2	CDS	2883504	2885574	+	2070	EBBPGFGJ_02757		hypothetical protein	m4C	m4C	4-methylcytosine	99	0.04782609
NC_003197.2	CDS	2888827	2889112	+	285	EBBPGFGJ_02761		hypothetical protein	m4C	m4C	4-methylcytosine	1	0.00350877
NC_003197.2	CDS	2889224	2889746	+	522	EBBPGFGJ_02762	srlA_1	PTS system glucitol/sorbitol-specific EIIC component	m4C	m4C	4-methylcytosine	8	0.01532567
NC_003197.2	CDS	2889742	2890117	+	375	EBBPGFGJ_02763	srlB_1	PTS system glucitol/sorbitol-specific EIIA component	m4C	m4C	4-methylcytosine	2	0.00533333
NC_003197.2	CDS	2890113	2891094	+	981	EBBPGFGJ_02764	srlE_1	PTS system glucitol/sorbitol-specific EIIB component	m4C	m4C	4-methylcytosine	13	0.01325178
NC_003197.2	CDS	2891104	2892118	+	1014	EBBPGFGJ_02765	iolG_1	Myo-inositol 2-dehydrogenase	m4C	m4C	4-methylcytosine	9	0.00887574
NC_003197.2	CDS	2894347	2894914	-	567	EBBPGFGJ_02768	hxlB	3-hexulose-6-phosphate isomerase	m4C	m4C	4-methylcytosine	1	0.00176367
NC_003197.2	CDS	2894910	2895753	-	843	EBBPGFGJ_02769	pgiA	Glucose-6-phosphate isomerase	m4C	m4C	4-methylcytosine	1	0.00118624
NC_003197.2	CDS	2895882	2897424	-	1542	EBBPGFGJ_02770	ptsG_2	PTS system glucose-specific EIICBA component	m4C	m4C	4-methylcytosine	2	0.00129702
NC_003197.2	CDS	2897646	2899326	+	1680	EBBPGFGJ_02771	sgrR_3	HTH-type transcriptional regulator SgrR	m4C	m4C	4-methylcytosine	7	0.00416667
NC_003197.2	CDS	2900442	2901318	+	876	EBBPGFGJ_02773		hypothetical protein	m4C	m4C	4-methylcytosine	10	0.01141553
NC_003197.2	CDS	2901516	2903358	+	1842	EBBPGFGJ_02774		hypothetical protein	m4C	m4C	4-methylcytosine	1	0.00054289
NC_003197.2	CDS	2903617	2904940	-	1323	EBBPGFGJ_02775		hypothetical protein	m4C	m4C	4-methylcytosine	1	0.00075586
NC_003197.2	CDS	2906455	2906848	-	393	EBBPGFGJ_02777		IS3 family transposase IS1351	m4C	m4C	4-methylcytosine	2	0.00508906
NC_003197.2	CDS	2908423	2910406	-	1983	EBBPGFGJ_02780		hypothetical protein	m4C	m4C	4-methylcytosine	2	0.00100857
NC_003197.2	CDS	2910684	2910984	+	300	EBBPGFGJ_02781		IS3 family transposase ISSty2	m4C	m4C	4-methylcytosine	1	0.00333333
NC_003197.2	CDS	2910980	2911847	+	867	EBBPGFGJ_02782		IS3 family transposase ISSty2	m4C	m4C	4-methylcytosine	1	0.00115340
NC_003197.2	CDS	2913233	2914754	-	1521	EBBPGFGJ_02784	fljB	Phase 2 flagellin	m4C	m4C	4-methylcytosine	2	0.00131492
NC_003197.2	CDS	2916380	2917496	+	1116	EBBPGFGJ_02786	elmGT	Elloramycin glycosyltransferase ElmGT	m4C	m4C	4-methylcytosine	4	0.00358423
NC_003197.2	CDS	2917576	2921230	+	3654	EBBPGFGJ_02787		Multidrug efflux ATP-binding/permease protein BCG_0231	m4C	m4C	4-methylcytosine	18	0.00492611
NC_003197.2	CDS	2921339	2922584	+	1245	EBBPGFGJ_02788	fes_2	Enterochelin esterase	m4C	m4C	4-methylcytosine	15	0.01204819
NC_003197.2	CDS	2922615	2923551	+	936	EBBPGFGJ_02789		hypothetical protein	m4C	m4C	4-methylcytosine	2	0.00213675
NC_003197.2	CDS	2923592	2925767	-	2175	EBBPGFGJ_02790	pfeA	Ferric enterobactin receptor	m4C	m4C	4-methylcytosine	1	0.00045977
NC_003197.2	CDS	2929598	2930495	+	897	EBBPGFGJ_02794		hypothetical protein	m4C	m4C	4-methylcytosine	3	0.00334448
NC_003197.2	CDS	2931216	2932230	-	1014	EBBPGFGJ_02796	hoxN	High-affinity nickel transport protein	m4C	m4C	4-methylcytosine	1	0.00098619
NC_003197.2	CDS	2932362	2933778	-	1416	EBBPGFGJ_02797	qseC_1	Sensor protein QseC	m4C	m4C	4-methylcytosine	3	0.00211864
NC_003197.2	CDS	2934593	2935571	+	978	EBBPGFGJ_02799		hypothetical protein	m4C	m4C	4-methylcytosine	7	0.00715746
NC_003197.2	CDS	2936027	2937542	+	1515	EBBPGFGJ_02801		hypothetical protein	m4C	m4C	4-methylcytosine	5	0.00330033
NC_003197.2	CDS	2937844	2938822	+	978	EBBPGFGJ_02803	glaH	Glutarate 2-hydroxylase	m4C	m4C	4-methylcytosine	1	0.00102249
NC_003197.2	CDS	2940137	2941586	+	1449	EBBPGFGJ_02805	gabD	Succinate-semialdehyde dehydrogenase [NADP(+)] GabD	m4C	m4C	4-methylcytosine	14	0.00966184
NC_003197.2	CDS	2941600	2942884	+	1284	EBBPGFGJ_02806	gabT	4-aminobutyrate aminotransferase GabT	m4C	m4C	4-methylcytosine	3	0.00233645
NC_003197.2	CDS	2943013	2944414	+	1401	EBBPGFGJ_02807	gabP	GABA permease	m4C	m4C	4-methylcytosine	2	0.00142755
NC_003197.2	CDS	2944455	2945133	+	678	EBBPGFGJ_02808	glaR	HTH-type transcriptional repressor GlaR	m4C	m4C	4-methylcytosine	5	0.00737463
NC_003197.2	CDS	2945154	2945604	-	450	EBBPGFGJ_02809	kbp	Potassium binding protein Kbp	m4C	m4C	4-methylcytosine	1	0.00222222
NC_003197.2	CDS	2946353	2946881	+	528	EBBPGFGJ_02812	ygaP	Inner membrane protein YgaP	m4C	m4C	4-methylcytosine	2	0.00378788
NC_003197.2	CDS	2946959	2947139	+	180	EBBPGFGJ_02813		hypothetical protein	m4C	m4C	4-methylcytosine	1	0.00555556
NC_003197.2	CDS	2949324	2949651	+	327	EBBPGFGJ_02817	ygaM	Uncharacterized protein YgaM	m4C	m4C	4-methylcytosine	2	0.00611621
NC_003197.2	CDS	2949734	2951069	-	1335	EBBPGFGJ_02818	gabR	HTH-type transcriptional regulatory protein GabR	m4C	m4C	4-methylcytosine	3	0.00224719
NC_003197.2	CDS	2951860	2952106	+	246	EBBPGFGJ_02820	nrdH	Glutaredoxin-like protein NrdH	m4C	m4C	4-methylcytosine	2	0.00813008
NC_003197.2	CDS	2952102	2952513	+	411	EBBPGFGJ_02821	nrdI	Protein NrdI	m4C	m4C	4-methylcytosine	1	0.00243309
NC_003197.2	CDS	2952512	2954630	+	2118	EBBPGFGJ_02822	nrdE	Ribonucleoside-diphosphate reductase 2 subunit alpha	m4C	m4C	4-methylcytosine	4	0.00188857
NC_003197.2	CDS	2954640	2955600	+	960	EBBPGFGJ_02823	nrdF	Ribonucleoside-diphosphate reductase 2 subunit beta	m4C	m4C	4-methylcytosine	1	0.00104167
NC_003197.2	CDS	2955954	2957157	+	1203	EBBPGFGJ_02824	proV	Glycine betaine/proline betaine transport system ATP-binding protein ProV	m4C	m4C	4-methylcytosine	3	0.00249377
NC_003197.2	CDS	2957149	2958214	+	1065	EBBPGFGJ_02825	proW	Glycine betaine/proline betaine transport system permease protein ProW	m4C	m4C	4-methylcytosine	17	0.01596244
NC_003197.2	CDS	2958283	2959279	+	996	EBBPGFGJ_02826	proX	Glycine betaine/proline betaine-binding periplasmic protein	m4C	m4C	4-methylcytosine	3	0.00301205
NC_003197.2	CDS	2959443	2960628	+	1185	EBBPGFGJ_02827		Probable transporter SCO4007	m4C	m4C	4-methylcytosine	2	0.00168776
NC_003197.2	CDS	2961781	2962954	+	1173	EBBPGFGJ_02829	emrA	Multidrug export protein EmrA	m4C	m4C	4-methylcytosine	4	0.00341006
NC_003197.2	CDS	2962970	2964509	+	1539	EBBPGFGJ_02830	emrB	Multidrug export protein EmrB	m4C	m4C	4-methylcytosine	7	0.00454841
NC_003197.2	CDS	2966938	2968495	-	1557	EBBPGFGJ_02833	gshA	Glutamate--cysteine ligase	m4C	m4C	4-methylcytosine	2	0.00128452
NC_003197.2	CDS	2968571	2968997	-	426	EBBPGFGJ_02834	yqaA	Inner membrane protein YqaA	m4C	m4C	4-methylcytosine	1	0.00234742
NC_003197.2	CDS	2968993	2969560	-	567	EBBPGFGJ_02835	yqaB	Fructose-1-phosphate phosphatase YqaB	m4C	m4C	4-methylcytosine	1	0.00176367
NC_003197.2	tRNA	2969930	2970007	-	77	EBBPGFGJ_02836		tRNA-Arg(acg)	m4C	m4C	4-methylcytosine	1	0.01298701
NC_003197.2	tRNA	2970200	2970277	-	77	EBBPGFGJ_02837		tRNA-Arg(acg)	m4C	m4C	4-methylcytosine	1	0.01298701
NC_003197.2	tRNA	2970478	2970555	-	77	EBBPGFGJ_02839		tRNA-Arg(acg)	m4C	m4C	4-methylcytosine	1	0.01298701
NC_003197.2	tRNA	2970558	2970651	-	93	EBBPGFGJ_02840		tRNA-Ser(gct)	m4C	m4C	4-methylcytosine	1	0.01075269
NC_003197.2	CDS	2971374	2974005	-	2631	EBBPGFGJ_02842	alaS	Alanine--tRNA ligase	m4C	m4C	4-methylcytosine	1	0.00038008
NC_003197.2	CDS	2974240	2974780	-	540	EBBPGFGJ_02843	recX	Regulatory protein RecX	m4C	m4C	4-methylcytosine	1	0.00185185
NC_003197.2	CDS	2974857	2975919	-	1062	EBBPGFGJ_02844	recA	Protein RecA	m4C	m4C	4-methylcytosine	4	0.00376648
NC_003197.2	CDS	2976003	2976501	-	498	EBBPGFGJ_02845	pncC_3	Nicotinamide-nucleotide amidohydrolase PncC	m4C	m4C	4-methylcytosine	3	0.00602410
NC_003197.2	CDS	2976978	2978058	-	1080	EBBPGFGJ_02847	mltB	Membrane-bound lytic murein transglycosylase B	m4C	m4C	4-methylcytosine	2	0.00185185
NC_003197.2	CDS	2978871	2979843	+	972	EBBPGFGJ_02849	srlE_2	PTS system glucitol/sorbitol-specific EIIB component	m4C	m4C	4-methylcytosine	12	0.01234568
NC_003197.2	CDS	2979854	2980217	+	363	EBBPGFGJ_02850	srlB_2	PTS system glucitol/sorbitol-specific EIIA component	m4C	m4C	4-methylcytosine	1	0.00275482
NC_003197.2	CDS	2980228	2981008	+	780	EBBPGFGJ_02851	srlD	Sorbitol-6-phosphate 2-dehydrogenase	m4C	m4C	4-methylcytosine	3	0.00384615
NC_003197.2	CDS	2981083	2981443	+	360	EBBPGFGJ_02852		hypothetical protein	m4C	m4C	4-methylcytosine	1	0.00277778
NC_003197.2	CDS	2982406	2983372	+	966	EBBPGFGJ_02854	gutQ	Arabinose 5-phosphate isomerase GutQ	m4C	m4C	4-methylcytosine	11	0.01138716
NC_003197.2	CDS	2983368	2984889	-	1521	EBBPGFGJ_02855	norR_3	Anaerobic nitric oxide reductase transcription regulator NorR	m4C	m4C	4-methylcytosine	4	0.00262985
NC_003197.2	CDS	2985074	2986514	+	1440	EBBPGFGJ_02856	norV_2	Anaerobic nitric oxide reductase flavorubredoxin	m4C	m4C	4-methylcytosine	3	0.00208333
NC_003197.2	CDS	2986510	2987644	+	1134	EBBPGFGJ_02857	norW	Nitric oxide reductase FlRd-NAD(+) reductase	m4C	m4C	4-methylcytosine	1	0.00088183
NC_003197.2	CDS	2987740	2989981	-	2241	EBBPGFGJ_02858	hypF	Carbamoyltransferase HypF	m4C	m4C	4-methylcytosine	5	0.00223115
NC_003197.2	CDS	2990126	2990672	-	546	EBBPGFGJ_02859	hyfA_1	Hydrogenase-4 component A	m4C	m4C	4-methylcytosine	1	0.00183150
NC_003197.2	CDS	2991708	2992179	-	471	EBBPGFGJ_02861	hycI	Hydrogenase 3 maturation protease	m4C	m4C	4-methylcytosine	1	0.00212314
NC_003197.2	CDS	2992171	2992582	-	411	EBBPGFGJ_02862		hypothetical protein	m4C	m4C	4-methylcytosine	1	0.00243309
NC_003197.2	CDS	2992578	2993346	-	768	EBBPGFGJ_02863	hycG	Formate hydrogenlyase subunit 7	m4C	m4C	4-methylcytosine	2	0.00260417
NC_003197.2	CDS	2995624	2996548	-	924	EBBPGFGJ_02866	hycD	Formate hydrogenlyase subunit 4	m4C	m4C	4-methylcytosine	1	0.00108225
NC_003197.2	CDS	2996550	2998377	-	1827	EBBPGFGJ_02867	hyfB	Hydrogenase-4 component B	m4C	m4C	4-methylcytosine	2	0.00109469
NC_003197.2	CDS	2998376	2998985	-	609	EBBPGFGJ_02868	hyfA_2	Hydrogenase-4 component A	m4C	m4C	4-methylcytosine	1	0.00164204
NC_003197.2	CDS	3000226	3001099	+	873	EBBPGFGJ_02871	hypB	Hydrogenase maturation factor HypB	m4C	m4C	4-methylcytosine	5	0.00572738
NC_003197.2	CDS	3001089	3001362	+	273	EBBPGFGJ_02872	hypC	Hydrogenase maturation factor HypC	m4C	m4C	4-methylcytosine	2	0.00732601
NC_003197.2	CDS	3001361	3002483	+	1122	EBBPGFGJ_02873	hypD	Hydrogenase maturation factor HypD	m4C	m4C	4-methylcytosine	6	0.00534759
NC_003197.2	CDS	3002479	3003490	+	1011	EBBPGFGJ_02874	hypE	Carbamoyl dehydratase HypE	m4C	m4C	4-methylcytosine	3	0.00296736
NC_003197.2	CDS	3003708	3005787	+	2079	EBBPGFGJ_02875	fhlA	Formate hydrogenlyase transcriptional activator	m4C	m4C	4-methylcytosine	4	0.00192400
NC_003197.2	CDS	3005848	3006193	-	345	EBBPGFGJ_02876		hypothetical protein	m4C	m4C	4-methylcytosine	4	0.01159420
NC_003197.2	CDS	3006374	3007292	+	918	EBBPGFGJ_02877		Uncharacterized periplasmic iron-binding protein HI_0362	m4C	m4C	4-methylcytosine	2	0.00217865
NC_003197.2	CDS	3007288	3008110	+	822	EBBPGFGJ_02878	mntB_1	Manganese transport system ATP-binding protein MntB	m4C	m4C	4-methylcytosine	8	0.00973236
NC_003197.2	CDS	3008106	3008967	+	861	EBBPGFGJ_02879	mntB_2	Manganese transport system membrane protein MntB	m4C	m4C	4-methylcytosine	1	0.00116144
NC_003197.2	CDS	3008957	3009806	+	849	EBBPGFGJ_02880	mntB_3	Manganese transport system membrane protein MntB	m4C	m4C	4-methylcytosine	1	0.00117786
NC_003197.2	CDS	3009904	3010771	-	867	EBBPGFGJ_02881	yopJ	Effector protein YopJ	m4C	m4C	4-methylcytosine	1	0.00115340
NC_003197.2	CDS	3010973	3011729	-	756	EBBPGFGJ_02882		hypothetical protein	m4C	m4C	4-methylcytosine	1	0.00132275
NC_003197.2	CDS	3013794	3014475	-	681	EBBPGFGJ_02885	orgB	Oxygen-regulated invasion protein OrgB	m4C	m4C	4-methylcytosine	4	0.00587372
NC_003197.2	CDS	3014431	3015010	-	579	EBBPGFGJ_02886	orgA	Oxygen-regulated invasion protein OrgA	m4C	m4C	4-methylcytosine	2	0.00345423
NC_003197.2	CDS	3015002	3015761	-	759	EBBPGFGJ_02887	prgK	Lipoprotein PrgK	m4C	m4C	4-methylcytosine	3	0.00395257
NC_003197.2	CDS	3016348	3017584	-	1236	EBBPGFGJ_02890	prgH	Protein PrgH	m4C	m4C	4-methylcytosine	3	0.00242718
NC_003197.2	CDS	3019862	3021524	+	1662	EBBPGFGJ_02892	hilA	Transcriptional regulator HilA	m4C	m4C	4-methylcytosine	1	0.00060168
NC_003197.2	CDS	3022077	3023685	-	1608	EBBPGFGJ_02894	sptP	Secreted effector protein SptP	m4C	m4C	4-methylcytosine	6	0.00373134
NC_003197.2	CDS	3024685	3026743	-	2058	EBBPGFGJ_02898	sipA	Cell invasion protein SipA	m4C	m4C	4-methylcytosine	4	0.00194363
NC_003197.2	CDS	3026761	3027793	-	1032	EBBPGFGJ_02899	sipD	Cell invasion protein SipD	m4C	m4C	4-methylcytosine	1	0.00096899
NC_003197.2	CDS	3029120	3030902	-	1782	EBBPGFGJ_02901	sipB	Cell invasion protein SipB	m4C	m4C	4-methylcytosine	6	0.00336700
NC_003197.2	CDS	3031539	3032610	-	1071	EBBPGFGJ_02903	spaS	Surface presentation of antigens protein SpaS	m4C	m4C	4-methylcytosine	1	0.00093371
NC_003197.2	CDS	3032596	3033388	-	792	EBBPGFGJ_02904	spaR_2	Surface presentation of antigens protein SpaR	m4C	m4C	4-methylcytosine	2	0.00252525
NC_003197.2	CDS	3034341	3035253	-	912	EBBPGFGJ_02907	spaO	Surface presentation of antigens protein SpaO	m4C	m4C	4-methylcytosine	2	0.00219298
NC_003197.2	CDS	3035252	3036263	-	1011	EBBPGFGJ_02908		hypothetical protein	m4C	m4C	4-methylcytosine	1	0.00098912
NC_003197.2	CDS	3036683	3037979	-	1296	EBBPGFGJ_02910	spaL	Probable ATP synthase SpaL	m4C	m4C	4-methylcytosine	6	0.00462963
NC_003197.2	CDS	3037975	3038383	-	408	EBBPGFGJ_02911	spaK	Surface presentation of antigens protein SpaK	m4C	m4C	4-methylcytosine	1	0.00245098
NC_003197.2	CDS	3040488	3041607	-	1119	EBBPGFGJ_02913	mxiC	Protein MxiC	m4C	m4C	4-methylcytosine	4	0.00357462
NC_003197.2	CDS	3041603	3043292	-	1689	EBBPGFGJ_02914	sctC_2	Type 3 secretion system secretin	m4C	m4C	4-methylcytosine	2	0.00118413
NC_003197.2	CDS	3043288	3044038	-	750	EBBPGFGJ_02915	invF	Invasion protein InvF	m4C	m4C	4-methylcytosine	2	0.00266667
NC_003197.2	CDS	3044395	3044839	+	444	EBBPGFGJ_02916	invH	Type 3 secretion system pilotin	m4C	m4C	4-methylcytosine	2	0.00450450
NC_003197.2	CDS	3050285	3052853	+	2568	EBBPGFGJ_02924	mutS	DNA mismatch repair protein MutS	m4C	m4C	4-methylcytosine	27	0.01051402
NC_003197.2	CDS	3053285	3054494	-	1209	EBBPGFGJ_02926	jefA	Drug efflux pump JefA	m4C	m4C	4-methylcytosine	3	0.00248139
NC_003197.2	CDS	3054602	3055514	+	912	EBBPGFGJ_02927	dmlR_5	HTH-type transcriptional regulator DmlR	m4C	m4C	4-methylcytosine	1	0.00109649
NC_003197.2	CDS	3055555	3057052	-	1497	EBBPGFGJ_02928	gntT_1	High-affinity gluconate transporter	m4C	m4C	4-methylcytosine	9	0.00601202
NC_003197.2	CDS	3057048	3057999	-	951	EBBPGFGJ_02929	denD	D-erythronate dehydrogenase	m4C	m4C	4-methylcytosine	4	0.00420610
NC_003197.2	CDS	3059454	3060717	-	1263	EBBPGFGJ_02932	otnK	3-oxo-tetronate kinase	m4C	m4C	4-methylcytosine	15	0.01187648
NC_003197.2	CDS	3060710	3061634	-	924	EBBPGFGJ_02933	ltnD	L-threonate dehydrogenase	m4C	m4C	4-methylcytosine	3	0.00324675
NC_003197.2	CDS	3061830	3062595	+	765	EBBPGFGJ_02934	glcR_2	HTH-type transcriptional repressor GlcR	m4C	m4C	4-methylcytosine	2	0.00261438
NC_003197.2	CDS	3063188	3063782	+	594	EBBPGFGJ_02936	ecdB	Probable UbiX-like flavin prenyltransferase	m4C	m4C	4-methylcytosine	2	0.00336700
NC_003197.2	CDS	3063781	3065209	+	1428	EBBPGFGJ_02937	edcC	Phenolic acid decarboxylase	m4C	m4C	4-methylcytosine	1	0.00070028
NC_003197.2	CDS	3065219	3065456	+	237	EBBPGFGJ_02938	vdcD	Protein VdcD	m4C	m4C	4-methylcytosine	2	0.00843882
NC_003197.2	CDS	3065500	3066493	-	993	EBBPGFGJ_02939	rpoS	RNA polymerase sigma factor RpoS	m4C	m4C	4-methylcytosine	1	0.00100705
NC_003197.2	CDS	3068484	3069246	-	762	EBBPGFGJ_02942	surE	5'/3'-nucleotidase SurE	m4C	m4C	4-methylcytosine	1	0.00131234
NC_003197.2	CDS	3069226	3070276	-	1050	EBBPGFGJ_02943	truD	tRNA pseudouridine synthase D	m4C	m4C	4-methylcytosine	1	0.00095238
NC_003197.2	CDS	3070272	3070752	-	480	EBBPGFGJ_02944	ispF	2-C-methyl-D-erythritol 2%2C4-cyclodiphosphate synthase	m4C	m4C	4-methylcytosine	2	0.00416667
NC_003197.2	CDS	3070751	3071462	-	711	EBBPGFGJ_02945	ispD	2-C-methyl-D-erythritol 4-phosphate cytidylyltransferase	m4C	m4C	4-methylcytosine	3	0.00421941
NC_003197.2	CDS	3072948	3074388	-	1440	EBBPGFGJ_02949	cysN	Sulfate adenylyltransferase subunit 1	m4C	m4C	4-methylcytosine	4	0.00277778
NC_003197.2	CRISPR	3076617	3077012	.	395				m4C	m4C	4-methylcytosine	5	0.01265823
NC_003197.2	CRISPR	3077025	3078154	.	1129				m4C	m4C	4-methylcytosine	19	0.01682905
NC_003197.2	CDS	3078543	3079464	-	921	EBBPGFGJ_02953	ygbT	CRISPR-associated endonuclease Cas1	m4C	m4C	4-methylcytosine	1	0.00108578
NC_003197.2	CDS	3079460	3080111	-	651	EBBPGFGJ_02954	casE	CRISPR system Cascade subunit CasE	m4C	m4C	4-methylcytosine	1	0.00153610
NC_003197.2	CDS	3080092	3080839	-	747	EBBPGFGJ_02955		hypothetical protein	m4C	m4C	4-methylcytosine	2	0.00267738
NC_003197.2	CDS	3080849	3081908	-	1059	EBBPGFGJ_02956	casC	CRISPR system Cascade subunit CasC	m4C	m4C	4-methylcytosine	1	0.00094429
NC_003197.2	CDS	3081921	3082482	-	561	EBBPGFGJ_02957		hypothetical protein	m4C	m4C	4-methylcytosine	3	0.00534759
NC_003197.2	CDS	3082478	3084035	-	1557	EBBPGFGJ_02958		hypothetical protein	m4C	m4C	4-methylcytosine	6	0.00385356
NC_003197.2	CDS	3084046	3086710	-	2664	EBBPGFGJ_02959	ygcB	CRISPR-associated endonuclease/helicase Cas3	m4C	m4C	4-methylcytosine	2	0.00075075
NC_003197.2	CDS	3087154	3088108	+	954	EBBPGFGJ_02960	sopD	Secreted effector protein SopD	m4C	m4C	4-methylcytosine	1	0.00104822
NC_003197.2	CDS	3088195	3088930	-	735	EBBPGFGJ_02961	cysH_2	Phosphoadenosine phosphosulfate reductase	m4C	m4C	4-methylcytosine	1	0.00136054
NC_003197.2	CDS	3089005	3090718	-	1713	EBBPGFGJ_02962	cysI	Sulfite reductase [NADPH] hemoprotein beta-component	m4C	m4C	4-methylcytosine	5	0.00291886
NC_003197.2	CDS	3090717	3092517	-	1800	EBBPGFGJ_02963	cysJ	Sulfite reductase [NADPH] flavoprotein alpha-component	m4C	m4C	4-methylcytosine	20	0.01111111
NC_003197.2	CDS	3092940	3093303	+	363	EBBPGFGJ_02964	queD	6-carboxy-5%2C6%2C7%2C8-tetrahydropterin synthase	m4C	m4C	4-methylcytosine	1	0.00275482
NC_003197.2	CRISPR	3094285	3096267	.	1982				m4C	m4C	4-methylcytosine	14	0.00706357
NC_003197.2	CDS	3096563	3097235	-	672	EBBPGFGJ_02966	queE	7-carboxy-7-deazaguanine synthase	m4C	m4C	4-methylcytosine	1	0.00148810
NC_003197.2	CDS	3097370	3098669	-	1299	EBBPGFGJ_02967	eno	Enolase	m4C	m4C	4-methylcytosine	6	0.00461894
NC_003197.2	CDS	3098751	3100389	-	1638	EBBPGFGJ_02968	pyrG	CTP synthase	m4C	m4C	4-methylcytosine	3	0.00183150
NC_003197.2	CDS	3100616	3101417	-	801	EBBPGFGJ_02969	mazG	Nucleoside triphosphate pyrophosphohydrolase	m4C	m4C	4-methylcytosine	3	0.00374532
NC_003197.2	CDS	3102886	3105121	-	2235	EBBPGFGJ_02972	relA	GTP pyrophosphokinase	m4C	m4C	4-methylcytosine	3	0.00134228
NC_003197.2	CDS	3105172	3106468	-	1296	EBBPGFGJ_02973	rlmD	23S rRNA (uracil(1939)-C(5))-methyltransferase RlmD	m4C	m4C	4-methylcytosine	7	0.00540123
NC_003197.2	CDS	3106525	3109282	+	2757	EBBPGFGJ_02974	barA	Signal transduction histidine-protein kinase BarA	m4C	m4C	4-methylcytosine	3	0.00108814
NC_003197.2	CDS	3109325	3110468	-	1143	EBBPGFGJ_02975	garK_1	Glycerate 2-kinase	m4C	m4C	4-methylcytosine	3	0.00262467
NC_003197.2	CDS	3111906	3113247	-	1341	EBBPGFGJ_02977	gudX	Glucarate dehydratase-related protein	m4C	m4C	4-methylcytosine	1	0.00074571
NC_003197.2	CDS	3115082	3115532	-	450	EBBPGFGJ_02979		Uncharacterized protein PA3435	m4C	m4C	4-methylcytosine	3	0.00666667
NC_003197.2	CDS	3115550	3116333	-	783	EBBPGFGJ_02980	truC	tRNA pseudouridine synthase C	m4C	m4C	4-methylcytosine	7	0.00893997
NC_003197.2	CDS	3116332	3116662	-	330	EBBPGFGJ_02981	yqcC	Uncharacterized protein YqcC	m4C	m4C	4-methylcytosine	1	0.00303030
NC_003197.2	CDS	3117887	3118736	+	849	EBBPGFGJ_02983	queF	NADPH-dependent 7-cyano-7-deazaguanine reductase	m4C	m4C	4-methylcytosine	2	0.00235571
NC_003197.2	CDS	3118848	3120213	+	1365	EBBPGFGJ_02984	ppnN	Pyrimidine/purine nucleotide 5'-monophosphate nucleosidase	m4C	m4C	4-methylcytosine	2	0.00146520
NC_003197.2	CDS	3120777	3122067	+	1290	EBBPGFGJ_02985	sdaC	Serine transporter	m4C	m4C	4-methylcytosine	3	0.00232558
NC_003197.2	CDS	3122125	3123493	+	1368	EBBPGFGJ_02986	sdaB	L-serine dehydratase 2	m4C	m4C	4-methylcytosine	5	0.00365497
NC_003197.2	CDS	3123663	3124419	+	756	EBBPGFGJ_02987	ygdG	Flap endonuclease Xni	m4C	m4C	4-methylcytosine	1	0.00132275
NC_003197.2	CDS	3124510	3125659	-	1149	EBBPGFGJ_02988	fucO	Lactaldehyde reductase	m4C	m4C	4-methylcytosine	2	0.00174064
NC_003197.2	CDS	3125675	3126323	-	648	EBBPGFGJ_02989	fucA	L-fuculose phosphate aldolase	m4C	m4C	4-methylcytosine	2	0.00308642
NC_003197.2	CDS	3126877	3128194	+	1317	EBBPGFGJ_02990	fucP_1	L-fucose-proton symporter	m4C	m4C	4-methylcytosine	5	0.00379651
NC_003197.2	CDS	3128225	3130001	+	1776	EBBPGFGJ_02991	fucI	L-fucose isomerase	m4C	m4C	4-methylcytosine	7	0.00394144
NC_003197.2	CDS	3130101	3131520	+	1419	EBBPGFGJ_02992	fucK	L-fuculokinase	m4C	m4C	4-methylcytosine	10	0.00704722
NC_003197.2	CDS	3131521	3131944	+	423	EBBPGFGJ_02993	fucU	L-fucose mutarotase	m4C	m4C	4-methylcytosine	1	0.00236407
NC_003197.2	CDS	3133863	3134259	-	396	EBBPGFGJ_02996	ygdD	UPF0382 inner membrane protein YgdD	m4C	m4C	4-methylcytosine	2	0.00505051
NC_003197.2	CDS	3134277	3135195	-	918	EBBPGFGJ_02997	gcvA	Glycine cleavage system transcriptional activator	m4C	m4C	4-methylcytosine	1	0.00108932
NC_003197.2	CDS	3135151	3135274	-	123	EBBPGFGJ_02998		hypothetical protein	m4C	m4C	4-methylcytosine	1	0.00813008
NC_003197.2	CDS	3135961	3137167	+	1206	EBBPGFGJ_03000	csdA	Cysteine desulfurase CsdA	m4C	m4C	4-methylcytosine	14	0.01160862
NC_003197.2	CDS	3137166	3137610	+	444	EBBPGFGJ_03001	csdE	Sulfur acceptor protein CsdE	m4C	m4C	4-methylcytosine	2	0.00450450
NC_003197.2	CDS	3137882	3138797	+	915	EBBPGFGJ_03002	rarD_1	Protein RarD	m4C	m4C	4-methylcytosine	1	0.00109290
NC_003197.2	CDS	3138848	3139655	-	807	EBBPGFGJ_03003	tcdA	tRNA threonylcarbamoyladenosine dehydratase	m4C	m4C	4-methylcytosine	1	0.00123916
NC_003197.2	tRNA	3141069	3141146	+	77	EBBPGFGJ_03005		tRNA-Met(cat)	m4C	m4C	4-methylcytosine	1	0.01298701
NC_003197.2	tRNA	3141175	3141252	+	77	EBBPGFGJ_03006		tRNA-Met(cat)	m4C	m4C	4-methylcytosine	1	0.01298701
NC_003197.2	CDS	3141361	3142615	-	1254	EBBPGFGJ_03007	amiC	N-acetylmuramoyl-L-alanine amidase AmiC	m4C	m4C	4-methylcytosine	2	0.00159490
NC_003197.2	CDS	3142847	3144179	+	1332	EBBPGFGJ_03008	argA	Amino-acid acetyltransferase	m4C	m4C	4-methylcytosine	3	0.00225225
NC_003197.2	CDS	3144281	3146117	-	1836	EBBPGFGJ_03009	recD	RecBCD enzyme subunit RecD	m4C	m4C	4-methylcytosine	6	0.00326797
NC_003197.2	CDS	3146113	3149659	-	3546	EBBPGFGJ_03010	recB	RecBCD enzyme subunit RecB	m4C	m4C	4-methylcytosine	17	0.00479413
NC_003197.2	CDS	3149651	3152540	-	2889	EBBPGFGJ_03011	ptrA	Protease 3	m4C	m4C	4-methylcytosine	5	0.00173070
NC_003197.2	CDS	3152717	3156089	-	3372	EBBPGFGJ_03012	recC	RecBCD enzyme subunit RecC	m4C	m4C	4-methylcytosine	3	0.00088968
NC_003197.2	CDS	3156409	3156817	-	408	EBBPGFGJ_03014		hypothetical protein	m4C	m4C	4-methylcytosine	1	0.00245098
NC_003197.2	CDS	3157367	3157838	-	471	EBBPGFGJ_03016		hypothetical protein	m4C	m4C	4-methylcytosine	4	0.00849257
NC_003197.2	CDS	3158823	3159699	-	876	EBBPGFGJ_03018	lgt	Phosphatidylglycerol--prolipoprotein diacylglyceryl transferase	m4C	m4C	4-methylcytosine	1	0.00114155
NC_003197.2	CDS	3159914	3162161	-	2247	EBBPGFGJ_03019	ptsP	Phosphoenolpyruvate-dependent phosphotransferase system	m4C	m4C	4-methylcytosine	4	0.00178015
NC_003197.2	CDS	3163386	3164082	+	696	EBBPGFGJ_03021	mutH	DNA mismatch repair protein MutH	m4C	m4C	4-methylcytosine	2	0.00287356
NC_003197.2	CDS	3164263	3164977	+	714	EBBPGFGJ_03022	ygdQ	UPF0053 inner membrane protein YgdQ	m4C	m4C	4-methylcytosine	1	0.00140056
NC_003197.2	CDS	3165555	3166596	+	1041	EBBPGFGJ_03024	tas	Protein tas	m4C	m4C	4-methylcytosine	5	0.00480307
NC_003197.2	CDS	3166682	3167885	-	1203	EBBPGFGJ_03025	lplT	Lysophospholipid transporter LplT	m4C	m4C	4-methylcytosine	14	0.01163757
NC_003197.2	CDS	3167877	3170037	-	2160	EBBPGFGJ_03026	aas	Bifunctional protein Aas	m4C	m4C	4-methylcytosine	12	0.00555556
NC_003197.2	CDS	3170629	3171658	+	1029	EBBPGFGJ_03027	galR	HTH-type transcriptional regulator GalR	m4C	m4C	4-methylcytosine	1	0.00097182
NC_003197.2	CDS	3171671	3172691	+	1020	EBBPGFGJ_03028	ascG	HTH-type transcriptional regulator AscG	m4C	m4C	4-methylcytosine	8	0.00784314
NC_003197.2	CDS	3172700	3173963	-	1263	EBBPGFGJ_03029	lysA_2	Diaminopimelate decarboxylase	m4C	m4C	4-methylcytosine	8	0.00633413
NC_003197.2	CDS	3174080	3175016	+	936	EBBPGFGJ_03030	occR	Octopine catabolism/uptake operon regulatory protein OccR	m4C	m4C	4-methylcytosine	4	0.00427350
NC_003197.2	CDS	3175807	3177226	-	1419	EBBPGFGJ_03032	araE	Arabinose-proton symporter	m4C	m4C	4-methylcytosine	2	0.00140944
NC_003197.2	CDS	3178397	3179234	-	837	EBBPGFGJ_03034	kduI	4-deoxy-L-threo-5-hexosulose-uronate ketol-isomerase	m4C	m4C	4-methylcytosine	2	0.00238949
NC_003197.2	CDS	3179663	3180842	-	1179	EBBPGFGJ_03035	thlA	Acetyl-CoA acetyltransferase	m4C	m4C	4-methylcytosine	2	0.00169635
NC_003197.2	CDS	3181931	3182387	+	456	EBBPGFGJ_03037		hypothetical protein	m4C	m4C	4-methylcytosine	1	0.00219298
NC_003197.2	CDS	3182528	3183758	+	1230	EBBPGFGJ_03038	yqeG	Inner membrane transport protein YqeG	m4C	m4C	4-methylcytosine	3	0.00243902
NC_003197.2	CDS	3184182	3185049	+	867	EBBPGFGJ_03040	rcnA	Nickel/cobalt efflux system RcnA	m4C	m4C	4-methylcytosine	2	0.00230681
NC_003197.2	CDS	3186659	3187736	-	1077	EBBPGFGJ_03043		hypothetical protein	m4C	m4C	4-methylcytosine	1	0.00092851
NC_003197.2	CDS	3187732	3188476	-	744	EBBPGFGJ_03044	papD	Chaperone protein PapD	m4C	m4C	4-methylcytosine	3	0.00403226
NC_003197.2	CDS	3188516	3191006	-	2490	EBBPGFGJ_03045	papC_2	Outer membrane usher protein PapC	m4C	m4C	4-methylcytosine	35	0.01405622
NC_003197.2	CDS	3191125	3191710	-	585	EBBPGFGJ_03046	ybgD	Uncharacterized fimbrial-like protein YbgD	m4C	m4C	4-methylcytosine	1	0.00170940
NC_003197.2	CDS	3194323	3194782	-	459	EBBPGFGJ_03049		IS200/IS605 family transposase IS200F	m4C	m4C	4-methylcytosine	1	0.00217865
NC_003197.2	tRNA	3197427	3197501	-	74	EBBPGFGJ_03055		tRNA-Gly(ccc)	m4C	m4C	4-methylcytosine	1	0.01351351
NC_003197.2	CDS	3199224	3200742	-	1518	EBBPGFGJ_03058	lysS	Lysine--tRNA ligase	m4C	m4C	4-methylcytosine	1	0.00065876
NC_003197.2	CDS	3200751	3201633	-	882	EBBPGFGJ_03059	prfB_2	Peptide chain release factor RF2	m4C	m4C	4-methylcytosine	2	0.00226757
NC_003197.2	CDS	3201954	3203556	-	1602	EBBPGFGJ_03060	recJ	Single-stranded-DNA-specific exonuclease RecJ	m4C	m4C	4-methylcytosine	3	0.00187266
NC_003197.2	CDS	3203693	3204407	-	714	EBBPGFGJ_03061	dsbC	Thiol:disulfide interchange protein DsbC	m4C	m4C	4-methylcytosine	2	0.00280112
NC_003197.2	CDS	3204430	3205327	-	897	EBBPGFGJ_03062	xerD	Tyrosine recombinase XerD	m4C	m4C	4-methylcytosine	1	0.00111483
NC_003197.2	CDS	3205439	3205961	+	522	EBBPGFGJ_03063	fldB	Flavodoxin 2	m4C	m4C	4-methylcytosine	1	0.00191571
NC_003197.2	CDS	3206013	3206427	-	414	EBBPGFGJ_03064	ygfX	Inner membrane protein YgfX	m4C	m4C	4-methylcytosine	1	0.00241546
NC_003197.2	CDS	3206407	3206674	-	267	EBBPGFGJ_03065	sdhE	FAD assembly factor SdhE	m4C	m4C	4-methylcytosine	1	0.00374532
NC_003197.2	CDS	3206923	3207904	+	981	EBBPGFGJ_03066	ygfZ	tRNA-modifying protein YgfZ	m4C	m4C	4-methylcytosine	6	0.00611621
NC_003197.2	CDS	3209312	3210746	+	1434	EBBPGFGJ_03070	bglA	6-phospho-beta-glucosidase BglA	m4C	m4C	4-methylcytosine	1	0.00069735
NC_003197.2	CDS	3212142	3215016	-	2874	EBBPGFGJ_03072	gcvP	Glycine dehydrogenase (decarboxylating)	m4C	m4C	4-methylcytosine	15	0.00521921
NC_003197.2	CDS	3215593	3216688	-	1095	EBBPGFGJ_03074	gcvT	Aminomethyltransferase	m4C	m4C	4-methylcytosine	1	0.00091324
NC_003197.2	CDS	3217142	3218345	-	1203	EBBPGFGJ_03075	ubiI	2-octaprenylphenol hydroxylase	m4C	m4C	4-methylcytosine	1	0.00083126
NC_003197.2	CDS	3218470	3219649	-	1179	EBBPGFGJ_03076	ubiH	2-octaprenyl-6-methoxyphenol hydroxylase	m4C	m4C	4-methylcytosine	10	0.00848176
NC_003197.2	CDS	3219645	3220962	-	1317	EBBPGFGJ_03077	pepP	Xaa-Pro aminopeptidase	m4C	m4C	4-methylcytosine	1	0.00075930
NC_003197.2	CDS	3220987	3221566	-	579	EBBPGFGJ_03078		UPF0149 protein HI_0817	m4C	m4C	4-methylcytosine	1	0.00172712
NC_003197.2	CDS	3222427	3222904	+	477	EBBPGFGJ_03080	ygfA	5-formyltetrahydrofolate cyclo-ligase	m4C	m4C	4-methylcytosine	1	0.00209644
NC_003197.2	CDS	3225595	3226489	+	894	EBBPGFGJ_03083	argP	HTH-type transcriptional regulator ArgP	m4C	m4C	4-methylcytosine	4	0.00447427
NC_003197.2	CDS	3226754	3227501	-	747	EBBPGFGJ_03084		26 kDa periplasmic immunogenic protein	m4C	m4C	4-methylcytosine	2	0.00267738
NC_003197.2	CDS	3227594	3228230	-	636	EBBPGFGJ_03085	argO	Arginine exporter protein ArgO	m4C	m4C	4-methylcytosine	1	0.00157233
NC_003197.2	CDS	3230697	3231861	-	1164	EBBPGFGJ_03088	pgk	Phosphoglycerate kinase	m4C	m4C	4-methylcytosine	3	0.00257732
NC_003197.2	CDS	3233302	3233728	+	426	EBBPGFGJ_03090		hypothetical protein	m4C	m4C	4-methylcytosine	2	0.00469484
NC_003197.2	CDS	3233753	3234332	+	579	EBBPGFGJ_03091		hypothetical protein	m4C	m4C	4-methylcytosine	4	0.00690846
NC_003197.2	CDS	3234332	3235040	+	708	EBBPGFGJ_03092		hypothetical protein	m4C	m4C	4-methylcytosine	1	0.00141243
NC_003197.2	CDS	3235027	3235705	+	678	EBBPGFGJ_03093	ecfA1	Energy-coupling factor transporter ATP-binding protein EcfA1	m4C	m4C	4-methylcytosine	1	0.00147493
NC_003197.2	CDS	3236398	3238390	-	1992	EBBPGFGJ_03095	tktA	Transketolase 1	m4C	m4C	4-methylcytosine	8	0.00401606
NC_003197.2	CDS	3238665	3239424	+	759	EBBPGFGJ_03096	loiP	Metalloprotease LoiP	m4C	m4C	4-methylcytosine	9	0.01185771
NC_003197.2	CDS	3239524	3240445	-	921	EBBPGFGJ_03097	speB	Agmatinase	m4C	m4C	4-methylcytosine	1	0.00108578
NC_003197.2	CDS	3240649	3241540	-	891	EBBPGFGJ_03098	menH_2	2-succinyl-6-hydroxy-2%2C4-cyclohexadiene-1-carboxylate synthase	m4C	m4C	4-methylcytosine	1	0.00112233
NC_003197.2	CDS	3241819	3242293	-	474	EBBPGFGJ_03099	tabA_1	Toxin-antitoxin biofilm protein TabA	m4C	m4C	4-methylcytosine	1	0.00210970
NC_003197.2	CDS	3242331	3243339	-	1008	EBBPGFGJ_03100	yjmC	Uncharacterized oxidoreductase YjmC	m4C	m4C	4-methylcytosine	5	0.00496032
NC_003197.2	CDS	3243352	3244369	-	1017	EBBPGFGJ_03101	lgoD	L-galactonate-5-dehydrogenase	m4C	m4C	4-methylcytosine	2	0.00196657
NC_003197.2	CDS	3244371	3245844	-	1473	EBBPGFGJ_03102	mtlK	Mannitol 2-dehydrogenase	m4C	m4C	4-methylcytosine	1	0.00067889
NC_003197.2	CDS	3247103	3247853	-	750	EBBPGFGJ_03103	pdhR_3	Pyruvate dehydrogenase complex repressor	m4C	m4C	4-methylcytosine	1	0.00133333
NC_003197.2	CDS	3248932	3250909	-	1977	EBBPGFGJ_03105	speA	Biosynthetic arginine decarboxylase	m4C	m4C	4-methylcytosine	5	0.00252908
NC_003197.2	CDS	3251698	3252853	+	1155	EBBPGFGJ_03107	metK	S-adenosylmethionine synthase	m4C	m4C	4-methylcytosine	5	0.00432900
NC_003197.2	CDS	3253345	3254740	+	1395	EBBPGFGJ_03108	galP	Galactose-proton symporter	m4C	m4C	4-methylcytosine	1	0.00071685
NC_003197.2	CDS	3255410	3256118	+	708	EBBPGFGJ_03110	endA	Endonuclease-1	m4C	m4C	4-methylcytosine	2	0.00282486
NC_003197.2	CDS	3256194	3256926	+	732	EBBPGFGJ_03111	rsmE	Ribosomal RNA small subunit methyltransferase E	m4C	m4C	4-methylcytosine	13	0.01775956
NC_003197.2	CDS	3256945	3257893	+	948	EBBPGFGJ_03112	gshB	Glutathione synthetase	m4C	m4C	4-methylcytosine	1	0.00105485
NC_003197.2	CDS	3259952	3260933	-	981	EBBPGFGJ_03116	yggR	Uncharacterized protein YggR	m4C	m4C	4-methylcytosine	4	0.00407747
NC_003197.2	CDS	3260950	3261655	+	705	EBBPGFGJ_03117	yggS	Pyridoxal phosphate homeostasis protein	m4C	m4C	4-methylcytosine	3	0.00425532
NC_003197.2	CDS	3262236	3262527	+	291	EBBPGFGJ_03119	yggU	UPF0235 protein YggU	m4C	m4C	4-methylcytosine	2	0.00687285
NC_003197.2	CDS	3262534	3263128	+	594	EBBPGFGJ_03120	rdgB	dITP/XTP pyrophosphatase	m4C	m4C	4-methylcytosine	3	0.00505051
NC_003197.2	CDS	3263120	3264257	+	1137	EBBPGFGJ_03121	hemW_1	Heme chaperone HemW	m4C	m4C	4-methylcytosine	3	0.00263852
NC_003197.2	CDS	3265487	3266534	-	1047	EBBPGFGJ_03123	ansB_1	L-asparaginase 2	m4C	m4C	4-methylcytosine	3	0.00286533
NC_003197.2	CDS	3266722	3267442	-	720	EBBPGFGJ_03124		hypothetical protein	m4C	m4C	4-methylcytosine	4	0.00555556
NC_003197.2	CDS	3267491	3267818	-	327	EBBPGFGJ_03125		Uncharacterized protein HI_0341	m4C	m4C	4-methylcytosine	1	0.00305810
NC_003197.2	CDS	3267817	3268537	-	720	EBBPGFGJ_03126	trmB	tRNA (guanine-N(7)-)-methyltransferase	m4C	m4C	4-methylcytosine	3	0.00416667
NC_003197.2	CDS	3268691	3269744	+	1053	EBBPGFGJ_03127	mutY	Adenine DNA glycosylase	m4C	m4C	4-methylcytosine	4	0.00379867
NC_003197.2	CDS	3269771	3270047	+	276	EBBPGFGJ_03128	yggX	Probable Fe(2+)-trafficking protein	m4C	m4C	4-methylcytosine	1	0.00362319
NC_003197.2	CDS	3270159	3271245	+	1086	EBBPGFGJ_03129	mltC	Membrane-bound lytic murein transglycosylase C	m4C	m4C	4-methylcytosine	3	0.00276243
NC_003197.2	CDS	3271461	3272718	+	1257	EBBPGFGJ_03130	nupG	Nucleoside permease NupG	m4C	m4C	4-methylcytosine	1	0.00079554
NC_003197.2	CDS	3272779	3274915	-	2136	EBBPGFGJ_03131	speC	Constitutive ornithine decarboxylase	m4C	m4C	4-methylcytosine	13	0.00608614
NC_003197.2	CDS	3275339	3276047	+	708	EBBPGFGJ_03132		hypothetical protein	m4C	m4C	4-methylcytosine	3	0.00423729
NC_003197.2	CDS	3276386	3276767	-	381	EBBPGFGJ_03134		Virulence protein STM3117	m4C	m4C	4-methylcytosine	1	0.00262467
NC_003197.2	CDS	3276831	3278157	-	1326	EBBPGFGJ_03135		Butyryl-CoA:acetate CoA-transferase	m4C	m4C	4-methylcytosine	4	0.00301659
NC_003197.2	CDS	3278732	3279575	-	843	EBBPGFGJ_03137	mcl1	L-malyl-CoA/beta-methylmalyl-CoA lyase	m4C	m4C	4-methylcytosine	4	0.00474496
NC_003197.2	CDS	3280592	3282332	-	1740	EBBPGFGJ_03139	atsA	Arylsulfatase	m4C	m4C	4-methylcytosine	1	0.00057471
NC_003197.2	CDS	3284096	3284780	+	684	EBBPGFGJ_03141	malT_1	HTH-type transcriptional regulator MalT	m4C	m4C	4-methylcytosine	2	0.00292398
NC_003197.2	CDS	3284883	3285441	-	558	EBBPGFGJ_03142		hypothetical protein	m4C	m4C	4-methylcytosine	1	0.00179211
NC_003197.2	CDS	3285418	3286918	-	1500	EBBPGFGJ_03143	steT	Serine/threonine exchanger SteT	m4C	m4C	4-methylcytosine	2	0.00133333
NC_003197.2	CDS	3288978	3290463	+	1485	EBBPGFGJ_03146	feaB	Phenylacetaldehyde dehydrogenase	m4C	m4C	4-methylcytosine	4	0.00269360
NC_003197.2	CDS	3290598	3290979	-	381	EBBPGFGJ_03147	iraD	Anti-adapter protein IraD	m4C	m4C	4-methylcytosine	3	0.00787402
NC_003197.2	CDS	3296134	3297319	+	1185	EBBPGFGJ_03152	uxuA	Mannonate dehydratase	m4C	m4C	4-methylcytosine	5	0.00421941
NC_003197.2	CDS	3297429	3298902	+	1473	EBBPGFGJ_03153	por_2	Polyol:NADP oxidoreductase	m4C	m4C	4-methylcytosine	9	0.00610998
NC_003197.2	CDS	3298913	3300326	+	1413	EBBPGFGJ_03154	uxaC	Uronate isomerase	m4C	m4C	4-methylcytosine	14	0.00990800
NC_003197.2	CDS	3300625	3301684	-	1059	EBBPGFGJ_03155		hypothetical protein	m4C	m4C	4-methylcytosine	1	0.00094429
NC_003197.2	CDS	3302353	3304210	-	1857	EBBPGFGJ_03156	gss	Bifunctional glutathionylspermidine synthetase/amidase	m4C	m4C	4-methylcytosine	3	0.00161551
NC_003197.2	CDS	3304436	3305303	+	867	EBBPGFGJ_03157	yghU	Disulfide-bond oxidoreductase YghU	m4C	m4C	4-methylcytosine	1	0.00115340
NC_003197.2	CDS	3306080	3307133	-	1053	EBBPGFGJ_03159		Uncharacterized protein HI_1472	m4C	m4C	4-methylcytosine	7	0.00664767
NC_003197.2	CDS	3307484	3307826	-	342	EBBPGFGJ_03161	hybF_2	Hydrogenase maturation factor HybF	m4C	m4C	4-methylcytosine	3	0.00877193
NC_003197.2	CDS	3307818	3308307	-	489	EBBPGFGJ_03162	hybE	Hydrogenase-2 operon protein HybE	m4C	m4C	4-methylcytosine	1	0.00204499
NC_003197.2	CDS	3308299	3308794	-	495	EBBPGFGJ_03163	hybD	Hydrogenase 2 maturation protease	m4C	m4C	4-methylcytosine	6	0.01212121
NC_003197.2	CDS	3308793	3310497	-	1704	EBBPGFGJ_03164	hybC	Hydrogenase-2 large chain	m4C	m4C	4-methylcytosine	1	0.00058685
NC_003197.2	CDS	3310493	3311672	-	1179	EBBPGFGJ_03165	hybB	Probable Ni/Fe-hydrogenase 2 b-type cytochrome subunit	m4C	m4C	4-methylcytosine	1	0.00084818
NC_003197.2	CDS	3314330	3315974	-	1644	EBBPGFGJ_03169		hypothetical protein	m4C	m4C	4-methylcytosine	20	0.01216545
NC_003197.2	CDS	3316280	3316775	-	495	EBBPGFGJ_03170		hypothetical protein	m4C	m4C	4-methylcytosine	1	0.00202020
NC_003197.2	CDS	3318058	3318463	+	405	EBBPGFGJ_03173		hypothetical protein	m4C	m4C	4-methylcytosine	1	0.00246914
NC_003197.2	CDS	3318586	3319471	+	885	EBBPGFGJ_03174	yghA	Uncharacterized oxidoreductase YghA	m4C	m4C	4-methylcytosine	4	0.00451977
NC_003197.2	CDS	3321001	3322189	+	1188	EBBPGFGJ_03178	metC	Cystathionine beta-lyase MetC	m4C	m4C	4-methylcytosine	1	0.00084175
NC_003197.2	CDS	3322328	3322988	+	660	EBBPGFGJ_03179	yghB	Inner membrane protein YghB	m4C	m4C	4-methylcytosine	2	0.00303030
NC_003197.2	CDS	3324143	3325307	+	1164	EBBPGFGJ_03181	yqhD	Alcohol dehydrogenase YqhD	m4C	m4C	4-methylcytosine	6	0.00515464
NC_003197.2	CDS	3326405	3327890	+	1485	EBBPGFGJ_03183	yflS	Putative malate transporter YflS	m4C	m4C	4-methylcytosine	5	0.00336700
NC_003197.2	CDS	3327934	3328390	+	456	EBBPGFGJ_03184		hypothetical protein	m4C	m4C	4-methylcytosine	1	0.00219298
NC_003197.2	CDS	3328944	3331116	-	2172	EBBPGFGJ_03186		hypothetical protein	m4C	m4C	4-methylcytosine	2	0.00092081
NC_003197.2	CDS	3331603	3332587	+	984	EBBPGFGJ_03187		Solute-binding protein Bamb_6123	m4C	m4C	4-methylcytosine	1	0.00101626
NC_003197.2	CDS	3332628	3333111	+	483	EBBPGFGJ_03188		hypothetical protein	m4C	m4C	4-methylcytosine	2	0.00414079
NC_003197.2	CDS	3333121	3334429	+	1308	EBBPGFGJ_03189	dctM_1	C4-dicarboxylate TRAP transporter large permease protein DctM	m4C	m4C	4-methylcytosine	4	0.00305810
NC_003197.2	CDS	3334473	3335886	-	1413	EBBPGFGJ_03190	ftsP	Cell division protein FtsP	m4C	m4C	4-methylcytosine	10	0.00707714
NC_003197.2	CDS	3336953	3339212	-	2259	EBBPGFGJ_03192	parC	DNA topoisomerase 4 subunit A	m4C	m4C	4-methylcytosine	9	0.00398406
NC_003197.2	CDS	3339322	3340189	-	867	EBBPGFGJ_03193	rhaS_4	HTH-type transcriptional activator RhaS	m4C	m4C	4-methylcytosine	4	0.00461361
NC_003197.2	CDS	3340804	3341464	+	660	EBBPGFGJ_03195	qseB	Transcriptional regulatory protein QseB	m4C	m4C	4-methylcytosine	6	0.00909091
NC_003197.2	CDS	3341460	3342810	+	1350	EBBPGFGJ_03196	qseC_2	Sensor protein QseC	m4C	m4C	4-methylcytosine	5	0.00370370
NC_003197.2	CDS	3343529	3343844	+	315	EBBPGFGJ_03198	ygiN	Probable quinol monooxygenase YgiN	m4C	m4C	4-methylcytosine	1	0.00317460
NC_003197.2	CDS	3343968	3345861	-	1893	EBBPGFGJ_03199	parE	DNA topoisomerase 4 subunit B	m4C	m4C	4-methylcytosine	3	0.00158479
NC_003197.2	CDS	3345888	3346470	-	582	EBBPGFGJ_03200		hypothetical protein	m4C	m4C	4-methylcytosine	1	0.00171821
NC_003197.2	CDS	3346469	3347297	-	828	EBBPGFGJ_03201	cpdA	3'%2C5'-cyclic adenosine monophosphate phosphodiesterase CpdA	m4C	m4C	4-methylcytosine	4	0.00483092
NC_003197.2	CDS	3347740	3348373	-	633	EBBPGFGJ_03203	nudF	ADP-ribose pyrophosphatase	m4C	m4C	4-methylcytosine	2	0.00315956
NC_003197.2	CDS	3348579	3350049	+	1470	EBBPGFGJ_03204	tolC_1	Outer membrane protein TolC	m4C	m4C	4-methylcytosine	1	0.00068027
NC_003197.2	CDS	3350261	3350933	+	672	EBBPGFGJ_03205		hypothetical protein	m4C	m4C	4-methylcytosine	10	0.01488095
NC_003197.2	CDS	3350938	3352102	+	1164	EBBPGFGJ_03206	ygiC	Putative acid--amine ligase YgiC	m4C	m4C	4-methylcytosine	2	0.00171821
NC_003197.2	CDS	3353092	3353866	+	774	EBBPGFGJ_03208	zupT	Zinc transporter ZupT	m4C	m4C	4-methylcytosine	2	0.00258398
NC_003197.2	CDS	3356323	3356995	+	672	EBBPGFGJ_03212	dsbL	Thiol:disulfide interchange protein DsbL	m4C	m4C	4-methylcytosine	2	0.00297619
NC_003197.2	CDS	3357009	3357687	+	678	EBBPGFGJ_03213	dsbI	Protein-disulfide oxidoreductase DsbI	m4C	m4C	4-methylcytosine	1	0.00147493
NC_003197.2	CDS	3357857	3358511	-	654	EBBPGFGJ_03214	ribB	3%2C4-dihydroxy-2-butanone 4-phosphate synthase	m4C	m4C	4-methylcytosine	6	0.00917431
NC_003197.2	CDS	3358947	3359247	+	300	EBBPGFGJ_03215	ubiK	Ubiquinone biosynthesis accessory factor UbiK	m4C	m4C	4-methylcytosine	1	0.00333333
NC_003197.2	CDS	3359787	3360408	+	621	EBBPGFGJ_03217	yqiJ	Inner membrane protein YqiJ	m4C	m4C	4-methylcytosine	1	0.00161031
NC_003197.2	CDS	3360426	3362106	+	1680	EBBPGFGJ_03218	yqiK	Inner membrane protein YqiK	m4C	m4C	4-methylcytosine	1	0.00059524
NC_003197.2	CDS	3362565	3363999	-	1434	EBBPGFGJ_03219	hldE	Bifunctional protein HldE	m4C	m4C	4-methylcytosine	3	0.00209205
NC_003197.2	CDS	3364046	3366890	-	2844	EBBPGFGJ_03220	glnE	Bifunctional glutamine synthetase adenylyltransferase/adenylyl-removing enzyme	m4C	m4C	4-methylcytosine	4	0.00140647
NC_003197.2	CDS	3367007	3368309	-	1302	EBBPGFGJ_03221	ygiF	Inorganic triphosphatase	m4C	m4C	4-methylcytosine	2	0.00153610
NC_003197.2	CDS	3368550	3369165	+	615	EBBPGFGJ_03222		hypothetical protein	m4C	m4C	4-methylcytosine	1	0.00162602
NC_003197.2	CDS	3369227	3370469	+	1242	EBBPGFGJ_03223	cca	Multifunctional CCA protein	m4C	m4C	4-methylcytosine	6	0.00483092
NC_003197.2	CDS	3370573	3371395	-	822	EBBPGFGJ_03224	uppP	Undecaprenyl-diphosphatase	m4C	m4C	4-methylcytosine	1	0.00121655
NC_003197.2	CDS	3371958	3372570	+	612	EBBPGFGJ_03226	plsY	Probable glycerol-3-phosphate acyltransferase	m4C	m4C	4-methylcytosine	1	0.00163399
NC_003197.2	CDS	3372820	3373834	-	1014	EBBPGFGJ_03227	tsaD	tRNA N6-adenosine threonylcarbamoyltransferase	m4C	m4C	4-methylcytosine	6	0.00591716
NC_003197.2	CDS	3374061	3374277	+	216	EBBPGFGJ_03228	rpsU	30S ribosomal protein S21	m4C	m4C	4-methylcytosine	3	0.01388889
NC_003197.2	CDS	3374512	3376258	+	1746	EBBPGFGJ_03229	dnaG	DNA primase	m4C	m4C	4-methylcytosine	8	0.00458190
NC_003197.2	CDS	3376272	3378255	+	1983	EBBPGFGJ_03230	rpoD	RNA polymerase sigma factor RpoD	m4C	m4C	4-methylcytosine	6	0.00302572
NC_003197.2	CDS	3380808	3382374	-	1566	EBBPGFGJ_03235	trg_2	Methyl-accepting chemotaxis protein III	m4C	m4C	4-methylcytosine	3	0.00191571
NC_003197.2	CDS	3384711	3386091	+	1380	EBBPGFGJ_03237	patA	Putrescine aminotransferase	m4C	m4C	4-methylcytosine	4	0.00289855
NC_003197.2	CDS	3386261	3388280	+	2019	EBBPGFGJ_03238	fadH	2%2C4-dienoyl-CoA reductase	m4C	m4C	4-methylcytosine	12	0.00594354
NC_003197.2	CDS	3388360	3389497	-	1137	EBBPGFGJ_03239	rlmG	Ribosomal RNA large subunit methyltransferase G	m4C	m4C	4-methylcytosine	2	0.00175901
NC_003197.2	CDS	3390231	3390924	+	693	EBBPGFGJ_03241		hypothetical protein	m4C	m4C	4-methylcytosine	1	0.00144300
NC_003197.2	CDS	3391012	3392011	+	999	EBBPGFGJ_03242	iolU	scyllo-inositol 2-dehydrogenase (NADP(+)) IolU	m4C	m4C	4-methylcytosine	5	0.00500501
NC_003197.2	CDS	3392283	3393252	+	969	EBBPGFGJ_03243	alx	Putative membrane-bound redox modulator Alx	m4C	m4C	4-methylcytosine	2	0.00206398
NC_003197.2	CDS	3393506	3394751	+	1245	EBBPGFGJ_03244	sstT	Serine/threonine transporter SstT	m4C	m4C	4-methylcytosine	1	0.00080321
NC_003197.2	CDS	3395200	3395863	+	663	EBBPGFGJ_03245	yqjA	Inner membrane protein YqjA	m4C	m4C	4-methylcytosine	1	0.00150830
NC_003197.2	CDS	3397112	3397511	+	399	EBBPGFGJ_03249	yqjE	Inner membrane protein YqjE	m4C	m4C	4-methylcytosine	3	0.00751880
NC_003197.2	CDS	3397507	3397807	+	300	EBBPGFGJ_03250		hypothetical protein	m4C	m4C	4-methylcytosine	3	0.01000000
NC_003197.2	CDS	3397951	3398437	+	486	EBBPGFGJ_03251	yqjF	Inner membrane protein YqjF	m4C	m4C	4-methylcytosine	2	0.00411523
NC_003197.2	CDS	3398504	3399491	+	987	EBBPGFGJ_03252	yqjG	Glutathionyl-hydroquinone reductase YqjG	m4C	m4C	4-methylcytosine	1	0.00101317
NC_003197.2	CDS	3401019	3401721	+	702	EBBPGFGJ_03255	yhaK	Pirin-like protein YhaK	m4C	m4C	4-methylcytosine	2	0.00284900
NC_003197.2	CDS	3401744	3401909	+	165	EBBPGFGJ_03256		hypothetical protein	m4C	m4C	4-methylcytosine	1	0.00606061
NC_003197.2	CDS	3402021	3403332	-	1311	EBBPGFGJ_03257	yhaM	UPF0597 protein YhaM	m4C	m4C	4-methylcytosine	3	0.00228833
NC_003197.2	CDS	3403357	3404689	-	1332	EBBPGFGJ_03258	dlsT	Probable serine transporter	m4C	m4C	4-methylcytosine	2	0.00150150
NC_003197.2	CDS	3405004	3406369	-	1365	EBBPGFGJ_03259	tdcG	L-serine dehydratase TdcG	m4C	m4C	4-methylcytosine	2	0.00146520
NC_003197.2	CDS	3406438	3408733	-	2295	EBBPGFGJ_03260	tdcE	PFL-like enzyme TdcE	m4C	m4C	4-methylcytosine	16	0.00697168
NC_003197.2	CDS	3408766	3409975	-	1209	EBBPGFGJ_03261	tdcD	Propionate kinase	m4C	m4C	4-methylcytosine	3	0.00248139
NC_003197.2	CDS	3410040	3411372	-	1332	EBBPGFGJ_03262	tdcC	Threonine/serine transporter TdcC	m4C	m4C	4-methylcytosine	2	0.00150150
NC_003197.2	CDS	3411392	3412382	-	990	EBBPGFGJ_03263	tdcB	L-threonine dehydratase catabolic TdcB	m4C	m4C	4-methylcytosine	1	0.00101010
NC_003197.2	CDS	3414637	3415198	+	561	EBBPGFGJ_03265		hypothetical protein	m4C	m4C	4-methylcytosine	3	0.00534759
NC_003197.2	CDS	3415216	3416362	-	1146	EBBPGFGJ_03266	garK_2	Glycerate 2-kinase	m4C	m4C	4-methylcytosine	3	0.00261780
NC_003197.2	CDS	3416459	3417350	-	891	EBBPGFGJ_03267	garR	2-hydroxy-3-oxopropionate reductase	m4C	m4C	4-methylcytosine	7	0.00785634
NC_003197.2	CDS	3417375	3418146	-	771	EBBPGFGJ_03268	garL	5-keto-4-deoxy-D-glucarate aldolase	m4C	m4C	4-methylcytosine	3	0.00389105
NC_003197.2	CDS	3418675	3420247	+	1572	EBBPGFGJ_03269	garD	Galactarate dehydratase (L-threo-forming)	m4C	m4C	4-methylcytosine	21	0.01335878
NC_003197.2	CDS	3421444	3422278	-	834	EBBPGFGJ_03271		hypothetical protein	m4C	m4C	4-methylcytosine	1	0.00119904
NC_003197.2	CDS	3430321	3431365	+	1044	EBBPGFGJ_03280	gatD	Galactitol 1-phosphate 5-dehydrogenase	m4C	m4C	4-methylcytosine	3	0.00287356
NC_003197.2	CDS	3431475	3432249	+	774	EBBPGFGJ_03281	srlR_4	Glucitol operon repressor	m4C	m4C	4-methylcytosine	1	0.00129199
NC_003197.2	CDS	3432406	3433270	-	864	EBBPGFGJ_03282	rsmI	Ribosomal RNA small subunit methyltransferase I	m4C	m4C	4-methylcytosine	4	0.00462963
NC_003197.2	CDS	3433333	3435376	+	2043	EBBPGFGJ_03283	lpoA	Penicillin-binding protein activator LpoA	m4C	m4C	4-methylcytosine	7	0.00342633
NC_003197.2	CDS	3435333	3435729	+	396	EBBPGFGJ_03284		hypothetical protein	m4C	m4C	4-methylcytosine	3	0.00757576
NC_003197.2	CDS	3437758	3438277	+	519	EBBPGFGJ_03288	yhbO	Protein/nucleic acid deglycase 2	m4C	m4C	4-methylcytosine	1	0.00192678
NC_003197.2	CDS	3438737	3439055	+	318	EBBPGFGJ_03290		hypothetical protein	m4C	m4C	4-methylcytosine	1	0.00314465
NC_003197.2	CDS	3440279	3441275	+	996	EBBPGFGJ_03293	yhbU	Uncharacterized protease YhbU	m4C	m4C	4-methylcytosine	5	0.00502008
NC_003197.2	CDS	3441283	3442162	+	879	EBBPGFGJ_03294		hypothetical protein	m4C	m4C	4-methylcytosine	2	0.00227531
NC_003197.2	CDS	3442339	3443347	+	1008	EBBPGFGJ_03295		hypothetical protein	m4C	m4C	4-methylcytosine	37	0.03670635
NC_003197.2	CDS	3444793	3446038	-	1245	EBBPGFGJ_03298	mtr	Tryptophan-specific transport protein	m4C	m4C	4-methylcytosine	1	0.00080321
NC_003197.2	CDS	3446191	3448081	-	1890	EBBPGFGJ_03299	deaD	ATP-dependent RNA helicase DeaD	m4C	m4C	4-methylcytosine	14	0.00740741
NC_003197.2	CDS	3449253	3451419	-	2166	EBBPGFGJ_03301	pnp	Polyribonucleotide nucleotidyltransferase	m4C	m4C	4-methylcytosine	2	0.00092336
NC_003197.2	CDS	3452050	3452995	-	945	EBBPGFGJ_03303	truB	tRNA pseudouridine synthase B	m4C	m4C	4-methylcytosine	1	0.00105820
NC_003197.2	CDS	3452994	3453396	-	402	EBBPGFGJ_03304	rbfA	30S ribosome-binding factor	m4C	m4C	4-methylcytosine	2	0.00497512
NC_003197.2	CDS	3453616	3456295	-	2679	EBBPGFGJ_03305	infB	Translation initiation factor IF-2	m4C	m4C	4-methylcytosine	11	0.00410601
NC_003197.2	CDS	3456319	3457822	-	1503	EBBPGFGJ_03306	nusA	Transcription termination/antitermination protein NusA	m4C	m4C	4-methylcytosine	1	0.00066534
NC_003197.2	CDS	3458929	3460273	+	1344	EBBPGFGJ_03309	argG	Argininosuccinate synthase	m4C	m4C	4-methylcytosine	3	0.00223214
NC_003197.2	CDS	3460358	3461423	-	1065	EBBPGFGJ_03310		hypothetical protein	m4C	m4C	4-methylcytosine	1	0.00093897
NC_003197.2	tRNA	3461758	3461845	-	87	EBBPGFGJ_03311		tRNA-Leu(gag)	m4C	m4C	4-methylcytosine	1	0.01149425
NC_003197.2	CDS	3462413	3463751	-	1338	EBBPGFGJ_03313	glmM_2	Phosphoglucosamine mutase	m4C	m4C	4-methylcytosine	3	0.00224215
NC_003197.2	CDS	3464696	3466640	-	1944	EBBPGFGJ_03315	ftsH	ATP-dependent zinc metalloprotease FtsH	m4C	m4C	4-methylcytosine	23	0.01183128
NC_003197.2	CDS	3468660	3470094	+	1434	EBBPGFGJ_03320	dacB	D-alanyl-D-alanine carboxypeptidase DacB	m4C	m4C	4-methylcytosine	4	0.00278940
NC_003197.2	CDS	3471413	3471755	-	342	EBBPGFGJ_03322	yhbE_1	Uncharacterized inner membrane transporter YhbE	m4C	m4C	4-methylcytosine	1	0.00292398
NC_003197.2	CDS	3471778	3472378	-	600	EBBPGFGJ_03323	yhbE_2	Uncharacterized inner membrane transporter YhbE	m4C	m4C	4-methylcytosine	1	0.00166667
NC_003197.2	CDS	3473212	3474325	+	1113	EBBPGFGJ_03326	ispB	Octaprenyl diphosphate synthase	m4C	m4C	4-methylcytosine	5	0.00449236
NC_003197.2	CDS	3474901	3476161	-	1260	EBBPGFGJ_03328	murA	UDP-N-acetylglucosamine 1-carboxyvinyltransferase	m4C	m4C	4-methylcytosine	9	0.00714286
NC_003197.2	CDS	3476656	3476953	-	297	EBBPGFGJ_03330	mlaB	Intermembrane phospholipid transport system binding protein MlaB	m4C	m4C	4-methylcytosine	1	0.00336700
NC_003197.2	CDS	3478162	3478945	-	783	EBBPGFGJ_03333	mlaE	Intermembrane phospholipid transport system permease protein MlaE	m4C	m4C	4-methylcytosine	1	0.00127714
NC_003197.2	CDS	3478952	3479765	-	813	EBBPGFGJ_03334	mlaF	Intermembrane phospholipid transport system ATP-binding protein MlaF	m4C	m4C	4-methylcytosine	4	0.00492005
NC_003197.2	CDS	3479977	3480955	+	978	EBBPGFGJ_03335	yrbG	Inner membrane protein YrbG	m4C	m4C	4-methylcytosine	1	0.00102249
NC_003197.2	CDS	3480968	3481955	+	987	EBBPGFGJ_03336	kdsD	Arabinose 5-phosphate isomerase KdsD	m4C	m4C	4-methylcytosine	6	0.00607903
NC_003197.2	CDS	3481975	3482542	+	567	EBBPGFGJ_03337	kdsC	3-deoxy-D-manno-octulosonate 8-phosphate phosphatase KdsC	m4C	m4C	4-methylcytosine	2	0.00352734
NC_003197.2	CDS	3482538	3483114	+	576	EBBPGFGJ_03338	lptC	Lipopolysaccharide export system protein LptC	m4C	m4C	4-methylcytosine	2	0.00347222
NC_003197.2	CDS	3483082	3483637	+	555	EBBPGFGJ_03339	lptA	Lipopolysaccharide export system protein LptA	m4C	m4C	4-methylcytosine	1	0.00180180
NC_003197.2	CDS	3483643	3484369	+	726	EBBPGFGJ_03340	lptB_1	Lipopolysaccharide export system ATP-binding protein LptB	m4C	m4C	4-methylcytosine	4	0.00550964
NC_003197.2	CDS	3484416	3485850	+	1434	EBBPGFGJ_03341	rpoN	RNA polymerase sigma-54 factor	m4C	m4C	4-methylcytosine	3	0.00209205
NC_003197.2	CDS	3485872	3486160	+	288	EBBPGFGJ_03342	hpf	Ribosome hibernation promoting factor	m4C	m4C	4-methylcytosine	1	0.00347222
NC_003197.2	CDS	3486277	3486769	+	492	EBBPGFGJ_03343	ptsN	Nitrogen regulatory protein	m4C	m4C	4-methylcytosine	2	0.00406504
NC_003197.2	CDS	3486814	3487669	+	855	EBBPGFGJ_03344	rapZ	RNase adapter protein RapZ	m4C	m4C	4-methylcytosine	1	0.00116959
NC_003197.2	CDS	3488186	3488819	+	633	EBBPGFGJ_03346	yrbL	Uncharacterized protein YrbL	m4C	m4C	4-methylcytosine	2	0.00315956
NC_003197.2	CDS	3490498	3492835	-	2337	EBBPGFGJ_03349	arcB	Aerobic respiration control sensor protein ArcB	m4C	m4C	4-methylcytosine	1	0.00042790
NC_003197.2	CDS	3492928	3493858	-	930	EBBPGFGJ_03350		hypothetical protein	m4C	m4C	4-methylcytosine	5	0.00537634
NC_003197.2	CDS	3494529	3498990	+	4461	EBBPGFGJ_03351	gltB	Glutamate synthase [NADPH] large chain	m4C	m4C	4-methylcytosine	9	0.00201748
NC_003197.2	CDS	3498999	3500418	+	1419	EBBPGFGJ_03352	gltD	Glutamate synthase [NADPH] small chain	m4C	m4C	4-methylcytosine	4	0.00281889
NC_003197.2	CDS	3500624	3501728	+	1104	EBBPGFGJ_03353	yhcG	Putative nuclease YhcG	m4C	m4C	4-methylcytosine	1	0.00090580
NC_003197.2	CDS	3501844	3503098	+	1254	EBBPGFGJ_03354	codB	Cytosine permease	m4C	m4C	4-methylcytosine	4	0.00318979
NC_003197.2	CDS	3503084	3504365	+	1281	EBBPGFGJ_03355	codA	Cytosine deaminase	m4C	m4C	4-methylcytosine	5	0.00390320
NC_003197.2	CDS	3504447	3504915	-	468	EBBPGFGJ_03356	yhcH_1	Uncharacterized protein YhcH	m4C	m4C	4-methylcytosine	1	0.00213675
NC_003197.2	CDS	3505783	3506473	-	690	EBBPGFGJ_03358	nanE2	Putative N-acetylmannosamine-6-phosphate 2-epimerase 2	m4C	m4C	4-methylcytosine	4	0.00579710
NC_003197.2	CDS	3510053	3510554	-	501	EBBPGFGJ_03362	sspB	Stringent starvation protein B	m4C	m4C	4-methylcytosine	4	0.00798403
NC_003197.2	CDS	3511460	3512255	-	795	EBBPGFGJ_03364		hypothetical protein	m4C	m4C	4-methylcytosine	1	0.00125786
NC_003197.2	CDS	3513551	3514676	-	1125	EBBPGFGJ_03367	zapE	Cell division protein ZapE	m4C	m4C	4-methylcytosine	2	0.00177778
NC_003197.2	CDS	3515423	3516791	+	1368	EBBPGFGJ_03369	degQ	Periplasmic pH-dependent serine endoprotease DegQ	m4C	m4C	4-methylcytosine	5	0.00365497
NC_003197.2	CDS	3516883	3517954	+	1071	EBBPGFGJ_03370	degS	Serine endoprotease DegS	m4C	m4C	4-methylcytosine	1	0.00093371
NC_003197.2	CDS	3518738	3520040	-	1302	EBBPGFGJ_03372	oadB_3	Oxaloacetate decarboxylase beta chain	m4C	m4C	4-methylcytosine	58	0.04454685
NC_003197.2	CDS	3520052	3521828	-	1776	EBBPGFGJ_03373	oadA_4	Oxaloacetate decarboxylase alpha chain	m4C	m4C	4-methylcytosine	19	0.01069820
NC_003197.2	CDS	3521843	3522098	-	255	EBBPGFGJ_03374	oadG_3	Oxaloacetate decarboxylase gamma chain	m4C	m4C	4-methylcytosine	1	0.00392157
NC_003197.2	CDS	3523802	3525071	-	1269	EBBPGFGJ_03377	sdcS	Sodium-dependent dicarboxylate transporter SdcS	m4C	m4C	4-methylcytosine	5	0.00394011
NC_003197.2	CDS	3525933	3526563	-	630	EBBPGFGJ_03379		hypothetical protein	m4C	m4C	4-methylcytosine	1	0.00158730
NC_003197.2	CDS	3526682	3527621	-	939	EBBPGFGJ_03380	mdh_2	Malate dehydrogenase	m4C	m4C	4-methylcytosine	5	0.00532481
NC_003197.2	CDS	3528034	3528505	+	471	EBBPGFGJ_03381	argR_1	Arginine repressor	m4C	m4C	4-methylcytosine	1	0.00212314
NC_003197.2	CDS	3531979	3532912	-	933	EBBPGFGJ_03386	aaeA_2	p-hydroxybenzoic acid efflux pump subunit AaeA	m4C	m4C	4-methylcytosine	7	0.00750268
NC_003197.2	CDS	3533304	3534234	+	930	EBBPGFGJ_03388	dmlR_6	HTH-type transcriptional regulator DmlR	m4C	m4C	4-methylcytosine	3	0.00322581
NC_003197.2	CDS	3535946	3539747	-	3801	EBBPGFGJ_03390		hypothetical protein	m4C	m4C	4-methylcytosine	5	0.00131544
NC_003197.2	CDS	3539853	3541323	-	1470	EBBPGFGJ_03391	rng	Ribonuclease G	m4C	m4C	4-methylcytosine	1	0.00068027
NC_003197.2	CDS	3541312	3541906	-	594	EBBPGFGJ_03392	yhdE	dTTP/UTP pyrophosphatase	m4C	m4C	4-methylcytosine	1	0.00168350
NC_003197.2	CDS	3541914	3542406	-	492	EBBPGFGJ_03393	mreD	Rod shape-determining protein MreD	m4C	m4C	4-methylcytosine	1	0.00203252
NC_003197.2	CDS	3542405	3543458	-	1053	EBBPGFGJ_03394	mreC	Cell shape-determining protein MreC	m4C	m4C	4-methylcytosine	9	0.00854701
NC_003197.2	CDS	3544873	3546814	-	1941	EBBPGFGJ_03396	csrD	RNase E specificity factor CsrD	m4C	m4C	4-methylcytosine	1	0.00051520
NC_003197.2	CDS	3547017	3547992	+	975	EBBPGFGJ_03397	acuI	Probable acrylyl-CoA reductase AcuI	m4C	m4C	4-methylcytosine	6	0.00615385
NC_003197.2	CDS	3550101	3550572	+	471	EBBPGFGJ_03400	accB	Biotin carboxyl carrier protein of acetyl-CoA carboxylase	m4C	m4C	4-methylcytosine	1	0.00212314
NC_003197.2	CDS	3550582	3551932	+	1350	EBBPGFGJ_03401	accC	Biotin carboxylase	m4C	m4C	4-methylcytosine	6	0.00444444
NC_003197.2	CDS	3552272	3553724	+	1452	EBBPGFGJ_03403	panF	Sodium/pantothenate symporter	m4C	m4C	4-methylcytosine	3	0.00206612
NC_003197.2	CDS	3553735	3554617	+	882	EBBPGFGJ_03404	prmA	Ribosomal protein L11 methyltransferase	m4C	m4C	4-methylcytosine	13	0.01473923
NC_003197.2	CDS	3555277	3556243	+	966	EBBPGFGJ_03406	dusB	tRNA-dihydrouridine synthase B	m4C	m4C	4-methylcytosine	7	0.00724638
NC_003197.2	CDS	3556650	3557535	+	885	EBBPGFGJ_03408	yhdJ_1	DNA adenine methyltransferase YhdJ	m4C	m4C	4-methylcytosine	2	0.00225989
NC_003197.2	CDS	3557932	3560032	+	2100	EBBPGFGJ_03410		Uncharacterized signaling protein PA1727	m4C	m4C	4-methylcytosine	6	0.00285714
NC_003197.2	CDS	3561110	3562268	+	1158	EBBPGFGJ_03412	acrE	Multidrug export protein AcrE	m4C	m4C	4-methylcytosine	5	0.00431779
NC_003197.2	CDS	3562279	3565393	+	3114	EBBPGFGJ_03413	acrF	Multidrug export protein AcrF	m4C	m4C	4-methylcytosine	8	0.00256904
NC_003197.2	CDS	3565628	3565850	+	222	EBBPGFGJ_03414		hypothetical protein	m4C	m4C	4-methylcytosine	1	0.00450450
NC_003197.2	rRNA	3567088	3570077	-	2989	EBBPGFGJ_03418		23S ribosomal RNA	m4C	m4C	4-methylcytosine	5	0.00167280
NC_003197.2	rRNA	3570473	3572011	-	1538	EBBPGFGJ_03420		16S ribosomal RNA	m4C	m4C	4-methylcytosine	7	0.00455137
NC_003197.2	CDS	3573272	3574094	-	822	EBBPGFGJ_03423	aroE	Shikimate dehydrogenase (NADP(+))	m4C	m4C	4-methylcytosine	1	0.00121655
NC_003197.2	CDS	3574095	3574668	-	573	EBBPGFGJ_03424	tsaC	Threonylcarbamoyl-AMP synthase	m4C	m4C	4-methylcytosine	1	0.00174520
NC_003197.2	CDS	3575241	3575715	-	474	EBBPGFGJ_03426	smg	Protein Smg	m4C	m4C	4-methylcytosine	1	0.00210970
NC_003197.2	CDS	3575686	3576811	-	1125	EBBPGFGJ_03427		hypothetical protein	m4C	m4C	4-methylcytosine	2	0.00177778
NC_003197.2	CDS	3578466	3579756	+	1290	EBBPGFGJ_03430	rsmB	Ribosomal RNA small subunit methyltransferase B	m4C	m4C	4-methylcytosine	6	0.00465116
NC_003197.2	CDS	3583307	3584297	-	990	EBBPGFGJ_03437	rpoA	DNA-directed RNA polymerase subunit alpha	m4C	m4C	4-methylcytosine	3	0.00303030
NC_003197.2	CDS	3585012	3585393	+	381	EBBPGFGJ_03439		hypothetical protein	m4C	m4C	4-methylcytosine	1	0.00262467
NC_003197.2	CDS	3585885	3586002	-	117	EBBPGFGJ_03441	rpmJ	50S ribosomal protein L36	m4C	m4C	4-methylcytosine	1	0.00854701
NC_003197.2	CDS	3586033	3587365	-	1332	EBBPGFGJ_03442	secY	Protein translocase subunit SecY	m4C	m4C	4-methylcytosine	3	0.00225225
NC_003197.2	CDS	3589420	3589813	-	393	EBBPGFGJ_03448	rpsH	30S ribosomal protein S8	m4C	m4C	4-methylcytosine	1	0.00254453
NC_003197.2	CDS	3591580	3591835	-	255	EBBPGFGJ_03453	rpsQ	30S ribosomal protein S17	m4C	m4C	4-methylcytosine	3	0.01176471
NC_003197.2	CDS	3591834	3592026	-	192	EBBPGFGJ_03454	rpmC	50S ribosomal protein L29	m4C	m4C	4-methylcytosine	1	0.00520833
NC_003197.2	CDS	3592025	3592436	-	411	EBBPGFGJ_03455	rplP	50S ribosomal protein L16	m4C	m4C	4-methylcytosine	1	0.00243309
NC_003197.2	CDS	3593809	3594631	-	822	EBBPGFGJ_03459	rplB	50S ribosomal protein L2	m4C	m4C	4-methylcytosine	3	0.00364964
NC_003197.2	CDS	3594648	3594951	-	303	EBBPGFGJ_03460	rplW	50S ribosomal protein L23	m4C	m4C	4-methylcytosine	1	0.00330033
NC_003197.2	CDS	3596225	3596537	-	312	EBBPGFGJ_03463	rpsJ	30S ribosomal protein S10	m4C	m4C	4-methylcytosine	1	0.00320513
NC_003197.2	CDS	3598308	3599493	-	1185	EBBPGFGJ_03467	tuf1_1	Elongation factor Tu 1	m4C	m4C	4-methylcytosine	6	0.00506329
NC_003197.2	CDS	3599564	3601679	-	2115	EBBPGFGJ_03468	fusA	Elongation factor G	m4C	m4C	4-methylcytosine	6	0.00283688
NC_003197.2	CDS	3602341	3602716	-	375	EBBPGFGJ_03470	rpsL	30S ribosomal protein S12	m4C	m4C	4-methylcytosine	2	0.00533333
NC_003197.2	CDS	3603878	3604601	-	723	EBBPGFGJ_03474	dauR	Transcriptional regulator DauR	m4C	m4C	4-methylcytosine	2	0.00276625
NC_003197.2	CDS	3604877	3605696	-	819	EBBPGFGJ_03475	fkpA	FKBP-type peptidyl-prolyl cis-trans isomerase FkpA	m4C	m4C	4-methylcytosine	1	0.00122100
NC_003197.2	CDS	3606321	3606912	-	591	EBBPGFGJ_03477	slyD	FKBP-type peptidyl-prolyl cis-trans isomerase SlyD	m4C	m4C	4-methylcytosine	1	0.00169205
NC_003197.2	CDS	3607006	3607207	-	201	EBBPGFGJ_03478		hypothetical protein	m4C	m4C	4-methylcytosine	1	0.00497512
NC_003197.2	CDS	3607217	3609023	-	1806	EBBPGFGJ_03479	kefC_2	Glutathione-regulated potassium-efflux system protein KefC	m4C	m4C	4-methylcytosine	1	0.00055371
NC_003197.2	CDS	3609022	3609574	-	552	EBBPGFGJ_03480	ywrO	General stress protein 14	m4C	m4C	4-methylcytosine	1	0.00181159
NC_003197.2	CDS	3609839	3611747	+	1908	EBBPGFGJ_03481	yheS	Uncharacterized ABC transporter ATP-binding protein YheS	m4C	m4C	4-methylcytosine	11	0.00576520
NC_003197.2	CDS	3611909	3612131	+	222	EBBPGFGJ_03482		hypothetical protein	m4C	m4C	4-methylcytosine	1	0.00450450
NC_003197.2	CDS	3612686	3613709	+	1023	EBBPGFGJ_03484		hypothetical protein	m4C	m4C	4-methylcytosine	2	0.00195503
NC_003197.2	CDS	3613975	3614845	+	870	EBBPGFGJ_03486	cfxP	Phosphoribulokinase%2C plasmid	m4C	m4C	4-methylcytosine	3	0.00344828
NC_003197.2	CDS	3616333	3618421	+	2088	EBBPGFGJ_03489		hypothetical protein	m4C	m4C	4-methylcytosine	7	0.00335249
NC_003197.2	CDS	3618463	3619681	-	1218	EBBPGFGJ_03490	argD	Acetylornithine/succinyldiaminopimelate aminotransferase	m4C	m4C	4-methylcytosine	1	0.00082102
NC_003197.2	CDS	3619766	3620330	-	564	EBBPGFGJ_03491	pabA	Aminodeoxychorismate synthase component 2	m4C	m4C	4-methylcytosine	2	0.00354610
NC_003197.2	CDS	3620361	3620964	-	603	EBBPGFGJ_03492	fic	Probable protein adenylyltransferase Fic	m4C	m4C	4-methylcytosine	1	0.00165837
NC_003197.2	CDS	3620953	3621226	-	273	EBBPGFGJ_03493		hypothetical protein	m4C	m4C	4-methylcytosine	1	0.00366300
NC_003197.2	CDS	3621229	3621802	-	573	EBBPGFGJ_03494	ppiA	Peptidyl-prolyl cis-trans isomerase A	m4C	m4C	4-methylcytosine	2	0.00349040
NC_003197.2	CDS	3623522	3626066	+	2544	EBBPGFGJ_03496	nasD	Nitrite reductase [NAD(P)H]	m4C	m4C	4-methylcytosine	10	0.00393082
NC_003197.2	CDS	3626062	3626389	+	327	EBBPGFGJ_03497	nirD	Nitrite reductase (NADH) small subunit	m4C	m4C	4-methylcytosine	2	0.00611621
NC_003197.2	CDS	3626654	3627464	+	810	EBBPGFGJ_03498	nirC	Nitrite transporter NirC	m4C	m4C	4-methylcytosine	3	0.00370370
NC_003197.2	CDS	3627475	3628849	+	1374	EBBPGFGJ_03499	cysG	Siroheme synthase	m4C	m4C	4-methylcytosine	1	0.00072780
NC_003197.2	CDS	3629183	3635036	+	5853	EBBPGFGJ_03500		hypothetical protein	m4C	m4C	4-methylcytosine	32	0.00546728
NC_003197.2	CDS	3635167	3635626	-	459	EBBPGFGJ_03501		IS200/IS605 family transposase IS200F	m4C	m4C	4-methylcytosine	1	0.00217865
NC_003197.2	CDS	3636254	3637259	-	1005	EBBPGFGJ_03503	trpS	Tryptophan--tRNA ligase	m4C	m4C	4-methylcytosine	1	0.00099502
NC_003197.2	CDS	3638002	3638680	-	678	EBBPGFGJ_03505	rpe_2	Ribulose-phosphate 3-epimerase	m4C	m4C	4-methylcytosine	1	0.00147493
NC_003197.2	CDS	3639714	3640992	-	1278	EBBPGFGJ_03507	damX	Cell division protein DamX	m4C	m4C	4-methylcytosine	11	0.00860720
NC_003197.2	CDS	3641089	3642178	-	1089	EBBPGFGJ_03508	aroB	3-dehydroquinate synthase	m4C	m4C	4-methylcytosine	1	0.00091827
NC_003197.2	CDS	3643220	3644423	-	1203	EBBPGFGJ_03510	pilQ	Type IV pilus biogenesis and competence protein PilQ	m4C	m4C	4-methylcytosine	3	0.00249377
NC_003197.2	CDS	3644373	3644775	-	402	EBBPGFGJ_03511		hypothetical protein	m4C	m4C	4-methylcytosine	3	0.00746269
NC_003197.2	CDS	3644764	3645238	-	474	EBBPGFGJ_03512		hypothetical protein	m4C	m4C	4-methylcytosine	4	0.00843882
NC_003197.2	CDS	3645221	3645761	-	540	EBBPGFGJ_03513		hypothetical protein	m4C	m4C	4-methylcytosine	13	0.02407407
NC_003197.2	CDS	3645760	3646540	-	780	EBBPGFGJ_03514		hypothetical protein	m4C	m4C	4-methylcytosine	9	0.01153846
NC_003197.2	CDS	3646660	3649213	+	2553	EBBPGFGJ_03515	mrcA	Penicillin-binding protein 1A	m4C	m4C	4-methylcytosine	13	0.00509205
NC_003197.2	CDS	3650194	3652327	+	2133	EBBPGFGJ_03517	igaA	Intracellular growth attenuator protein igaA	m4C	m4C	4-methylcytosine	6	0.00281294
NC_003197.2	CDS	3652391	3653060	+	669	EBBPGFGJ_03518	yrfG	GMP/IMP nucleotidase YrfG	m4C	m4C	4-methylcytosine	2	0.00298954
NC_003197.2	CDS	3653070	3653472	+	402	EBBPGFGJ_03519	hslR	Heat shock protein 15	m4C	m4C	4-methylcytosine	3	0.00746269
NC_003197.2	CDS	3653496	3654375	+	879	EBBPGFGJ_03520	hslO	33 kDa chaperonin	m4C	m4C	4-methylcytosine	1	0.00113766
NC_003197.2	CDS	3656573	3658193	+	1620	EBBPGFGJ_03522	pckA	Phosphoenolpyruvate carboxykinase (ATP)	m4C	m4C	4-methylcytosine	5	0.00308642
NC_003197.2	CDS	3658267	3659620	-	1353	EBBPGFGJ_03523	envZ	Osmolarity sensor protein EnvZ	m4C	m4C	4-methylcytosine	3	0.00221729
NC_003197.2	CDS	3659616	3660336	-	720	EBBPGFGJ_03524	ompR	Transcriptional regulatory protein OmpR	m4C	m4C	4-methylcytosine	1	0.00138889
NC_003197.2	CDS	3661133	3663464	+	2331	EBBPGFGJ_03526	yhgF	Protein YhgF	m4C	m4C	4-methylcytosine	7	0.00300300
NC_003197.2	CDS	3663900	3664128	+	228	EBBPGFGJ_03527	feoA	Fe(2+) transport protein A	m4C	m4C	4-methylcytosine	1	0.00438596
NC_003197.2	CDS	3664146	3666465	+	2319	EBBPGFGJ_03528	feoB	Fe(2+) transporter FeoB	m4C	m4C	4-methylcytosine	10	0.00431220
NC_003197.2	CDS	3666948	3667863	+	915	EBBPGFGJ_03530		ISNCY family transposase ISSen7	m4C	m4C	4-methylcytosine	1	0.00109290
NC_003197.2	CDS	3667898	3668669	-	771	EBBPGFGJ_03531	bioH	Pimeloyl-[acyl-carrier protein] methyl ester esterase	m4C	m4C	4-methylcytosine	7	0.00907912
NC_003197.2	CDS	3668706	3669390	+	684	EBBPGFGJ_03532	prs_2	Putative ribose-phosphate pyrophosphokinase	m4C	m4C	4-methylcytosine	2	0.00292398
NC_003197.2	CDS	3670400	3671717	+	1317	EBBPGFGJ_03534	gntT_2	High-affinity gluconate transporter	m4C	m4C	4-methylcytosine	4	0.00303721
NC_003197.2	CDS	3671835	3673914	-	2079	EBBPGFGJ_03535	malQ	4-alpha-glucanotransferase	m4C	m4C	4-methylcytosine	9	0.00432900
NC_003197.2	CDS	3673923	3676317	-	2394	EBBPGFGJ_03536	malP_1	Maltodextrin phosphorylase	m4C	m4C	4-methylcytosine	4	0.00167084
NC_003197.2	CDS	3676910	3679616	+	2706	EBBPGFGJ_03537	malT_2	HTH-type transcriptional regulator MalT	m4C	m4C	4-methylcytosine	10	0.00369549
NC_003197.2	CDS	3680350	3681370	-	1020	EBBPGFGJ_03540	rtcA	RNA 3'-terminal phosphate cyclase	m4C	m4C	4-methylcytosine	23	0.02254902
NC_003197.2	CDS	3681373	3682591	-	1218	EBBPGFGJ_03541	rtcB_2	RNA-splicing ligase RtcB	m4C	m4C	4-methylcytosine	1	0.00082102
NC_003197.2	CDS	3683135	3684689	-	1554	EBBPGFGJ_03543	rsr	60 kDa SS-A/Ro ribonucleoprotein homolog	m4C	m4C	4-methylcytosine	6	0.00386100
NC_003197.2	CDS	3684878	3686462	+	1584	EBBPGFGJ_03544	norR_4	Anaerobic nitric oxide reductase transcription regulator NorR	m4C	m4C	4-methylcytosine	9	0.00568182
NC_003197.2	CDS	3687310	3688141	-	831	EBBPGFGJ_03546	glpG	Rhomboid protease GlpG	m4C	m4C	4-methylcytosine	2	0.00240674
NC_003197.2	CDS	3688741	3690250	+	1509	EBBPGFGJ_03548	glpD	Aerobic glycerol-3-phosphate dehydrogenase	m4C	m4C	4-methylcytosine	7	0.00463883
NC_003197.2	CDS	3690296	3690842	-	546	EBBPGFGJ_03549		hypothetical protein	m4C	m4C	4-methylcytosine	1	0.00183150
NC_003197.2	CDS	3690851	3692348	-	1497	EBBPGFGJ_03550		hypothetical protein	m4C	m4C	4-methylcytosine	1	0.00066800
NC_003197.2	CDS	3695282	3696998	+	1716	EBBPGFGJ_03553	ilvD_1	Dihydroxy-acid dehydratase	m4C	m4C	4-methylcytosine	5	0.00291375
NC_003197.2	CDS	3697041	3697947	+	906	EBBPGFGJ_03554	yjhH	Probable 2-dehydro-3-deoxy-D-pentonate aldolase YjhH	m4C	m4C	4-methylcytosine	1	0.00110375
NC_003197.2	CDS	3698923	3701371	-	2448	EBBPGFGJ_03556	malP_2	Maltodextrin phosphorylase	m4C	m4C	4-methylcytosine	2	0.00081699
NC_003197.2	CDS	3701390	3702824	-	1434	EBBPGFGJ_03557	glgA	Glycogen synthase	m4C	m4C	4-methylcytosine	3	0.00209205
NC_003197.2	CDS	3702823	3704119	-	1296	EBBPGFGJ_03558	glgC	Glucose-1-phosphate adenylyltransferase	m4C	m4C	4-methylcytosine	2	0.00154321
NC_003197.2	CDS	3704133	3706110	-	1977	EBBPGFGJ_03559	glgX_2	Glycogen debranching enzyme	m4C	m4C	4-methylcytosine	5	0.00252908
NC_003197.2	CDS	3706106	3708293	-	2187	EBBPGFGJ_03560	glgB	1%2C4-alpha-glucan branching enzyme GlgB	m4C	m4C	4-methylcytosine	3	0.00137174
NC_003197.2	CDS	3708639	3709746	-	1107	EBBPGFGJ_03561	asd	Aspartate-semialdehyde dehydrogenase	m4C	m4C	4-methylcytosine	5	0.00451671
NC_003197.2	CDS	3710169	3711510	-	1341	EBBPGFGJ_03562	gntU	Low-affinity gluconate transporter	m4C	m4C	4-methylcytosine	1	0.00074571
NC_003197.2	CDS	3711506	3712040	-	534	EBBPGFGJ_03563	gntK_1	Thermoresistant gluconokinase	m4C	m4C	4-methylcytosine	2	0.00374532
NC_003197.2	CDS	3712178	3713174	-	996	EBBPGFGJ_03564	gntR_2	HTH-type transcriptional regulator GntR	m4C	m4C	4-methylcytosine	5	0.00502008
NC_003197.2	CDS	3714122	3715160	-	1038	EBBPGFGJ_03566	yhhX	Uncharacterized oxidoreductase YhhX	m4C	m4C	4-methylcytosine	1	0.00096339
NC_003197.2	CDS	3715628	3716117	+	489	EBBPGFGJ_03568	aaaT	L-amino acid N-acetyltransferase AaaT	m4C	m4C	4-methylcytosine	2	0.00408998
NC_003197.2	CDS	3716381	3717596	+	1215	EBBPGFGJ_03569	RBKS_2	Ribokinase	m4C	m4C	4-methylcytosine	1	0.00082305
NC_003197.2	CDS	3718426	3719398	+	972	EBBPGFGJ_03571		hypothetical protein	m4C	m4C	4-methylcytosine	4	0.00411523
NC_003197.2	CDS	3720473	3722216	-	1743	EBBPGFGJ_03573	ggt	Glutathione hydrolase proenzyme	m4C	m4C	4-methylcytosine	3	0.00172117
NC_003197.2	CDS	3723507	3724578	-	1071	EBBPGFGJ_03576	ugpC	sn-glycerol-3-phosphate import ATP-binding protein UgpC	m4C	m4C	4-methylcytosine	4	0.00373483
NC_003197.2	CDS	3725421	3726309	-	888	EBBPGFGJ_03578	ugpA	sn-glycerol-3-phosphate transport system permease protein UgpA	m4C	m4C	4-methylcytosine	1	0.00112613
NC_003197.2	CDS	3728665	3729379	-	714	EBBPGFGJ_03582	livF	High-affinity branched-chain amino acid transport ATP-binding protein LivF	m4C	m4C	4-methylcytosine	3	0.00420168
NC_003197.2	CDS	3729380	3730148	-	768	EBBPGFGJ_03583	lptB_2	Lipopolysaccharide export system ATP-binding protein LptB	m4C	m4C	4-methylcytosine	3	0.00390625
NC_003197.2	CDS	3730144	3731422	-	1278	EBBPGFGJ_03584		hypothetical protein	m4C	m4C	4-methylcytosine	1	0.00078247
NC_003197.2	CDS	3731418	3732345	-	927	EBBPGFGJ_03585	livH	High-affinity branched-chain amino acid transport system permease protein LivH	m4C	m4C	4-methylcytosine	2	0.00215750
NC_003197.2	CDS	3732404	3733514	-	1110	EBBPGFGJ_03586	livK	Leucine-specific-binding protein	m4C	m4C	4-methylcytosine	1	0.00090090
NC_003197.2	CDS	3733935	3734319	+	384	EBBPGFGJ_03587	panM	PanD regulatory factor	m4C	m4C	4-methylcytosine	2	0.00520833
NC_003197.2	CDS	3734513	3735611	-	1098	EBBPGFGJ_03588	livJ	Leu/Ile/Val/Thr-binding protein	m4C	m4C	4-methylcytosine	2	0.00182149
NC_003197.2	CDS	3735938	3736793	-	855	EBBPGFGJ_03589	rpoH	RNA polymerase sigma factor RpoH	m4C	m4C	4-methylcytosine	6	0.00701754
NC_003197.2	CDS	3737038	3738094	-	1056	EBBPGFGJ_03590	ftsX	Cell division protein FtsX	m4C	m4C	4-methylcytosine	8	0.00757576
NC_003197.2	CDS	3738086	3738755	-	669	EBBPGFGJ_03591	ftsE	Cell division ATP-binding protein FtsE	m4C	m4C	4-methylcytosine	3	0.00448430
NC_003197.2	CDS	3738757	3740233	-	1476	EBBPGFGJ_03592	ftsY	Signal recognition particle receptor FtsY	m4C	m4C	4-methylcytosine	5	0.00338753
NC_003197.2	CDS	3740358	3740955	+	597	EBBPGFGJ_03593	rsmD	Ribosomal RNA small subunit methyltransferase D	m4C	m4C	4-methylcytosine	4	0.00670017
NC_003197.2	CDS	3741748	3742375	+	627	EBBPGFGJ_03596		hypothetical protein	m4C	m4C	4-methylcytosine	2	0.00318979
NC_003197.2	CDS	3742455	3744654	+	2199	EBBPGFGJ_03597	zntA	Zinc/cadmium/lead-transporting P-type ATPase	m4C	m4C	4-methylcytosine	44	0.02000910
NC_003197.2	CDS	3744853	3746497	+	1644	EBBPGFGJ_03598	tsr_1	Methyl-accepting chemotaxis protein I	m4C	m4C	4-methylcytosine	3	0.00182482
NC_003197.2	CDS	3746935	3747601	+	666	EBBPGFGJ_03600	yhhQ	Queuosine precursor transporter	m4C	m4C	4-methylcytosine	1	0.00150150
NC_003197.2	CDS	3747673	3748231	+	558	EBBPGFGJ_03601		hypothetical protein	m4C	m4C	4-methylcytosine	3	0.00537634
NC_003197.2	CDS	3750684	3751263	+	579	EBBPGFGJ_03604		hypothetical protein	m4C	m4C	4-methylcytosine	1	0.00172712
NC_003197.2	CDS	3751318	3751756	+	438	EBBPGFGJ_03605	nikR	Nickel-responsive regulator	m4C	m4C	4-methylcytosine	1	0.00228311
NC_003197.2	CDS	3751845	3752970	-	1125	EBBPGFGJ_03606	yhhJ	Inner membrane transport permease YhhJ	m4C	m4C	4-methylcytosine	1	0.00088889
NC_003197.2	CDS	3752969	3755711	-	2742	EBBPGFGJ_03607	rbbA	Ribosome-associated ATPase	m4C	m4C	4-methylcytosine	10	0.00364697
NC_003197.2	CDS	3755707	3756775	-	1068	EBBPGFGJ_03608		hypothetical protein	m4C	m4C	4-methylcytosine	9	0.00842697
NC_003197.2	CDS	3757080	3758277	-	1197	EBBPGFGJ_03609		Uncharacterized protein HI_0933	m4C	m4C	4-methylcytosine	2	0.00167084
NC_003197.2	CDS	3758507	3760004	+	1497	EBBPGFGJ_03610	pitA	Low-affinity inorganic phosphate transporter 1	m4C	m4C	4-methylcytosine	2	0.00133601
NC_003197.2	CDS	3760866	3761301	+	435	EBBPGFGJ_03612	uspA	Universal stress protein A	m4C	m4C	4-methylcytosine	1	0.00229885
NC_003197.2	CDS	3761625	3763095	+	1470	EBBPGFGJ_03613	dtpB	Dipeptide and tripeptide permease B	m4C	m4C	4-methylcytosine	2	0.00136054
NC_003197.2	CDS	3763186	3763945	-	759	EBBPGFGJ_03614	rsmJ	Ribosomal RNA small subunit methyltransferase J	m4C	m4C	4-methylcytosine	4	0.00527009
NC_003197.2	CDS	3763951	3765994	-	2043	EBBPGFGJ_03615	prlC	Oligopeptidase A	m4C	m4C	4-methylcytosine	14	0.00685267
NC_003197.2	CDS	3766175	3767447	-	1272	EBBPGFGJ_03616		hypothetical protein	m4C	m4C	4-methylcytosine	1	0.00078616
NC_003197.2	CDS	3767657	3768500	+	843	EBBPGFGJ_03617	rlmJ	Ribosomal RNA large subunit methyltransferase J	m4C	m4C	4-methylcytosine	11	0.01304864
NC_003197.2	CDS	3768604	3769957	+	1353	EBBPGFGJ_03618	gor	Glutathione reductase	m4C	m4C	4-methylcytosine	4	0.00295639
NC_003197.2	CDS	3770003	3771047	-	1044	EBBPGFGJ_03619	ansB_2	L-asparaginase	m4C	m4C	4-methylcytosine	2	0.00191571
NC_003197.2	CDS	3771105	3772425	-	1320	EBBPGFGJ_03620	dcuA_1	Anaerobic C4-dicarboxylate transporter DcuA	m4C	m4C	4-methylcytosine	2	0.00151515
NC_003197.2	CDS	3772478	3773324	-	846	EBBPGFGJ_03621	frlD	Fructosamine kinase FrlD	m4C	m4C	4-methylcytosine	2	0.00236407
NC_003197.2	CDS	3773387	3774365	-	978	EBBPGFGJ_03622	frlB_2	Fructosamine deglycase FrlB	m4C	m4C	4-methylcytosine	1	0.00102249
NC_003197.2	CDS	3774540	3775260	-	720	EBBPGFGJ_03623	nagR_2	HTH-type transcriptional repressor NagR	m4C	m4C	4-methylcytosine	2	0.00277778
NC_003197.2	CDS	3775585	3777235	+	1650	EBBPGFGJ_03624	treF	Cytoplasmic trehalase	m4C	m4C	4-methylcytosine	3	0.00181818
NC_003197.2	CDS	3777247	3778837	-	1590	EBBPGFGJ_03625		hypothetical protein	m4C	m4C	4-methylcytosine	26	0.01635220
NC_003197.2	CDS	3780712	3781612	+	900	EBBPGFGJ_03628	dmlR_7	HTH-type transcriptional regulator DmlR	m4C	m4C	4-methylcytosine	2	0.00222222
NC_003197.2	CDS	3781684	3782713	+	1029	EBBPGFGJ_03629	yhjD	Inner membrane protein YhjD	m4C	m4C	4-methylcytosine	3	0.00291545
NC_003197.2	CDS	3783063	3784386	+	1323	EBBPGFGJ_03630	yhjE	Inner membrane metabolite transport protein YhjE	m4C	m4C	4-methylcytosine	2	0.00151172
NC_003197.2	CDS	3784425	3786486	-	2061	EBBPGFGJ_03631		hypothetical protein	m4C	m4C	4-methylcytosine	6	0.00291121
NC_003197.2	CDS	3786595	3787363	-	768	EBBPGFGJ_03632	pdeH	Cyclic di-GMP phosphodiesterase PdeH	m4C	m4C	4-methylcytosine	1	0.00130208
NC_003197.2	CDS	3787591	3788521	+	930	EBBPGFGJ_03633	kdgK	2-dehydro-3-deoxygluconokinase	m4C	m4C	4-methylcytosine	5	0.00537634
NC_003197.2	CDS	3788574	3790062	-	1488	EBBPGFGJ_03634	yhjJ	Protein YhjJ	m4C	m4C	4-methylcytosine	2	0.00134409
NC_003197.2	CDS	3790281	3791568	-	1287	EBBPGFGJ_03635	dctA	Aerobic C4-dicarboxylate transport protein	m4C	m4C	4-methylcytosine	1	0.00077700
NC_003197.2	CDS	3791725	3793732	-	2007	EBBPGFGJ_03636	pdeK	Probable cyclic di-GMP phosphodiesterase PdeK	m4C	m4C	4-methylcytosine	5	0.00249128
NC_003197.2	CDS	3793905	3797448	-	3543	EBBPGFGJ_03637	bcsC	Cellulose synthase operon protein C	m4C	m4C	4-methylcytosine	16	0.00451595
NC_003197.2	CDS	3797429	3798539	-	1110	EBBPGFGJ_03638	bcsZ	Endoglucanase	m4C	m4C	4-methylcytosine	4	0.00360360
NC_003197.2	CDS	3798542	3800693	-	2151	EBBPGFGJ_03639	bcsB	Cyclic di-GMP-binding protein	m4C	m4C	4-methylcytosine	8	0.00371920
NC_003197.2	CDS	3800853	3803478	-	2625	EBBPGFGJ_03640	bcsA	Cellulose synthase catalytic subunit [UDP-forming]	m4C	m4C	4-methylcytosine	4	0.00152381
NC_003197.2	CDS	3803474	3804227	-	753	EBBPGFGJ_03641	bcsQ	Cellulose biosynthesis protein BcsQ	m4C	m4C	4-methylcytosine	6	0.00796813
NC_003197.2	CDS	3804687	3806247	+	1560	EBBPGFGJ_03643	bcsE	Cyclic di-GMP binding protein BcsE	m4C	m4C	4-methylcytosine	2	0.00128205
NC_003197.2	CDS	3806431	3808111	+	1680	EBBPGFGJ_03645	bcsG	Cellulose biosynthesis protein BcsG	m4C	m4C	4-methylcytosine	3	0.00178571
NC_003197.2	CDS	3808192	3808300	-	108	EBBPGFGJ_03646	ldrD	Small toxic polypeptide LdrD	m4C	m4C	4-methylcytosine	3	0.02777778
NC_003197.2	CDS	3808942	3810241	+	1299	EBBPGFGJ_03647	yhjV	Inner membrane transport protein YhjV	m4C	m4C	4-methylcytosine	1	0.00076982
NC_003197.2	CDS	3810341	3811355	-	1014	EBBPGFGJ_03648	oppF_2	Oligopeptide transport ATP-binding protein OppF	m4C	m4C	4-methylcytosine	2	0.00197239
NC_003197.2	CDS	3811351	3812335	-	984	EBBPGFGJ_03649	dppD	Dipeptide transport ATP-binding protein DppD	m4C	m4C	4-methylcytosine	7	0.00711382
NC_003197.2	CDS	3812345	3813248	-	903	EBBPGFGJ_03650	dppC_2	Dipeptide transport system permease protein DppC	m4C	m4C	4-methylcytosine	1	0.00110742
NC_003197.2	CDS	3813257	3814277	-	1020	EBBPGFGJ_03651	dppB_2	Dipeptide transport system permease protein DppB	m4C	m4C	4-methylcytosine	3	0.00294118
NC_003197.2	CDS	3814433	3816041	-	1608	EBBPGFGJ_03652	dppA	Periplasmic dipeptide transport protein	m4C	m4C	4-methylcytosine	3	0.00186567
NC_003197.2	CDS	3816596	3817922	-	1326	EBBPGFGJ_03653	pucK	Uric acid permease PucK	m4C	m4C	4-methylcytosine	4	0.00301659
NC_003197.2	CDS	3817979	3819104	-	1125	EBBPGFGJ_03654		hypothetical protein	m4C	m4C	4-methylcytosine	2	0.00177778
NC_003197.2	CDS	3819253	3820261	+	1008	EBBPGFGJ_03655	malR	HTH-type transcriptional regulator MalR	m4C	m4C	4-methylcytosine	53	0.05257937
NC_003197.2	CDS	3820587	3822279	-	1692	EBBPGFGJ_03657	eptB	Kdo(2)-lipid A phosphoethanolamine 7''-transferase	m4C	m4C	4-methylcytosine	3	0.00177305
NC_003197.2	CDS	3823029	3824109	-	1080	EBBPGFGJ_03659	lpfD_2	Probable minor fimbrial subunit LpfD	m4C	m4C	4-methylcytosine	5	0.00462963
NC_003197.2	CDS	3824126	3826655	-	2529	EBBPGFGJ_03660	elfC_2	Probable outer membrane usher protein ElfC	m4C	m4C	4-methylcytosine	5	0.00197707
NC_003197.2	CDS	3826677	3827376	-	699	EBBPGFGJ_03661	lpfB_1	Probable fimbrial chaperone LpfB	m4C	m4C	4-methylcytosine	1	0.00143062
NC_003197.2	CDS	3828502	3829207	-	705	EBBPGFGJ_03663		hypothetical protein	m4C	m4C	4-methylcytosine	1	0.00141844
NC_003197.2	CDS	3829363	3829945	+	582	EBBPGFGJ_03664	tag	DNA-3-methyladenine glycosylase 1	m4C	m4C	4-methylcytosine	1	0.00171821
NC_003197.2	CDS	3829922	3830363	+	441	EBBPGFGJ_03665	yiaC	Peptidyl-lysine N-acetyltransferase YiaC	m4C	m4C	4-methylcytosine	2	0.00453515
NC_003197.2	CDS	3830331	3832665	-	2334	EBBPGFGJ_03666	bisC	Biotin sulfoxide reductase	m4C	m4C	4-methylcytosine	25	0.01071123
NC_003197.2	CDS	3832817	3833480	+	663	EBBPGFGJ_03667	yiaD	Probable lipoprotein YiaD	m4C	m4C	4-methylcytosine	3	0.00452489
NC_003197.2	CDS	3833698	3834673	+	975	EBBPGFGJ_03668	ghrB	Glyoxylate/hydroxypyruvate reductase B	m4C	m4C	4-methylcytosine	3	0.00307692
NC_003197.2	CDS	3836836	3837376	+	540	EBBPGFGJ_03672		hypothetical protein	m4C	m4C	4-methylcytosine	1	0.00185185
NC_003197.2	CDS	3839781	3841851	-	2070	EBBPGFGJ_03676	glyS	Glycine--tRNA ligase beta subunit	m4C	m4C	4-methylcytosine	15	0.00724638
NC_003197.2	CDS	3841860	3842772	-	912	EBBPGFGJ_03677	glyQ	Glycine--tRNA ligase alpha subunit	m4C	m4C	4-methylcytosine	2	0.00219298
NC_003197.2	CDS	3843378	3844374	+	996	EBBPGFGJ_03679	wecH	O-acetyltransferase WecH	m4C	m4C	4-methylcytosine	2	0.00200803
NC_003197.2	CDS	3844396	3844750	-	354	EBBPGFGJ_03680		hypothetical protein	m4C	m4C	4-methylcytosine	1	0.00282486
NC_003197.2	CDS	3844924	3846379	-	1455	EBBPGFGJ_03681	xylB	Xylulose kinase	m4C	m4C	4-methylcytosine	12	0.00824742
NC_003197.2	CDS	3846478	3847801	-	1323	EBBPGFGJ_03682	xylA	Xylose isomerase	m4C	m4C	4-methylcytosine	2	0.00151172
NC_003197.2	CDS	3848163	3849342	+	1179	EBBPGFGJ_03683	xylR	Xylose operon regulatory protein	m4C	m4C	4-methylcytosine	41	0.03477523
NC_003197.2	CDS	3849402	3850227	-	825	EBBPGFGJ_03684		hypothetical protein	m4C	m4C	4-methylcytosine	1	0.00121212
NC_003197.2	CDS	3850542	3852570	+	2028	EBBPGFGJ_03685	malS	Periplasmic alpha-amylase	m4C	m4C	4-methylcytosine	10	0.00493097
NC_003197.2	CDS	3852743	3853994	+	1251	EBBPGFGJ_03686	avtA	Valine--pyruvate aminotransferase	m4C	m4C	4-methylcytosine	1	0.00079936
NC_003197.2	CDS	3854030	3854504	-	474	EBBPGFGJ_03687	hyfA_3	Hydrogenase-4 component A	m4C	m4C	4-methylcytosine	6	0.01265823
NC_003197.2	CDS	3854620	3855421	-	801	EBBPGFGJ_03688	yiaJ	DNA-binding transcriptional repressor YiaJ	m4C	m4C	4-methylcytosine	1	0.00124844
NC_003197.2	CDS	3855650	3856649	+	999	EBBPGFGJ_03689	dlgD	2%2C3-diketo-L-gulonate reductase	m4C	m4C	4-methylcytosine	2	0.00200200
NC_003197.2	CDS	3856660	3857125	+	465	EBBPGFGJ_03690	yhcH_2	Uncharacterized protein YhcH	m4C	m4C	4-methylcytosine	2	0.00430108
NC_003197.2	CDS	3858219	3858693	+	474	EBBPGFGJ_03692	yiaM	2%2C3-diketo-L-gulonate TRAP transporter small permease protein YiaM	m4C	m4C	4-methylcytosine	1	0.00210970
NC_003197.2	CDS	3858695	3859973	+	1278	EBBPGFGJ_03693	siaM	Sialic acid TRAP transporter large permease protein SiaM	m4C	m4C	4-methylcytosine	4	0.00312989
NC_003197.2	CDS	3859984	3860971	+	987	EBBPGFGJ_03694	yiaO	2%2C3-diketo-L-gulonate-binding periplasmic protein YiaO	m4C	m4C	4-methylcytosine	2	0.00202634
NC_003197.2	CDS	3860974	3862471	+	1497	EBBPGFGJ_03695	lyx	L-xylulose/3-keto-L-gulonate kinase	m4C	m4C	4-methylcytosine	43	0.02872411
NC_003197.2	CDS	3862467	3863130	+	663	EBBPGFGJ_03696	sgbH	3-keto-L-gulonate-6-phosphate decarboxylase SgbH	m4C	m4C	4-methylcytosine	5	0.00754148
NC_003197.2	CDS	3863976	3864672	+	696	EBBPGFGJ_03698	sgbE	L-ribulose-5-phosphate 4-epimerase SgbE	m4C	m4C	4-methylcytosine	6	0.00862069
NC_003197.2	CDS	3864832	3865648	-	816	EBBPGFGJ_03699	rhaR_5	HTH-type transcriptional activator RhaR	m4C	m4C	4-methylcytosine	5	0.00612745
NC_003197.2	CDS	3865911	3867867	+	1956	EBBPGFGJ_03700	hypBA1	Non-reducing end beta-L-arabinofuranosidase	m4C	m4C	4-methylcytosine	9	0.00460123
NC_003197.2	CDS	3867984	3869523	-	1539	EBBPGFGJ_03701	aldB	Aldehyde dehydrogenase B	m4C	m4C	4-methylcytosine	1	0.00064977
NC_003197.2	CDS	3869691	3870573	+	882	EBBPGFGJ_03702	bglK	Beta-glucoside kinase	m4C	m4C	4-methylcytosine	2	0.00226757
NC_003197.2	CDS	3870857	3872708	-	1851	EBBPGFGJ_03703	selB	Selenocysteine-specific elongation factor	m4C	m4C	4-methylcytosine	6	0.00324149
NC_003197.2	CDS	3872704	3874096	-	1392	EBBPGFGJ_03704	selA	L-seryl-tRNA(Sec) selenium transferase	m4C	m4C	4-methylcytosine	8	0.00574713
NC_003197.2	CDS	3875278	3877195	+	1917	EBBPGFGJ_03706	mtlA	PTS system mannitol-specific EIICBA component	m4C	m4C	4-methylcytosine	3	0.00156495
NC_003197.2	CDS	3877415	3878564	+	1149	EBBPGFGJ_03707	mtlD	Mannitol-1-phosphate 5-dehydrogenase	m4C	m4C	4-methylcytosine	1	0.00087032
NC_003197.2	CDS	3878560	3879151	+	591	EBBPGFGJ_03708	mtlR	Mannitol operon repressor	m4C	m4C	4-methylcytosine	2	0.00338409
NC_003197.2	CDS	3879660	3880023	+	363	EBBPGFGJ_03710	yibL	Uncharacterized protein YibL	m4C	m4C	4-methylcytosine	3	0.00826446
NC_003197.2	CDS	3881239	3885625	+	4386	EBBPGFGJ_03712	sadA	Autotransporter adhesin SadA	m4C	m4C	4-methylcytosine	7	0.00159599
NC_003197.2	CDS	3885923	3887579	+	1656	EBBPGFGJ_03713	lldP	L-lactate permease	m4C	m4C	4-methylcytosine	4	0.00241546
NC_003197.2	CDS	3887575	3888352	+	777	EBBPGFGJ_03714	lldR_1	Putative L-lactate dehydrogenase operon regulatory protein	m4C	m4C	4-methylcytosine	4	0.00514801
NC_003197.2	CDS	3888348	3889539	+	1191	EBBPGFGJ_03715	lldD	L-lactate dehydrogenase	m4C	m4C	4-methylcytosine	10	0.00839631
NC_003197.2	CDS	3890143	3891148	-	1005	EBBPGFGJ_03717	gntR_3	HTH-type transcriptional regulator GntR	m4C	m4C	4-methylcytosine	2	0.00199005
NC_003197.2	CDS	3891466	3892663	+	1197	EBBPGFGJ_03718		L-talarate/galactarate dehydratase	m4C	m4C	4-methylcytosine	2	0.00167084
NC_003197.2	CDS	3894129	3894951	-	822	EBBPGFGJ_03720	cysE_2	Serine acetyltransferase	m4C	m4C	4-methylcytosine	5	0.00608273
NC_003197.2	CDS	3895028	3896048	-	1020	EBBPGFGJ_03721	gpsA	Glycerol-3-phosphate dehydrogenase [NAD(P)+]	m4C	m4C	4-methylcytosine	6	0.00588235
NC_003197.2	CDS	3897575	3899120	+	1545	EBBPGFGJ_03725	gpmI	2%2C3-bisphosphoglycerate-independent phosphoglycerate mutase	m4C	m4C	4-methylcytosine	5	0.00323625
NC_003197.2	CDS	3899129	3900413	+	1284	EBBPGFGJ_03726	envC	Murein hydrolase activator EnvC	m4C	m4C	4-methylcytosine	17	0.01323988
NC_003197.2	CDS	3900416	3901379	+	963	EBBPGFGJ_03727		hypothetical protein	m4C	m4C	4-methylcytosine	10	0.01038422
NC_003197.2	CDS	3901365	3902400	-	1035	EBBPGFGJ_03728	epsJ	Uncharacterized glycosyltransferase EpsJ	m4C	m4C	4-methylcytosine	4	0.00386473
NC_003197.2	CDS	3903928	3905125	-	1197	EBBPGFGJ_03730	kbl	2-amino-3-ketobutyrate coenzyme A ligase	m4C	m4C	4-methylcytosine	10	0.00835422
NC_003197.2	CDS	3905327	3906260	+	933	EBBPGFGJ_03731	hldD	ADP-L-glycero-D-manno-heptose-6-epimerase	m4C	m4C	4-methylcytosine	3	0.00321543
NC_003197.2	CDS	3906262	3907309	+	1047	EBBPGFGJ_03732	rfaF	ADP-heptose--LPS heptosyltransferase 2	m4C	m4C	4-methylcytosine	19	0.01814709
NC_003197.2	CDS	3907308	3908262	+	954	EBBPGFGJ_03733	rfaC	Lipopolysaccharide heptosyltransferase 1	m4C	m4C	4-methylcytosine	1	0.00104822
NC_003197.2	CDS	3908301	3909516	+	1215	EBBPGFGJ_03734		hypothetical protein	m4C	m4C	4-methylcytosine	1	0.00082305
NC_003197.2	CDS	3909572	3910718	-	1146	EBBPGFGJ_03735	mshA_3	D-inositol-3-phosphate glycosyltransferase	m4C	m4C	4-methylcytosine	1	0.00087260
NC_003197.2	CDS	3910818	3911628	-	810	EBBPGFGJ_03736		hypothetical protein	m4C	m4C	4-methylcytosine	1	0.00123457
NC_003197.2	CDS	3912498	3913509	-	1011	EBBPGFGJ_03738		hypothetical protein	m4C	m4C	4-methylcytosine	2	0.00197824
NC_003197.2	CDS	3913526	3914549	-	1023	EBBPGFGJ_03739		hypothetical protein	m4C	m4C	4-methylcytosine	2	0.00195503
NC_003197.2	CDS	3916749	3917874	-	1125	EBBPGFGJ_03743	rfaG	Lipopolysaccharide core biosynthesis protein RfaG	m4C	m4C	4-methylcytosine	1	0.00088889
NC_003197.2	CDS	3919349	3920627	+	1278	EBBPGFGJ_03745	waaA	3-deoxy-D-manno-octulosonic acid transferase	m4C	m4C	4-methylcytosine	4	0.00312989
NC_003197.2	CDS	3920635	3921115	+	480	EBBPGFGJ_03746	coaD	Phosphopantetheine adenylyltransferase	m4C	m4C	4-methylcytosine	1	0.00208333
NC_003197.2	CDS	3921142	3921952	-	810	EBBPGFGJ_03747	mutM	Formamidopyrimidine-DNA glycosylase	m4C	m4C	4-methylcytosine	3	0.00370370
NC_003197.2	CDS	3922691	3923357	-	666	EBBPGFGJ_03750		UPF0758 protein SP_1088	m4C	m4C	4-methylcytosine	5	0.00750751
NC_003197.2	CDS	3923529	3924753	+	1224	EBBPGFGJ_03751	coaBC	Coenzyme A biosynthesis bifunctional protein CoaBC	m4C	m4C	4-methylcytosine	11	0.00898693
NC_003197.2	CDS	3925296	3925893	+	597	EBBPGFGJ_03753	slmA	Nucleoid occlusion factor SlmA	m4C	m4C	4-methylcytosine	3	0.00502513
NC_003197.2	CDS	3926690	3927407	-	717	EBBPGFGJ_03755	rph	Ribonuclease PH	m4C	m4C	4-methylcytosine	2	0.00278940
NC_003197.2	CDS	3928445	3929348	-	903	EBBPGFGJ_03757	yidZ_1	HTH-type transcriptional regulator YidZ	m4C	m4C	4-methylcytosine	4	0.00442968
NC_003197.2	CDS	3929421	3930303	+	882	EBBPGFGJ_03758		hypothetical protein	m4C	m4C	4-methylcytosine	2	0.00226757
NC_003197.2	CDS	3930553	3931171	+	618	EBBPGFGJ_03759	yicG	UPF0126 inner membrane protein YicG	m4C	m4C	4-methylcytosine	1	0.00161812
NC_003197.2	CDS	3931167	3932853	-	1686	EBBPGFGJ_03760	ligB	DNA ligase B	m4C	m4C	4-methylcytosine	3	0.00177936
NC_003197.2	CDS	3933109	3933733	+	624	EBBPGFGJ_03761	gmk	Guanylate kinase	m4C	m4C	4-methylcytosine	1	0.00160256
NC_003197.2	CDS	3933787	3934063	+	276	EBBPGFGJ_03762	rpoZ	DNA-directed RNA polymerase subunit omega	m4C	m4C	4-methylcytosine	2	0.00724638
NC_003197.2	CDS	3934081	3936193	+	2112	EBBPGFGJ_03763	spoT	Bifunctional (p)ppGpp synthase/hydrolase SpoT	m4C	m4C	4-methylcytosine	8	0.00378788
NC_003197.2	CDS	3936197	3936887	+	690	EBBPGFGJ_03764	trmH	tRNA (guanosine(18)-2'-O)-methyltransferase	m4C	m4C	4-methylcytosine	1	0.00144928
NC_003197.2	CDS	3936892	3938974	+	2082	EBBPGFGJ_03765	recG	ATP-dependent DNA helicase RecG	m4C	m4C	4-methylcytosine	10	0.00480307
NC_003197.2	CDS	3938976	3939828	-	852	EBBPGFGJ_03766		hypothetical protein	m4C	m4C	4-methylcytosine	1	0.00117371
NC_003197.2	CDS	3939830	3941036	-	1206	EBBPGFGJ_03767	gltS	Sodium/glutamate symporter	m4C	m4C	4-methylcytosine	2	0.00165837
NC_003197.2	CDS	3941263	3942655	+	1392	EBBPGFGJ_03768	xanP	Xanthine permease XanP	m4C	m4C	4-methylcytosine	6	0.00431034
NC_003197.2	CDS	3942775	3944485	+	1710	EBBPGFGJ_03769		hypothetical protein	m4C	m4C	4-methylcytosine	5	0.00292398
NC_003197.2	CDS	3944587	3946906	-	2319	EBBPGFGJ_03770	yicI	Alpha-xylosidase	m4C	m4C	4-methylcytosine	2	0.00086244
NC_003197.2	CDS	3946917	3948300	-	1383	EBBPGFGJ_03771	yicJ_2	Inner membrane symporter YicJ	m4C	m4C	4-methylcytosine	3	0.00216920
NC_003197.2	CDS	3950020	3951211	+	1191	EBBPGFGJ_03774	recF_1	DNA replication and repair protein RecF	m4C	m4C	4-methylcytosine	2	0.00167926
NC_003197.2	CDS	3951744	3952782	+	1038	EBBPGFGJ_03776		hypothetical protein	m4C	m4C	4-methylcytosine	2	0.00192678
NC_003197.2	CDS	3954772	3957640	+	2868	EBBPGFGJ_03779		hypothetical protein	m4C	m4C	4-methylcytosine	9	0.00313808
NC_003197.2	CDS	3959850	3960531	+	681	EBBPGFGJ_03782	ycaC_2	Probable hydrolase YcaC	m4C	m4C	4-methylcytosine	1	0.00146843
NC_003197.2	CDS	3960759	3961239	-	480	EBBPGFGJ_03783		hypothetical protein	m4C	m4C	4-methylcytosine	1	0.00208333
NC_003197.2	CDS	3961553	3964280	-	2727	EBBPGFGJ_03785	mgtB	Magnesium-transporting ATPase%2C P-type 1	m4C	m4C	4-methylcytosine	17	0.00623396
NC_003197.2	CDS	3964499	3965183	-	684	EBBPGFGJ_03786	mgtC	Protein MgtC	m4C	m4C	4-methylcytosine	1	0.00146199
NC_003197.2	CDS	3965703	3966606	+	903	EBBPGFGJ_03787	yicL	Uncharacterized inner membrane transporter YicL	m4C	m4C	4-methylcytosine	2	0.00221484
NC_003197.2	CDS	3967825	3968569	-	744	EBBPGFGJ_03789	dgaF_1	2-dehydro-3-deoxy-phosphogluconate aldolase	m4C	m4C	4-methylcytosine	10	0.01344086
NC_003197.2	CDS	3968555	3969665	-	1110	EBBPGFGJ_03790	dgaE_1	D-glucosaminate-6-phosphate ammonia lyase	m4C	m4C	4-methylcytosine	3	0.00270270
NC_003197.2	CDS	3969668	3970526	-	858	EBBPGFGJ_03791	manZ_3	PTS system mannose-specific EIID component	m4C	m4C	4-methylcytosine	1	0.00116550
NC_003197.2	CDS	3970525	3971275	-	750	EBBPGFGJ_03792	agaC_1	N-acetylgalactosamine permease IIC component 1	m4C	m4C	4-methylcytosine	6	0.00800000
NC_003197.2	CDS	3971916	3972342	-	426	EBBPGFGJ_03794		hypothetical protein	m4C	m4C	4-methylcytosine	1	0.00234742
NC_003197.2	CDS	3972560	3975359	-	2799	EBBPGFGJ_03795	dgaR_1	Transcriptional regulatory protein DagR	m4C	m4C	4-methylcytosine	12	0.00428725
NC_003197.2	CDS	3975555	3975849	+	294	EBBPGFGJ_03796		hypothetical protein	m4C	m4C	4-methylcytosine	2	0.00680272
NC_003197.2	CDS	3975954	3977337	+	1383	EBBPGFGJ_03797	gmuD	6-phospho-beta-glucosidase GmuD	m4C	m4C	4-methylcytosine	9	0.00650759
NC_003197.2	CDS	3977396	3978590	-	1194	EBBPGFGJ_03798	nepI	Purine ribonucleoside efflux pump NepI	m4C	m4C	4-methylcytosine	5	0.00418760
NC_003197.2	CDS	3979841	3980702	-	861	EBBPGFGJ_03802	fba	Fructose-bisphosphate aldolase	m4C	m4C	4-methylcytosine	1	0.00116144
NC_003197.2	CDS	3985546	3985999	-	453	EBBPGFGJ_03808		hypothetical protein	m4C	m4C	4-methylcytosine	1	0.00220751
NC_003197.2	CDS	3986191	3987583	-	1392	EBBPGFGJ_03809	uhpT	Hexose-6-phosphate:phosphate antiporter	m4C	m4C	4-methylcytosine	6	0.00431034
NC_003197.2	CDS	3987725	3989054	-	1329	EBBPGFGJ_03810	uhpC_2	Membrane sensor protein UhpC	m4C	m4C	4-methylcytosine	2	0.00150489
NC_003197.2	CDS	3989063	3990566	-	1503	EBBPGFGJ_03811	uhpB	Signal transduction histidine-protein kinase/phosphatase UhpB	m4C	m4C	4-methylcytosine	8	0.00532269
NC_003197.2	CDS	3990565	3991156	-	591	EBBPGFGJ_03812	uhpA	Transcriptional regulatory protein UhpA	m4C	m4C	4-methylcytosine	3	0.00507614
NC_003197.2	CDS	3991230	3992244	-	1014	EBBPGFGJ_03813		hypothetical protein	m4C	m4C	4-methylcytosine	2	0.00197239
NC_003197.2	CDS	3992255	3993572	-	1317	EBBPGFGJ_03814	fucP_2	L-fucose-proton symporter	m4C	m4C	4-methylcytosine	1	0.00075930
NC_003197.2	CDS	3993602	3994523	-	921	EBBPGFGJ_03815	rbsK_1	Ribokinase	m4C	m4C	4-methylcytosine	2	0.00217155
NC_003197.2	CDS	3994847	3995633	+	786	EBBPGFGJ_03816	deoR_2	Deoxyribose operon repressor	m4C	m4C	4-methylcytosine	4	0.00508906
NC_003197.2	CDS	3995634	3995925	-	291	EBBPGFGJ_03817	ilvN	Acetolactate synthase isozyme 1 small subunit	m4C	m4C	4-methylcytosine	1	0.00343643
NC_003197.2	CDS	3995928	3997617	-	1689	EBBPGFGJ_03818	ilvB	Acetolactate synthase isozyme 1 large subunit	m4C	m4C	4-methylcytosine	6	0.00355240
NC_003197.2	CDS	3998664	3999498	+	834	EBBPGFGJ_03821		hypothetical protein	m4C	m4C	4-methylcytosine	4	0.00479616
NC_003197.2	CDS	3999700	4000885	+	1185	EBBPGFGJ_03822	emrD	Multidrug resistance protein D	m4C	m4C	4-methylcytosine	1	0.00084388
NC_003197.2	CDS	4000811	4001873	-	1062	EBBPGFGJ_03823		hypothetical protein	m4C	m4C	4-methylcytosine	3	0.00282486
NC_003197.2	CDS	4001960	4002884	-	924	EBBPGFGJ_03824	dsdC	HTH-type transcriptional regulator DsdC	m4C	m4C	4-methylcytosine	1	0.00108225
NC_003197.2	CDS	4003109	4004447	+	1338	EBBPGFGJ_03825	dsdX	D-serine transporter DsdX	m4C	m4C	4-methylcytosine	1	0.00074738
NC_003197.2	CDS	4004464	4005787	+	1323	EBBPGFGJ_03826	dsdA	D-serine dehydratase	m4C	m4C	4-methylcytosine	1	0.00075586
NC_003197.2	CDS	4007538	4009200	-	1662	EBBPGFGJ_03830	aspT_2	Aspartate/alanine antiporter	m4C	m4C	4-methylcytosine	4	0.00240674
NC_003197.2	CDS	4012332	4013376	-	1044	EBBPGFGJ_03835	ccmH_2	Cytochrome c-type biogenesis protein CcmH	m4C	m4C	4-methylcytosine	6	0.00574713
NC_003197.2	CDS	4013926	4015858	-	1932	EBBPGFGJ_03837	ccmF_2	Cytochrome c-type biogenesis protein CcmF	m4C	m4C	4-methylcytosine	10	0.00517598
NC_003197.2	CDS	4016539	4017286	-	747	EBBPGFGJ_03840	ccmC_2	Heme exporter protein C	m4C	m4C	4-methylcytosine	8	0.01070950
NC_003197.2	CDS	4017328	4017985	-	657	EBBPGFGJ_03841	ccmB_2	Heme exporter protein B	m4C	m4C	4-methylcytosine	3	0.00456621
NC_003197.2	CDS	4017984	4018611	-	627	EBBPGFGJ_03842	ccmA_2	Cytochrome c biogenesis ATP-binding export protein CcmA	m4C	m4C	4-methylcytosine	20	0.03189793
NC_003197.2	CDS	4020822	4023375	-	2553	EBBPGFGJ_03845	torA	Trimethylamine-N-oxide reductase 1	m4C	m4C	4-methylcytosine	4	0.00156678
NC_003197.2	CDS	4023364	4024549	-	1185	EBBPGFGJ_03846	torC	Cytochrome c-type protein TorC	m4C	m4C	4-methylcytosine	5	0.00421941
NC_003197.2	CDS	4024642	4025371	+	729	EBBPGFGJ_03847	torR	TorCAD operon transcriptional regulatory protein TorR	m4C	m4C	4-methylcytosine	5	0.00685871
NC_003197.2	CDS	4025343	4026384	-	1041	EBBPGFGJ_03848	torT	Periplasmic protein TorT	m4C	m4C	4-methylcytosine	1	0.00096061
NC_003197.2	CDS	4026463	4029199	+	2736	EBBPGFGJ_03849	torS	Sensor protein TorS	m4C	m4C	4-methylcytosine	7	0.00255848
NC_003197.2	CDS	4031791	4032409	-	618	EBBPGFGJ_03852	dgoA	2-dehydro-3-deoxy-6-phosphogalactonate aldolase	m4C	m4C	4-methylcytosine	4	0.00647249
NC_003197.2	CDS	4032392	4033271	-	879	EBBPGFGJ_03853	dgoK1	Probable 2-dehydro-3-deoxygalactonokinase DgoK1	m4C	m4C	4-methylcytosine	2	0.00227531
NC_003197.2	CDS	4034217	4035063	-	846	EBBPGFGJ_03855	yidA	Sugar phosphatase YidA	m4C	m4C	4-methylcytosine	2	0.00236407
NC_003197.2	CDS	4036647	4037838	+	1191	EBBPGFGJ_03857	dgoD_2	D-galactonate dehydratase	m4C	m4C	4-methylcytosine	8	0.00671704
NC_003197.2	CDS	4037952	4038849	+	897	EBBPGFGJ_03858	benM_2	HTH-type transcriptional regulator BenM	m4C	m4C	4-methylcytosine	3	0.00334448
NC_003197.2	CDS	4038867	4041282	-	2415	EBBPGFGJ_03859	gyrB	DNA gyrase subunit B	m4C	m4C	4-methylcytosine	9	0.00372671
NC_003197.2	CDS	4041310	4042384	-	1074	EBBPGFGJ_03860	recF_2	DNA replication and repair protein RecF	m4C	m4C	4-methylcytosine	4	0.00372439
NC_003197.2	CDS	4042531	4043632	-	1101	EBBPGFGJ_03861	dnaN	Beta sliding clamp	m4C	m4C	4-methylcytosine	5	0.00454133
NC_003197.2	CDS	4043636	4045037	-	1401	EBBPGFGJ_03862	dnaA	Chromosomal replication initiator protein DnaA	m4C	m4C	4-methylcytosine	1	0.00071378
NC_003197.2	CDS	4046437	4048084	+	1647	EBBPGFGJ_03864	yidC	Membrane protein insertase YidC	m4C	m4C	4-methylcytosine	7	0.00425015
NC_003197.2	CDS	4048225	4049590	+	1365	EBBPGFGJ_03865	mnmE	tRNA modification GTPase MnmE	m4C	m4C	4-methylcytosine	9	0.00659341
NC_003197.2	CDS	4049845	4050340	+	495	EBBPGFGJ_03866	intA_4	Prophage integrase IntA	m4C	m4C	4-methylcytosine	2	0.00404040
NC_003197.2	CDS	4054089	4055277	+	1188	EBBPGFGJ_03871	mdtL	Multidrug resistance protein MdtL	m4C	m4C	4-methylcytosine	5	0.00420875
NC_003197.2	CDS	4055245	4056205	+	960	EBBPGFGJ_03872	yidZ_2	HTH-type transcriptional regulator YidZ	m4C	m4C	4-methylcytosine	1	0.00104167
NC_003197.2	CDS	4057135	4057702	+	567	EBBPGFGJ_03874	chrR	Quinone reductase	m4C	m4C	4-methylcytosine	4	0.00705467
NC_003197.2	CDS	4057746	4059084	-	1338	EBBPGFGJ_03875	adeP	Adenine permease AdeP	m4C	m4C	4-methylcytosine	2	0.00149477
NC_003197.2	CDS	4060012	4060738	-	726	EBBPGFGJ_03877	phoU	Phosphate-specific transport system accessory protein PhoU	m4C	m4C	4-methylcytosine	9	0.01239669
NC_003197.2	CDS	4060752	4061526	-	774	EBBPGFGJ_03878	pstB	Phosphate import ATP-binding protein PstB	m4C	m4C	4-methylcytosine	1	0.00129199
NC_003197.2	CDS	4061612	4062503	-	891	EBBPGFGJ_03879	pstA	Phosphate transport system permease protein PstA	m4C	m4C	4-methylcytosine	2	0.00224467
NC_003197.2	CDS	4062502	4063462	-	960	EBBPGFGJ_03880	pstC	Phosphate transport system permease protein PstC	m4C	m4C	4-methylcytosine	3	0.00312500
NC_003197.2	CDS	4064804	4066178	-	1374	EBBPGFGJ_03883	fruA_3	PTS system fructose-specific EIIB'BC component	m4C	m4C	4-methylcytosine	3	0.00218341
NC_003197.2	CDS	4067106	4068897	+	1791	EBBPGFGJ_03885	sgrR_4	HTH-type transcriptional regulator SgrR	m4C	m4C	4-methylcytosine	8	0.00446678
NC_003197.2	CDS	4069047	4070877	-	1830	EBBPGFGJ_03886	glmS_1	Glutamine--fructose-6-phosphate aminotransferase [isomerizing]	m4C	m4C	4-methylcytosine	3	0.00163934
NC_003197.2	CDS	4071065	4072436	-	1371	EBBPGFGJ_03887	glmU	Bifunctional protein GlmU	m4C	m4C	4-methylcytosine	1	0.00072939
NC_003197.2	CDS	4072755	4073454	-	699	EBBPGFGJ_03888		hypothetical protein	m4C	m4C	4-methylcytosine	1	0.00143062
NC_003197.2	CDS	4073683	4074103	-	420	EBBPGFGJ_03889	atpC	ATP synthase epsilon chain	m4C	m4C	4-methylcytosine	8	0.01904762
NC_003197.2	CDS	4074123	4075506	-	1383	EBBPGFGJ_03890	atpD	ATP synthase subunit beta	m4C	m4C	4-methylcytosine	1	0.00072307
NC_003197.2	CDS	4075532	4076396	-	864	EBBPGFGJ_03891	atpG	ATP synthase gamma chain	m4C	m4C	4-methylcytosine	2	0.00231481
NC_003197.2	CDS	4076446	4077988	-	1542	EBBPGFGJ_03892	atpA	ATP synthase subunit alpha	m4C	m4C	4-methylcytosine	10	0.00648508
NC_003197.2	CDS	4078548	4079019	-	471	EBBPGFGJ_03894	atpF	ATP synthase subunit b	m4C	m4C	4-methylcytosine	2	0.00424628
NC_003197.2	CDS	4081910	4083800	-	1890	EBBPGFGJ_03899	mnmG	tRNA uridine 5-carboxymethylaminomethyl modification enzyme MnmG	m4C	m4C	4-methylcytosine	10	0.00529101
NC_003197.2	CDS	4085320	4086313	+	993	EBBPGFGJ_03902	asnA	Aspartate--ammonia ligase	m4C	m4C	4-methylcytosine	6	0.00604230
NC_003197.2	CDS	4086317	4087769	-	1452	EBBPGFGJ_03903	viaA	Protein ViaA	m4C	m4C	4-methylcytosine	10	0.00688705
NC_003197.2	CDS	4089606	4091475	+	1869	EBBPGFGJ_03905	kup	Low affinity potassium transport system protein kup	m4C	m4C	4-methylcytosine	1	0.00053505
NC_003197.2	CDS	4092098	4093604	+	1506	EBBPGFGJ_03907	rbsA	Ribose import ATP-binding protein RbsA	m4C	m4C	4-methylcytosine	1	0.00066401
NC_003197.2	CDS	4093609	4094575	+	966	EBBPGFGJ_03908	rbsC	Ribose import permease protein RbsC	m4C	m4C	4-methylcytosine	9	0.00931677
NC_003197.2	CDS	4094599	4095490	+	891	EBBPGFGJ_03909	rbsB	Ribose import binding protein RbsB	m4C	m4C	4-methylcytosine	3	0.00336700
NC_003197.2	CDS	4095623	4096553	+	930	EBBPGFGJ_03910	rbsK_2	Ribokinase	m4C	m4C	4-methylcytosine	2	0.00215054
NC_003197.2	CDS	4096565	4097555	+	990	EBBPGFGJ_03911	rbsR	Ribose operon repressor	m4C	m4C	4-methylcytosine	1	0.00101010
NC_003197.2	CDS	4097520	4098948	-	1428	EBBPGFGJ_03912	hsrA	Probable transport protein HsrA	m4C	m4C	4-methylcytosine	3	0.00210084
NC_003197.2	CDS	4098959	4099664	-	705	EBBPGFGJ_03913	lldR_2	Putative L-lactate dehydrogenase operon regulatory protein	m4C	m4C	4-methylcytosine	1	0.00141844
NC_003197.2	rRNA	4100147	4101685	+	1538	EBBPGFGJ_03914		16S ribosomal RNA	m4C	m4C	4-methylcytosine	7	0.00455137
NC_003197.2	rRNA	4102042	4105031	+	2989	EBBPGFGJ_03916		23S ribosomal RNA	m4C	m4C	4-methylcytosine	4	0.00133824
NC_003197.2	tRNA	4105295	4105372	+	77	EBBPGFGJ_03918		tRNA-Asp(gtc)	m4C	m4C	4-methylcytosine	2	0.02597403
NC_003197.2	tRNA	4105380	4105456	+	76	EBBPGFGJ_03919		tRNA-Trp(cca)	m4C	m4C	4-methylcytosine	1	0.01315789
NC_003197.2	CDS	4105557	4106394	-	837	EBBPGFGJ_03920	hdfR_3	HTH-type transcriptional regulator HdfR	m4C	m4C	4-methylcytosine	3	0.00358423
NC_003197.2	CDS	4106512	4106851	+	339	EBBPGFGJ_03921	yifE	UPF0438 protein YifE	m4C	m4C	4-methylcytosine	1	0.00294985
NC_003197.2	CDS	4106875	4108396	-	1521	EBBPGFGJ_03922	comM	Competence protein ComM	m4C	m4C	4-methylcytosine	1	0.00065746
NC_003197.2	CDS	4108985	4110632	+	1647	EBBPGFGJ_03923	ilvG	Acetolactate synthase isozyme 2 large subunit	m4C	m4C	4-methylcytosine	9	0.00546448
NC_003197.2	CDS	4110909	4111839	+	930	EBBPGFGJ_03925	ilvE	Branched-chain-amino-acid aminotransferase	m4C	m4C	4-methylcytosine	1	0.00107527
NC_003197.2	CDS	4111999	4113850	+	1851	EBBPGFGJ_03926	ilvD_2	Dihydroxy-acid dehydratase	m4C	m4C	4-methylcytosine	4	0.00216099
NC_003197.2	CDS	4113852	4115397	+	1545	EBBPGFGJ_03927	ilvA	L-threonine dehydratase biosynthetic IlvA	m4C	m4C	4-methylcytosine	7	0.00453074
NC_003197.2	CDS	4116338	4117226	-	888	EBBPGFGJ_03930	gltC_2	HTH-type transcriptional regulator GltC	m4C	m4C	4-methylcytosine	14	0.01576577
NC_003197.2	CDS	4117389	4118865	+	1476	EBBPGFGJ_03931	ilvC	Ketol-acid reductoisomerase (NADP(+))	m4C	m4C	4-methylcytosine	6	0.00406504
NC_003197.2	CDS	4119775	4121800	+	2025	EBBPGFGJ_03933	rep	ATP-dependent DNA helicase Rep	m4C	m4C	4-methylcytosine	3	0.00148148
NC_003197.2	CDS	4123439	4124705	-	1266	EBBPGFGJ_03935	rhlB	ATP-dependent RNA helicase RhlB	m4C	m4C	4-methylcytosine	3	0.00236967
NC_003197.2	CDS	4125596	4126856	+	1260	EBBPGFGJ_03937	rho	Transcription termination factor Rho	m4C	m4C	4-methylcytosine	1	0.00079365
NC_003197.2	CDS	4130429	4131692	+	1263	EBBPGFGJ_03941	wecC	UDP-N-acetyl-D-mannosamine dehydrogenase	m4C	m4C	4-methylcytosine	2	0.00158353
NC_003197.2	CDS	4131691	4132759	+	1068	EBBPGFGJ_03942	rffG	dTDP-glucose 4%2C6-dehydratase 2	m4C	m4C	4-methylcytosine	1	0.00093633
NC_003197.2	CDS	4132791	4133016	+	225	EBBPGFGJ_03943		hypothetical protein	m4C	m4C	4-methylcytosine	1	0.00444444
NC_003197.2	CDS	4132993	4133671	+	678	EBBPGFGJ_03944	wecD	dTDP-fucosamine acetyltransferase	m4C	m4C	4-methylcytosine	2	0.00294985
NC_003197.2	CDS	4133675	4134806	+	1131	EBBPGFGJ_03945	wecE	dTDP-4-amino-4%2C6-dideoxygalactose transaminase	m4C	m4C	4-methylcytosine	4	0.00353669
NC_003197.2	CDS	4134807	4136058	+	1251	EBBPGFGJ_03946	wzxE	Lipid III flippase	m4C	m4C	4-methylcytosine	4	0.00319744
NC_003197.2	CDS	4136054	4137134	+	1080	EBBPGFGJ_03947	wecF	TDP-N-acetylfucosamine:lipid II N-acetylfucosaminyltransferase	m4C	m4C	4-methylcytosine	9	0.00833333
NC_003197.2	CDS	4137130	4138489	+	1359	EBBPGFGJ_03948	wzyE	Probable ECA polymerase	m4C	m4C	4-methylcytosine	1	0.00073584
NC_003197.2	CDS	4138485	4139226	+	741	EBBPGFGJ_03949	wecG	UDP-N-acetyl-D-mannosaminuronic acid transferase	m4C	m4C	4-methylcytosine	1	0.00134953
NC_003197.2	CDS	4139432	4140818	+	1386	EBBPGFGJ_03950	yifK	Probable transport protein YifK	m4C	m4C	4-methylcytosine	1	0.00072150
NC_003197.2	CDS	4141934	4143134	-	1200	EBBPGFGJ_03955	hemY	Protein HemY	m4C	m4C	4-methylcytosine	2	0.00166667
NC_003197.2	CDS	4143133	4144303	-	1170	EBBPGFGJ_03956	hemX	Protein HemX	m4C	m4C	4-methylcytosine	2	0.00170940
NC_003197.2	CDS	4144324	4145065	-	741	EBBPGFGJ_03957	hemD	Uroporphyrinogen-III synthase	m4C	m4C	4-methylcytosine	2	0.00269906
NC_003197.2	CDS	4145061	4146024	-	963	EBBPGFGJ_03958	hemC	Porphobilinogen deaminase	m4C	m4C	4-methylcytosine	18	0.01869159
NC_003197.2	CDS	4146379	4148926	+	2547	EBBPGFGJ_03959	cyaA	Adenylate cyclase	m4C	m4C	4-methylcytosine	2	0.00078524
NC_003197.2	CDS	4150559	4150880	-	321	EBBPGFGJ_03963	cyaY	Iron-sulfur cluster assembly protein CyaY	m4C	m4C	4-methylcytosine	1	0.00311526
NC_003197.2	CDS	4152274	4153099	+	825	EBBPGFGJ_03968	dapF	Diaminopimelate epimerase	m4C	m4C	4-methylcytosine	4	0.00484848
NC_003197.2	CDS	4153095	4153803	+	708	EBBPGFGJ_03969		hypothetical protein	m4C	m4C	4-methylcytosine	1	0.00141243
NC_003197.2	CDS	4153799	4154702	+	903	EBBPGFGJ_03970	xerC_2	Tyrosine recombinase XerC	m4C	m4C	4-methylcytosine	1	0.00110742
NC_003197.2	CDS	4154701	4155418	+	717	EBBPGFGJ_03971	yigB	5-amino-6-(5-phospho-D-ribitylamino)uracil phosphatase YigB	m4C	m4C	4-methylcytosine	1	0.00139470
NC_003197.2	CDS	4155553	4157716	+	2163	EBBPGFGJ_03972	uvrD	DNA helicase II	m4C	m4C	4-methylcytosine	6	0.00277393
NC_003197.2	CDS	4158187	4159138	+	951	EBBPGFGJ_03973	corA	Magnesium transport protein CorA	m4C	m4C	4-methylcytosine	2	0.00210305
NC_003197.2	CDS	4161003	4161471	-	468	EBBPGFGJ_03977		hypothetical protein	m4C	m4C	4-methylcytosine	1	0.00213675
NC_003197.2	CDS	4162570	4164418	+	1848	EBBPGFGJ_03979	recQ	ATP-dependent DNA helicase RecQ	m4C	m4C	4-methylcytosine	3	0.00162338
NC_003197.2	CDS	4164481	4165102	+	621	EBBPGFGJ_03980	rhtC_2	Threonine efflux protein	m4C	m4C	4-methylcytosine	2	0.00322061
NC_003197.2	CDS	4165141	4165762	-	621	EBBPGFGJ_03981	rhtB	Homoserine/homoserine lactone efflux protein	m4C	m4C	4-methylcytosine	1	0.00161031
NC_003197.2	CDS	4166904	4167705	+	801	EBBPGFGJ_03983	yigL	Pyridoxal phosphate phosphatase YigL	m4C	m4C	4-methylcytosine	3	0.00374532
NC_003197.2	CDS	4167785	4168685	+	900	EBBPGFGJ_03984	bioP	Biotin transporter	m4C	m4C	4-methylcytosine	3	0.00333333
NC_003197.2	CDS	4168572	4169526	-	954	EBBPGFGJ_03985	metR	HTH-type transcriptional regulator MetR	m4C	m4C	4-methylcytosine	5	0.00524109
NC_003197.2	CDS	4169774	4172039	+	2265	EBBPGFGJ_03986	metE	5-methyltetrahydropteroyltriglutamate--homocysteine methyltransferase	m4C	m4C	4-methylcytosine	8	0.00353201
NC_003197.2	CDS	4172430	4173726	+	1296	EBBPGFGJ_03987	chuR_3	Anaerobic sulfatase-maturating enzyme	m4C	m4C	4-methylcytosine	3	0.00231481
NC_003197.2	CDS	4173805	4174618	-	813	EBBPGFGJ_03988		hypothetical protein	m4C	m4C	4-methylcytosine	1	0.00123001
NC_003197.2	CDS	4174876	4175638	+	762	EBBPGFGJ_03989	udp	Uridine phosphorylase	m4C	m4C	4-methylcytosine	1	0.00131234
NC_003197.2	CDS	4175777	4177208	+	1431	EBBPGFGJ_03990		hypothetical protein	m4C	m4C	4-methylcytosine	6	0.00419287
NC_003197.2	CDS	4177303	4178059	+	756	EBBPGFGJ_03991	ubiE	Ubiquinone/menaquinone biosynthesis C-methyltransferase UbiE	m4C	m4C	4-methylcytosine	1	0.00132275
NC_003197.2	CDS	4178068	4178674	+	606	EBBPGFGJ_03992	ubiJ_2	Ubiquinone biosynthesis accessory factor UbiJ	m4C	m4C	4-methylcytosine	6	0.00990099
NC_003197.2	CDS	4178670	4180311	+	1641	EBBPGFGJ_03993	ubiB	Probable protein kinase UbiB	m4C	m4C	4-methylcytosine	2	0.00121877
NC_003197.2	CDS	4180774	4181323	+	549	EBBPGFGJ_03995	tatB	Sec-independent protein translocase protein TatB	m4C	m4C	4-methylcytosine	2	0.00364299
NC_003197.2	CDS	4181325	4182105	+	780	EBBPGFGJ_03996	tatC	Sec-independent protein translocase protein TatC	m4C	m4C	4-methylcytosine	1	0.00128205
NC_003197.2	CDS	4182134	4182929	+	795	EBBPGFGJ_03997	tatD	3'-5' ssDNA/RNA exonuclease TatD	m4C	m4C	4-methylcytosine	3	0.00377358
NC_003197.2	CDS	4182936	4183425	-	489	EBBPGFGJ_03998	rfaH	Transcription antitermination protein RfaH	m4C	m4C	4-methylcytosine	2	0.00408998
NC_003197.2	CDS	4183610	4185089	+	1479	EBBPGFGJ_03999	ubiD	3-octaprenyl-4-hydroxybenzoate carboxy-lyase	m4C	m4C	4-methylcytosine	6	0.00405680
NC_003197.2	CDS	4185174	4185876	+	702	EBBPGFGJ_04000	fre	NAD(P)H-flavin reductase	m4C	m4C	4-methylcytosine	2	0.00284900
NC_003197.2	CDS	4188149	4189313	-	1164	EBBPGFGJ_04003	fadA	3-ketoacyl-CoA thiolase	m4C	m4C	4-methylcytosine	11	0.00945017
NC_003197.2	CDS	4189322	4191512	-	2190	EBBPGFGJ_04004	fadB	Fatty acid oxidation complex subunit alpha	m4C	m4C	4-methylcytosine	3	0.00136986
NC_003197.2	CDS	4191701	4193033	+	1332	EBBPGFGJ_04005	pepQ	Xaa-Pro dipeptidase	m4C	m4C	4-methylcytosine	2	0.00150150
NC_003197.2	CDS	4193032	4193647	+	615	EBBPGFGJ_04006	yigZ	IMPACT family member YigZ	m4C	m4C	4-methylcytosine	7	0.01138211
NC_003197.2	CDS	4193685	4195137	+	1452	EBBPGFGJ_04007	trkH	Trk system potassium uptake protein TrkH	m4C	m4C	4-methylcytosine	3	0.00206612
NC_003197.2	CDS	4195148	4195694	+	546	EBBPGFGJ_04008	hemG	Protoporphyrinogen IX dehydrogenase [menaquinone]	m4C	m4C	4-methylcytosine	1	0.00183150
NC_003197.2	rRNA	4196074	4197612	+	1538	EBBPGFGJ_04009		16S ribosomal RNA	m4C	m4C	4-methylcytosine	4	0.00260078
NC_003197.2	rRNA	4198130	4201119	+	2989	EBBPGFGJ_04012		23S ribosomal RNA	m4C	m4C	4-methylcytosine	5	0.00167280
NC_003197.2	CDS	4201696	4202227	-	531	EBBPGFGJ_04014	mobB	Molybdopterin-guanine dinucleotide biosynthesis adapter protein	m4C	m4C	4-methylcytosine	2	0.00376648
NC_003197.2	CDS	4202208	4202793	-	585	EBBPGFGJ_04015	mobA	Molybdenum cofactor guanylyltransferase	m4C	m4C	4-methylcytosine	2	0.00341880
NC_003197.2	CDS	4204211	4204835	+	624	EBBPGFGJ_04018	dsbA_1	Thiol:disulfide interchange protein DsbA	m4C	m4C	4-methylcytosine	1	0.00160256
NC_003197.2	CDS	4204847	4205756	-	909	EBBPGFGJ_04019	yihG	Probable acyltransferase YihG	m4C	m4C	4-methylcytosine	1	0.00110011
NC_003197.2	CDS	4206143	4208930	+	2787	EBBPGFGJ_04020	polA	DNA polymerase I	m4C	m4C	4-methylcytosine	6	0.00215285
NC_003197.2	CDS	4209264	4209897	-	633	EBBPGFGJ_04021	engB	Probable GTP-binding protein EngB	m4C	m4C	4-methylcytosine	2	0.00315956
NC_003197.2	CDS	4210163	4210361	+	198	EBBPGFGJ_04022		hypothetical protein	m4C	m4C	4-methylcytosine	1	0.00505051
NC_003197.2	CDS	4210479	4210995	+	516	EBBPGFGJ_04023	yihI	Der GTPase-activating protein YihI	m4C	m4C	4-methylcytosine	1	0.00193798
NC_003197.2	CDS	4211183	4212557	+	1374	EBBPGFGJ_04024	hemN	Oxygen-independent coproporphyrinogen III oxidase	m4C	m4C	4-methylcytosine	2	0.00145560
NC_003197.2	CDS	4212646	4212757	-	111	EBBPGFGJ_04025	yshB	Uncharacterized protein YshB	m4C	m4C	4-methylcytosine	4	0.03603604
NC_003197.2	CDS	4212869	4214279	-	1410	EBBPGFGJ_04026	glnG	DNA-binding transcriptional regulator NtrC	m4C	m4C	4-methylcytosine	12	0.00851064
NC_003197.2	CDS	4214287	4215337	-	1050	EBBPGFGJ_04027	glnL	Sensory histidine kinase/phosphatase NtrB	m4C	m4C	4-methylcytosine	3	0.00285714
NC_003197.2	CDS	4215611	4217021	-	1410	EBBPGFGJ_04028	glnA	Glutamine synthetase	m4C	m4C	4-methylcytosine	2	0.00141844
NC_003197.2	CDS	4217396	4219220	+	1824	EBBPGFGJ_04029	typA	GTP-binding protein TypA/BipA	m4C	m4C	4-methylcytosine	16	0.00877193
NC_003197.2	CDS	4219274	4220009	-	735	EBBPGFGJ_04030	ybhA_2	Pyridoxal phosphate phosphatase YbhA	m4C	m4C	4-methylcytosine	1	0.00136054
NC_003197.2	CDS	4219993	4220872	-	879	EBBPGFGJ_04031		hypothetical protein	m4C	m4C	4-methylcytosine	1	0.00113766
NC_003197.2	CDS	4220868	4222110	-	1242	EBBPGFGJ_04032	hemW_2	Heme chaperone HemW	m4C	m4C	4-methylcytosine	1	0.00080515
NC_003197.2	CDS	4225782	4227204	-	1422	EBBPGFGJ_04037	yihP_1	Putative 2%2C3-dihydroxypropane-1-sulfonate exporter	m4C	m4C	4-methylcytosine	1	0.00070323
NC_003197.2	CDS	4227249	4228632	-	1383	EBBPGFGJ_04038	yihP_2	Putative 2%2C3-dihydroxypropane-1-sulfonate exporter	m4C	m4C	4-methylcytosine	1	0.00072307
NC_003197.2	CDS	4228677	4230714	-	2037	EBBPGFGJ_04039	yihQ	Sulfoquinovosidase	m4C	m4C	4-methylcytosine	2	0.00098184
NC_003197.2	CDS	4230757	4231600	-	843	EBBPGFGJ_04040	yihR	Uncharacterized protein YihR	m4C	m4C	4-methylcytosine	1	0.00118624
NC_003197.2	CDS	4231618	4232860	-	1242	EBBPGFGJ_04041	yihS	Sulfoquinovose isomerase	m4C	m4C	4-methylcytosine	1	0.00080515
NC_003197.2	CDS	4232875	4233754	-	879	EBBPGFGJ_04042	yihT	Sulfofructosephosphate aldolase	m4C	m4C	4-methylcytosine	6	0.00682594
NC_003197.2	CDS	4233776	4234673	-	897	EBBPGFGJ_04043	yihU	3-sulfolactaldehyde reductase	m4C	m4C	4-methylcytosine	1	0.00111483
NC_003197.2	CDS	4234837	4235734	+	897	EBBPGFGJ_04044	yihV	Sulfofructose kinase	m4C	m4C	4-methylcytosine	3	0.00334448
NC_003197.2	CDS	4236761	4237361	+	600	EBBPGFGJ_04046	yihX	Alpha-D-glucose 1-phosphate phosphatase YihX	m4C	m4C	4-methylcytosine	2	0.00333333
NC_003197.2	CDS	4237447	4238227	+	780	EBBPGFGJ_04047	yihY	UPF0761 membrane protein YihY	m4C	m4C	4-methylcytosine	1	0.00128205
NC_003197.2	CDS	4238223	4238661	+	438	EBBPGFGJ_04048	dtd	D-aminoacyl-tRNA deacylase	m4C	m4C	4-methylcytosine	4	0.00913242
NC_003197.2	CDS	4240501	4241431	-	930	EBBPGFGJ_04052	nlhH	Carboxylesterase NlhH	m4C	m4C	4-methylcytosine	1	0.00107527
NC_003197.2	CDS	4242297	4243227	-	930	EBBPGFGJ_04055	fdhE	Protein FdhE	m4C	m4C	4-methylcytosine	10	0.01075269
NC_003197.2	CDS	4243855	4244758	-	903	EBBPGFGJ_04057	fdoH	Formate dehydrogenase-O iron-sulfur subunit	m4C	m4C	4-methylcytosine	4	0.00442968
NC_003197.2	CDS	4244770	4247185	-	2415	EBBPGFGJ_04058	fdoG_1	Formate dehydrogenase-O major subunit	m4C	m4C	4-methylcytosine	4	0.00165631
NC_003197.2	CDS	4247233	4247821	-	588	EBBPGFGJ_04059	fdoG_2	Formate dehydrogenase-O major subunit	m4C	m4C	4-methylcytosine	3	0.00510204
NC_003197.2	CDS	4248015	4248852	+	837	EBBPGFGJ_04060	fdhD	Sulfur carrier protein FdhD	m4C	m4C	4-methylcytosine	3	0.00358423
NC_003197.2	CDS	4250333	4251434	+	1101	EBBPGFGJ_04062		hypothetical protein	m4C	m4C	4-methylcytosine	3	0.00272480
NC_003197.2	CDS	4251788	4252112	-	324	EBBPGFGJ_04063		hypothetical protein	m4C	m4C	4-methylcytosine	1	0.00308642
NC_003197.2	CDS	4252111	4252771	-	660	EBBPGFGJ_04064		hypothetical protein	m4C	m4C	4-methylcytosine	3	0.00454545
NC_003197.2	CDS	4253508	4253823	-	315	EBBPGFGJ_04066	rhaM	L-rhamnose mutarotase	m4C	m4C	4-methylcytosine	1	0.00317460
NC_003197.2	CDS	4253819	4254968	-	1149	EBBPGFGJ_04067	mdh_3	NAD-dependent methanol dehydrogenase	m4C	m4C	4-methylcytosine	15	0.01305483
NC_003197.2	CDS	4255094	4255922	-	828	EBBPGFGJ_04068	rhaD	Rhamnulose-1-phosphate aldolase	m4C	m4C	4-methylcytosine	1	0.00120773
NC_003197.2	CDS	4256064	4257324	-	1260	EBBPGFGJ_04069	rhaA	L-rhamnose isomerase	m4C	m4C	4-methylcytosine	18	0.01428571
NC_003197.2	CDS	4257320	4258790	-	1470	EBBPGFGJ_04070	rhaB	Rhamnulokinase	m4C	m4C	4-methylcytosine	7	0.00476190
NC_003197.2	CDS	4259077	4259914	+	837	EBBPGFGJ_04071	rhaS_5	HTH-type transcriptional activator RhaS	m4C	m4C	4-methylcytosine	3	0.00358423
NC_003197.2	CDS	4260911	4261946	-	1035	EBBPGFGJ_04073	rhaT	L-rhamnose-proton symporter	m4C	m4C	4-methylcytosine	7	0.00676329
NC_003197.2	CDS	4263405	4264713	-	1308	EBBPGFGJ_04075	dctM_2	C4-dicarboxylate TRAP transporter large permease protein DctM	m4C	m4C	4-methylcytosine	8	0.00611621
NC_003197.2	CDS	4265239	4266223	-	984	EBBPGFGJ_04077		Solute-binding protein Bpro_3107	m4C	m4C	4-methylcytosine	1	0.00101626
NC_003197.2	CDS	4266551	4267172	+	621	EBBPGFGJ_04078	sodA	Superoxide dismutase [Mn]	m4C	m4C	4-methylcytosine	1	0.00161031
NC_003197.2	CDS	4267241	4267931	+	690	EBBPGFGJ_04079	yiiM	Protein YiiM	m4C	m4C	4-methylcytosine	3	0.00434783
NC_003197.2	CDS	4267942	4268338	+	396	EBBPGFGJ_04080		hypothetical protein	m4C	m4C	4-methylcytosine	1	0.00252525
NC_003197.2	CDS	4268388	4269762	-	1374	EBBPGFGJ_04081	cpxA	Sensor histidine kinase CpxA	m4C	m4C	4-methylcytosine	7	0.00509461
NC_003197.2	CDS	4269758	4270457	-	699	EBBPGFGJ_04082	cpxR	Transcriptional regulatory protein CpxR	m4C	m4C	4-methylcytosine	3	0.00429185
NC_003197.2	CDS	4272342	4273305	+	963	EBBPGFGJ_04085	pfkA	ATP-dependent 6-phosphofructokinase isozyme 1	m4C	m4C	4-methylcytosine	1	0.00103842
NC_003197.2	CDS	4275616	4276951	+	1335	EBBPGFGJ_04088	yagG	Putative glycoside/cation symporter YagG	m4C	m4C	4-methylcytosine	2	0.00149813
NC_003197.2	CDS	4276961	4277921	+	960	EBBPGFGJ_04089	scrK	Fructokinase	m4C	m4C	4-methylcytosine	5	0.00520833
NC_003197.2	CDS	4277930	4278971	+	1041	EBBPGFGJ_04090		hypothetical protein	m4C	m4C	4-methylcytosine	1	0.00096061
NC_003197.2	CDS	4279033	4279756	+	723	EBBPGFGJ_04091	mngR_2	Mannosyl-D-glycerate transport/metabolism system repressor MngR	m4C	m4C	4-methylcytosine	3	0.00414938
NC_003197.2	CDS	4280618	4282211	-	1593	EBBPGFGJ_04094	lsrK	Autoinducer-2 kinase	m4C	m4C	4-methylcytosine	5	0.00313873
NC_003197.2	CDS	4282298	4283258	-	960	EBBPGFGJ_04095	lsrR	Transcriptional regulator LsrR	m4C	m4C	4-methylcytosine	3	0.00312500
NC_003197.2	CDS	4283513	4285049	+	1536	EBBPGFGJ_04096	lsrA	Autoinducer 2 import ATP-binding protein LsrA	m4C	m4C	4-methylcytosine	5	0.00325521
NC_003197.2	CDS	4285042	4286086	+	1044	EBBPGFGJ_04097	lsrC	Autoinducer 2 import system permease protein LsrC	m4C	m4C	4-methylcytosine	2	0.00191571
NC_003197.2	CDS	4286085	4287084	+	999	EBBPGFGJ_04098	lsrD	Autoinducer 2 import system permease protein LsrD	m4C	m4C	4-methylcytosine	2	0.00200200
NC_003197.2	CDS	4288163	4289039	+	876	EBBPGFGJ_04100	lsrF	3-hydroxy-5-phosphonooxypentane-2%2C4-dione thiolase	m4C	m4C	4-methylcytosine	2	0.00228311
NC_003197.2	CDS	4289082	4289412	+	330	EBBPGFGJ_04101	lsrG	(4S)-4-hydroxy-5-phosphonooxypentane-2%2C3-dione isomerase	m4C	m4C	4-methylcytosine	1	0.00303030
NC_003197.2	CDS	4290277	4291045	-	768	EBBPGFGJ_04103	tpiA	Triosephosphate isomerase	m4C	m4C	4-methylcytosine	2	0.00260417
NC_003197.2	CDS	4291157	4291754	-	597	EBBPGFGJ_04104		hypothetical protein	m4C	m4C	4-methylcytosine	2	0.00335008
NC_003197.2	CDS	4292389	4293136	-	747	EBBPGFGJ_04106	fpr	Flavodoxin/ferredoxin--NADP reductase	m4C	m4C	4-methylcytosine	1	0.00133869
NC_003197.2	CDS	4293232	4294243	-	1011	EBBPGFGJ_04107	glpX	Fructose-1%2C6-bisphosphatase 1 class 2	m4C	m4C	4-methylcytosine	7	0.00692384
NC_003197.2	CDS	4294354	4295863	-	1509	EBBPGFGJ_04108	glpK_2	Glycerol kinase	m4C	m4C	4-methylcytosine	10	0.00662691
NC_003197.2	CDS	4298166	4299096	-	930	EBBPGFGJ_04112	menA	1%2C4-dihydroxy-2-naphthoate octaprenyltransferase	m4C	m4C	4-methylcytosine	2	0.00215054
NC_003197.2	CDS	4299162	4300494	-	1332	EBBPGFGJ_04113	hslU	ATP-dependent protease ATPase subunit HslU	m4C	m4C	4-methylcytosine	4	0.00300300
NC_003197.2	CDS	4301125	4302007	-	882	EBBPGFGJ_04115	ftsN	Cell division protein FtsN	m4C	m4C	4-methylcytosine	10	0.01133787
NC_003197.2	CDS	4302193	4303219	-	1026	EBBPGFGJ_04116	cytR	HTH-type transcriptional repressor CytR	m4C	m4C	4-methylcytosine	2	0.00194932
NC_003197.2	CDS	4303373	4305572	-	2199	EBBPGFGJ_04117	priA	Primosomal protein N'	m4C	m4C	4-methylcytosine	54	0.02455662
NC_003197.2	CDS	4305775	4305988	+	213	EBBPGFGJ_04118	rpmE	50S ribosomal protein L31	m4C	m4C	4-methylcytosine	1	0.00469484
NC_003197.2	CDS	4310888	4313321	+	2433	EBBPGFGJ_04123	metL	Bifunctional aspartokinase/homoserine dehydrogenase 2	m4C	m4C	4-methylcytosine	34	0.01397452
NC_003197.2	CDS	4315529	4316654	-	1125	EBBPGFGJ_04126		hypothetical protein	m4C	m4C	4-methylcytosine	3	0.00266667
NC_003197.2	CDS	4316789	4318346	+	1557	EBBPGFGJ_04127	yfkN	Trifunctional nucleotide phosphoesterase protein YfkN	m4C	m4C	4-methylcytosine	4	0.00256904
NC_003197.2	CDS	4318540	4319431	+	891	EBBPGFGJ_04128	metF	5%2C10-methylenetetrahydrofolate reductase	m4C	m4C	4-methylcytosine	2	0.00224467
NC_003197.2	CDS	4319595	4321776	+	2181	EBBPGFGJ_04129	katG	Catalase-peroxidase	m4C	m4C	4-methylcytosine	2	0.00091701
NC_003197.2	CDS	4321833	4322457	-	624	EBBPGFGJ_04130		hypothetical protein	m4C	m4C	4-methylcytosine	1	0.00160256
NC_003197.2	CDS	4322715	4323819	-	1104	EBBPGFGJ_04131	gldA_2	Glycerol dehydrogenase	m4C	m4C	4-methylcytosine	3	0.00271739
NC_003197.2	CDS	4323830	4324493	-	663	EBBPGFGJ_04132	fsaB	Fructose-6-phosphate aldolase 2	m4C	m4C	4-methylcytosine	2	0.00301659
NC_003197.2	CDS	4324503	4327005	-	2502	EBBPGFGJ_04133	fryA	Multiphosphoryl transfer protein 1	m4C	m4C	4-methylcytosine	13	0.00519584
NC_003197.2	CDS	4327313	4328393	+	1080	EBBPGFGJ_04134	manP	PTS system mannose-specific EIIBCA component	m4C	m4C	4-methylcytosine	1	0.00092593
NC_003197.2	CDS	4328407	4328728	+	321	EBBPGFGJ_04135	fryB	PTS system fructose-like EIIB component 1	m4C	m4C	4-methylcytosine	1	0.00311526
NC_003197.2	CDS	4328826	4331124	+	2298	EBBPGFGJ_04136	cutC_2	Choline trimethylamine-lyase	m4C	m4C	4-methylcytosine	5	0.00217581
NC_003197.2	CDS	4331089	4331968	+	879	EBBPGFGJ_04137	bssD	Benzylsuccinate synthase activating enzyme	m4C	m4C	4-methylcytosine	3	0.00341297
NC_003197.2	CDS	4333321	4335055	-	1734	EBBPGFGJ_04140	cptA	Phosphoethanolamine transferase CptA	m4C	m4C	4-methylcytosine	5	0.00288351
NC_003197.2	CDS	4335265	4337917	-	2652	EBBPGFGJ_04141	ppc	Phosphoenolpyruvate carboxylase	m4C	m4C	4-methylcytosine	31	0.01168929
NC_003197.2	CDS	4338285	4339437	-	1152	EBBPGFGJ_04142	argE	Acetylornithine deacetylase	m4C	m4C	4-methylcytosine	1	0.00086806
NC_003197.2	CDS	4339525	4340530	+	1005	EBBPGFGJ_04143	argC	N-acetyl-gamma-glutamyl-phosphate reductase	m4C	m4C	4-methylcytosine	1	0.00099502
NC_003197.2	CDS	4340537	4341314	+	777	EBBPGFGJ_04144	argB	Acetylglutamate kinase	m4C	m4C	4-methylcytosine	4	0.00514801
NC_003197.2	CDS	4341431	4342808	+	1377	EBBPGFGJ_04145	argH	Argininosuccinate lyase	m4C	m4C	4-methylcytosine	2	0.00145243
NC_003197.2	CDS	4343092	4344010	+	918	EBBPGFGJ_04146	oxyR_2	Hydrogen peroxide-inducible genes activator	m4C	m4C	4-methylcytosine	8	0.00871460
NC_003197.2	CDS	4343992	4345393	-	1401	EBBPGFGJ_04147	sthA	Soluble pyridine nucleotide transhydrogenase	m4C	m4C	4-methylcytosine	5	0.00356888
NC_003197.2	CDS	4345591	4346227	+	636	EBBPGFGJ_04148	fabR	HTH-type transcriptional repressor FabR	m4C	m4C	4-methylcytosine	1	0.00157233
NC_003197.2	CDS	4346648	4347749	-	1101	EBBPGFGJ_04150	trmA	tRNA/tmRNA (uracil-C(5))-methyltransferase	m4C	m4C	4-methylcytosine	1	0.00090827
NC_003197.2	CDS	4348122	4349967	+	1845	EBBPGFGJ_04151	btuB	Vitamin B12 transporter BtuB	m4C	m4C	4-methylcytosine	1	0.00054201
NC_003197.2	CDS	4349911	4350763	+	852	EBBPGFGJ_04152	murI	Glutamate racemase	m4C	m4C	4-methylcytosine	2	0.00234742
NC_003197.2	rRNA	4351145	4352683	+	1538	EBBPGFGJ_04153		16S ribosomal RNA	m4C	m4C	4-methylcytosine	5	0.00325098
NC_003197.2	rRNA	4353201	4356190	+	2989	EBBPGFGJ_04156		23S ribosomal RNA	m4C	m4C	4-methylcytosine	7	0.00234192
NC_003197.2	CDS	4356684	4357713	+	1029	EBBPGFGJ_04158	murB	UDP-N-acetylenolpyruvoylglucosamine reductase	m4C	m4C	4-methylcytosine	2	0.00194363
NC_003197.2	CDS	4358706	4359633	-	927	EBBPGFGJ_04160	coaA	Pantothenate kinase	m4C	m4C	4-methylcytosine	2	0.00215750
NC_003197.2	tRNA	4360142	4360227	+	85	EBBPGFGJ_04162		tRNA-Tyr(gta)	m4C	m4C	4-methylcytosine	1	0.01176471
NC_003197.2	CDS	4360615	4361800	+	1185	EBBPGFGJ_04165	tuf1_2	Elongation factor Tu 1	m4C	m4C	4-methylcytosine	3	0.00253165
NC_003197.2	CDS	4363549	4364254	+	705	EBBPGFGJ_04169	rplA	50S ribosomal protein L1	m4C	m4C	4-methylcytosine	3	0.00425532
NC_003197.2	CDS	4365920	4369949	+	4029	EBBPGFGJ_04172	rpoB	DNA-directed RNA polymerase subunit beta	m4C	m4C	4-methylcytosine	17	0.00421941
NC_003197.2	CDS	4370025	4374249	+	4224	EBBPGFGJ_04173	rpoC	DNA-directed RNA polymerase subunit beta'	m4C	m4C	4-methylcytosine	11	0.00260417
NC_003197.2	CDS	4378164	4378935	-	771	EBBPGFGJ_04178	thiG	Thiazole synthase	m4C	m4C	4-methylcytosine	4	0.00518807
NC_003197.2	CDS	4378936	4379110	-	174	EBBPGFGJ_04179	thiS	Sulfur carrier protein ThiS	m4C	m4C	4-methylcytosine	1	0.00574713
NC_003197.2	CDS	4379117	4379876	-	759	EBBPGFGJ_04180	thiF	Sulfur carrier protein ThiS adenylyltransferase	m4C	m4C	4-methylcytosine	4	0.00527009
NC_003197.2	CDS	4379868	4380504	-	636	EBBPGFGJ_04181	thiE	Thiamine-phosphate synthase	m4C	m4C	4-methylcytosine	2	0.00314465
NC_003197.2	CDS	4380503	4382399	-	1896	EBBPGFGJ_04182	thiC	Phosphomethylpyrimidine synthase	m4C	m4C	4-methylcytosine	6	0.00316456
NC_003197.2	CDS	4384157	4385222	+	1065	EBBPGFGJ_04185	hemE	Uroporphyrinogen decarboxylase	m4C	m4C	4-methylcytosine	1	0.00093897
NC_003197.2	CDS	4385231	4385903	+	672	EBBPGFGJ_04186	nfi	Endonuclease V	m4C	m4C	4-methylcytosine	4	0.00595238
NC_003197.2	CDS	4388259	4389846	+	1587	EBBPGFGJ_04191	zraS	Sensor protein ZraS	m4C	m4C	4-methylcytosine	4	0.00252048
NC_003197.2	CDS	4389851	4391177	+	1326	EBBPGFGJ_04192	zraR	Transcriptional regulatory protein ZraR	m4C	m4C	4-methylcytosine	3	0.00226244
NC_003197.2	CDS	4391173	4392463	-	1290	EBBPGFGJ_04193	purD	Phosphoribosylamine--glycine ligase	m4C	m4C	4-methylcytosine	28	0.02170543
NC_003197.2	CDS	4392474	4394064	-	1590	EBBPGFGJ_04194	purH	Bifunctional purine biosynthesis protein PurH	m4C	m4C	4-methylcytosine	4	0.00251572
NC_003197.2	rRNA	4394690	4396229	+	1539	EBBPGFGJ_04195		16S ribosomal RNA	m4C	m4C	4-methylcytosine	8	0.00519818
NC_003197.2	rRNA	4396625	4399614	+	2989	EBBPGFGJ_04197		23S ribosomal RNA	m4C	m4C	4-methylcytosine	1	0.00033456
NC_003197.2	CDS	4400259	4400697	-	438	EBBPGFGJ_04199	yjaB	Peptidyl-lysine N-acetyltransferase YjaB	m4C	m4C	4-methylcytosine	1	0.00228311
NC_003197.2	CDS	4402051	4403653	+	1602	EBBPGFGJ_04201	aceB	Malate synthase A	m4C	m4C	4-methylcytosine	2	0.00124844
NC_003197.2	CDS	4403684	4404989	+	1305	EBBPGFGJ_04202	aceA	Isocitrate lyase	m4C	m4C	4-methylcytosine	5	0.00383142
NC_003197.2	CDS	4405090	4406842	+	1752	EBBPGFGJ_04203	aceK	Isocitrate dehydrogenase kinase/phosphatase	m4C	m4C	4-methylcytosine	4	0.00228311
NC_003197.2	CDS	4406805	4407240	-	435	EBBPGFGJ_04204		hypothetical protein	m4C	m4C	4-methylcytosine	5	0.01149425
NC_003197.2	CDS	4407223	4408048	-	825	EBBPGFGJ_04205	iclR	Transcriptional repressor IclR	m4C	m4C	4-methylcytosine	6	0.00727273
NC_003197.2	CDS	4408351	4412035	+	3684	EBBPGFGJ_04206	metH	Methionine synthase	m4C	m4C	4-methylcytosine	12	0.00325733
NC_003197.2	CDS	4412301	4413933	+	1632	EBBPGFGJ_04207		hypothetical protein	m4C	m4C	4-methylcytosine	2	0.00122549
NC_003197.2	CDS	4414008	4414698	-	690	EBBPGFGJ_04208	pepE	Peptidase E	m4C	m4C	4-methylcytosine	2	0.00289855
NC_003197.2	CDS	4415491	4416361	+	870	EBBPGFGJ_04210	rluF	Dual-specificity RNA pseudouridine synthase RluF	m4C	m4C	4-methylcytosine	1	0.00114943
NC_003197.2	CDS	4416357	4416630	-	273	EBBPGFGJ_04211		hypothetical protein	m4C	m4C	4-methylcytosine	2	0.00732601
NC_003197.2	CDS	4416727	4417669	-	942	EBBPGFGJ_04212	panS	Pantothenate precursors transporter PanS	m4C	m4C	4-methylcytosine	3	0.00318471
NC_003197.2	CDS	4419394	4419850	-	456	EBBPGFGJ_04214		hypothetical protein	m4C	m4C	4-methylcytosine	2	0.00438596
NC_003197.2	CDS	4420456	4422202	-	1746	EBBPGFGJ_04216		hypothetical protein	m4C	m4C	4-methylcytosine	5	0.00286369
NC_003197.2	CDS	4422829	4423945	-	1116	EBBPGFGJ_04218		hypothetical protein	m4C	m4C	4-methylcytosine	9	0.00806452
NC_003197.2	CDS	4423935	4424295	-	360	EBBPGFGJ_04219		hypothetical protein	m4C	m4C	4-methylcytosine	6	0.01666667
NC_003197.2	CDS	4424458	4426006	-	1548	EBBPGFGJ_04220		hypothetical protein	m4C	m4C	4-methylcytosine	3	0.00193798
NC_003197.2	CDS	4427621	4428344	-	723	EBBPGFGJ_04222		hypothetical protein	m4C	m4C	4-methylcytosine	5	0.00691563
NC_003197.2	CDS	4429384	4429594	-	210	EBBPGFGJ_04224		hypothetical protein	m4C	m4C	4-methylcytosine	4	0.01904762
NC_003197.2	CDS	4429593	4430547	-	954	EBBPGFGJ_04225		hypothetical protein	m4C	m4C	4-methylcytosine	12	0.01257862
NC_003197.2	CDS	4430546	4432901	-	2355	EBBPGFGJ_04226		hypothetical protein	m4C	m4C	4-methylcytosine	21	0.00891720
NC_003197.2	CDS	4433978	4435406	-	1428	EBBPGFGJ_04229		hypothetical protein	m4C	m4C	4-methylcytosine	1	0.00070028
NC_003197.2	CDS	4435589	4436045	-	456	EBBPGFGJ_04231		hypothetical protein	m4C	m4C	4-methylcytosine	1	0.00219298
NC_003197.2	CDS	4436204	4436519	-	315	EBBPGFGJ_04232		hypothetical protein	m4C	m4C	4-methylcytosine	1	0.00317460
NC_003197.2	CDS	4436531	4437104	-	573	EBBPGFGJ_04233	mltF_2	Membrane-bound lytic murein transglycosylase F	m4C	m4C	4-methylcytosine	1	0.00174520
NC_003197.2	CDS	4438002	4438350	+	348	EBBPGFGJ_04235		hypothetical protein	m4C	m4C	4-methylcytosine	1	0.00287356
NC_003197.2	CDS	4438482	4439832	-	1350	EBBPGFGJ_04236	lysC	Lysine-sensitive aspartokinase 3	m4C	m4C	4-methylcytosine	5	0.00370370
NC_003197.2	CDS	4440176	4441826	+	1650	EBBPGFGJ_04237	pgi	Glucose-6-phosphate isomerase	m4C	m4C	4-methylcytosine	2	0.00121212
NC_003197.2	CDS	4442266	4442512	+	246	EBBPGFGJ_04238		hypothetical protein	m4C	m4C	4-methylcytosine	2	0.00813008
NC_003197.2	CDS	4442575	4443214	+	639	EBBPGFGJ_04239	gfcB	Uncharacterized lipoprotein GfcB	m4C	m4C	4-methylcytosine	2	0.00312989
NC_003197.2	CDS	4443210	4443948	+	738	EBBPGFGJ_04240		hypothetical protein	m4C	m4C	4-methylcytosine	1	0.00135501
NC_003197.2	CDS	4443947	4446044	+	2097	EBBPGFGJ_04241		hypothetical protein	m4C	m4C	4-methylcytosine	4	0.00190749
NC_003197.2	CDS	4446762	4447653	-	891	EBBPGFGJ_04243	malG	Maltose/maltodextrin transport system permease protein MalG	m4C	m4C	4-methylcytosine	3	0.00336700
NC_003197.2	CDS	4447667	4449212	-	1545	EBBPGFGJ_04244	malF	Maltose/maltodextrin transport system permease protein MalF	m4C	m4C	4-methylcytosine	3	0.00194175
NC_003197.2	CDS	4449343	4450534	-	1191	EBBPGFGJ_04245	malE	Maltose/maltodextrin-binding periplasmic protein	m4C	m4C	4-methylcytosine	2	0.00167926
NC_003197.2	CDS	4450895	4452005	+	1110	EBBPGFGJ_04246	malK	Maltose/maltodextrin import ATP-binding protein MalK	m4C	m4C	4-methylcytosine	8	0.00720721
NC_003197.2	CDS	4452093	4453452	+	1359	EBBPGFGJ_04247	lamB	Maltoporin	m4C	m4C	4-methylcytosine	3	0.00220751
NC_003197.2	CDS	4453615	4454533	+	918	EBBPGFGJ_04248		hypothetical protein	m4C	m4C	4-methylcytosine	3	0.00326797
NC_003197.2	CDS	4455224	4456097	+	873	EBBPGFGJ_04250	ubiA	4-hydroxybenzoate octaprenyltransferase	m4C	m4C	4-methylcytosine	2	0.00229095
NC_003197.2	CDS	4456195	4458616	-	2421	EBBPGFGJ_04251	plsB	Glycerol-3-phosphate acyltransferase	m4C	m4C	4-methylcytosine	10	0.00413052
NC_003197.2	CDS	4458786	4459155	+	369	EBBPGFGJ_04252	dgkA	Diacylglycerol kinase	m4C	m4C	4-methylcytosine	3	0.00813008
NC_003197.2	CDS	4459263	4459872	+	609	EBBPGFGJ_04253	lexA	LexA repressor	m4C	m4C	4-methylcytosine	2	0.00328407
NC_003197.2	CDS	4460050	4461376	+	1326	EBBPGFGJ_04254	dinF	DNA damage-inducible protein F	m4C	m4C	4-methylcytosine	2	0.00150830
NC_003197.2	CDS	4463975	4464974	+	999	EBBPGFGJ_04259	dusA	tRNA-dihydrouridine(20/20a) synthase	m4C	m4C	4-methylcytosine	3	0.00300300
NC_003197.2	CDS	4465558	4466542	-	984	EBBPGFGJ_04261	qorA	Quinone oxidoreductase 1	m4C	m4C	4-methylcytosine	3	0.00304878
NC_003197.2	CDS	4466606	4468022	+	1416	EBBPGFGJ_04262	dnaB	Replicative DNA helicase	m4C	m4C	4-methylcytosine	2	0.00141243
NC_003197.2	CDS	4468053	4469133	+	1080	EBBPGFGJ_04263	alr	Alanine racemase%2C biosynthetic	m4C	m4C	4-methylcytosine	10	0.00925926
NC_003197.2	CDS	4469318	4470512	+	1194	EBBPGFGJ_04264	tyrB	Aromatic-amino-acid aminotransferase	m4C	m4C	4-methylcytosine	2	0.00167504
NC_003197.2	CDS	4470698	4471412	+	714	EBBPGFGJ_04265	aphA	Class B acid phosphatase	m4C	m4C	4-methylcytosine	1	0.00140056
NC_003197.2	CDS	4472316	4472655	-	339	EBBPGFGJ_04268		hypothetical protein	m4C	m4C	4-methylcytosine	2	0.00589971
NC_003197.2	CDS	4473228	4476054	-	2826	EBBPGFGJ_04270	uvrA	UvrABC system protein A	m4C	m4C	4-methylcytosine	30	0.01061571
NC_003197.2	CDS	4476301	4476832	+	531	EBBPGFGJ_04271	ssb_1	Single-stranded DNA-binding protein	m4C	m4C	4-methylcytosine	14	0.02636535
NC_003197.2	CDS	4479879	4481199	+	1320	EBBPGFGJ_04274	tolC_2	Outer membrane protein TolC	m4C	m4C	4-methylcytosine	3	0.00227273
NC_003197.2	CDS	4481195	4482473	+	1278	EBBPGFGJ_04275	prsE_2	Type I secretion system membrane fusion protein PrsE	m4C	m4C	4-methylcytosine	1	0.00078247
NC_003197.2	CDS	4482489	4499169	+	16680	EBBPGFGJ_04276		hypothetical protein	m4C	m4C	4-methylcytosine	31	0.00185851
NC_003197.2	CDS	4499208	4501275	+	2067	EBBPGFGJ_04277	btuD_5	Vitamin B12 import ATP-binding protein BtuD	m4C	m4C	4-methylcytosine	3	0.00145138
NC_003197.2	CDS	4502396	4503998	+	1602	EBBPGFGJ_04279	pdeC	Probable cyclic di-GMP phosphodiesterase PdeC	m4C	m4C	4-methylcytosine	1	0.00062422
NC_003197.2	CDS	4503985	4504309	-	324	EBBPGFGJ_04280	soxS	Regulatory protein SoxS	m4C	m4C	4-methylcytosine	1	0.00308642
NC_003197.2	CDS	4506161	4507511	+	1350	EBBPGFGJ_04283	ghxP	Guanine/hypoxanthine permease GhxP	m4C	m4C	4-methylcytosine	2	0.00148148
NC_003197.2	CDS	4507618	4509307	+	1689	EBBPGFGJ_04284	nhaK	Sodium%2C potassium%2C lithium and rubidium/H(+) antiporter	m4C	m4C	4-methylcytosine	2	0.00118413
NC_003197.2	CDS	4509401	4510289	-	888	EBBPGFGJ_04285	oxyR_3	Hydrogen peroxide-inducible genes activator	m4C	m4C	4-methylcytosine	1	0.00112613
NC_003197.2	CDS	4510795	4511485	+	690	EBBPGFGJ_04287	yohK_2	Inner membrane protein YohK	m4C	m4C	4-methylcytosine	2	0.00289855
NC_003197.2	CDS	4511523	4513173	-	1650	EBBPGFGJ_04288	actP_2	Cation/acetate symporter ActP	m4C	m4C	4-methylcytosine	4	0.00242424
NC_003197.2	CDS	4513729	4515688	-	1959	EBBPGFGJ_04290	acs_2	Acetyl-coenzyme A synthetase	m4C	m4C	4-methylcytosine	6	0.00306279
NC_003197.2	CDS	4516119	4517556	+	1437	EBBPGFGJ_04291	nrfA	Cytochrome c-552	m4C	m4C	4-methylcytosine	2	0.00139179
NC_003197.2	CDS	4517667	4518234	+	567	EBBPGFGJ_04292	nrfB	Cytochrome c-type protein NrfB	m4C	m4C	4-methylcytosine	2	0.00352734
NC_003197.2	CDS	4518230	4518902	+	672	EBBPGFGJ_04293	ydhX	Uncharacterized ferredoxin-like protein YdhX	m4C	m4C	4-methylcytosine	2	0.00297619
NC_003197.2	CDS	4519847	4522070	+	2223	EBBPGFGJ_04295		hypothetical protein	m4C	m4C	4-methylcytosine	13	0.00584795
NC_003197.2	CDS	4522066	4522687	+	621	EBBPGFGJ_04296	nrfG	Formate-dependent nitrite reductase complex subunit NrfG	m4C	m4C	4-methylcytosine	8	0.01288245
NC_003197.2	CDS	4524499	4525189	-	690	EBBPGFGJ_04298		hypothetical protein	m4C	m4C	4-methylcytosine	1	0.00144928
NC_003197.2	CDS	4525365	4527045	-	1680	EBBPGFGJ_04299	fdhF_1	Formate dehydrogenase H	m4C	m4C	4-methylcytosine	3	0.00178571
NC_003197.2	CDS	4527867	4528776	-	909	EBBPGFGJ_04301		hypothetical protein	m4C	m4C	4-methylcytosine	1	0.00110011
NC_003197.2	CDS	4532654	4533734	-	1080	EBBPGFGJ_04307	basS	Sensor protein BasS	m4C	m4C	4-methylcytosine	3	0.00277778
NC_003197.2	CDS	4533734	4534403	-	669	EBBPGFGJ_04308	basR	Transcriptional regulatory protein BasR	m4C	m4C	4-methylcytosine	1	0.00149477
NC_003197.2	CDS	4534399	4536043	-	1644	EBBPGFGJ_04309	eptA	Phosphoethanolamine transferase EptA	m4C	m4C	4-methylcytosine	2	0.00121655
NC_003197.2	CDS	4536176	4537514	-	1338	EBBPGFGJ_04310	adiC	Arginine/agmatine antiporter	m4C	m4C	4-methylcytosine	6	0.00448430
NC_003197.2	CDS	4538712	4540983	-	2271	EBBPGFGJ_04312	adiA	Biodegradative arginine decarboxylase	m4C	m4C	4-methylcytosine	6	0.00264201
NC_003197.2	CDS	4541212	4542145	-	933	EBBPGFGJ_04313	melR	Melibiose operon regulatory protein	m4C	m4C	4-methylcytosine	2	0.00214362
NC_003197.2	CDS	4542416	4543769	+	1353	EBBPGFGJ_04314	melA	Alpha-galactosidase	m4C	m4C	4-methylcytosine	5	0.00369549
NC_003197.2	CDS	4545380	4547027	-	1647	EBBPGFGJ_04316	fumB_2	Fumarate hydratase class I%2C anaerobic	m4C	m4C	4-methylcytosine	4	0.00242866
NC_003197.2	CDS	4547122	4548463	-	1341	EBBPGFGJ_04317	dcuB	Anaerobic C4-dicarboxylate transporter DcuB	m4C	m4C	4-methylcytosine	2	0.00149142
NC_003197.2	CDS	4549908	4551540	-	1632	EBBPGFGJ_04320	dcuS	Sensor histidine kinase DcuS	m4C	m4C	4-methylcytosine	3	0.00183824
NC_003197.2	CDS	4551895	4554325	+	2430	EBBPGFGJ_04321	dmsA_3	Dimethyl sulfoxide reductase DmsA	m4C	m4C	4-methylcytosine	15	0.00617284
NC_003197.2	CDS	4554957	4555731	+	774	EBBPGFGJ_04323	dmsC_4	Anaerobic dimethyl sulfoxide reductase chain C	m4C	m4C	4-methylcytosine	6	0.00775194
NC_003197.2	CDS	4555806	4556400	+	594	EBBPGFGJ_04324	dmsD_2	Tat proofreading chaperone DmsD	m4C	m4C	4-methylcytosine	3	0.00505051
NC_003197.2	CDS	4556483	4557884	-	1401	EBBPGFGJ_04325		hypothetical protein	m4C	m4C	4-methylcytosine	2	0.00142755
NC_003197.2	CDS	4559431	4559890	+	459	EBBPGFGJ_04327		IS200/IS605 family transposase IS200F	m4C	m4C	4-methylcytosine	1	0.00217865
NC_003197.2	CDS	4562865	4563357	+	492	EBBPGFGJ_04332		hypothetical protein	m4C	m4C	4-methylcytosine	2	0.00406504
NC_003197.2	CDS	4565565	4565943	-	378	EBBPGFGJ_04334		hypothetical protein	m4C	m4C	4-methylcytosine	2	0.00529101
NC_003197.2	tRNA	4566594	4566670	-	76	EBBPGFGJ_04336		tRNA-Phe(gaa)	m4C	m4C	4-methylcytosine	1	0.01315789
NC_003197.2	CDS	4566785	4567361	-	576	EBBPGFGJ_04337		hypothetical protein	m4C	m4C	4-methylcytosine	3	0.00520833
NC_003197.2	CDS	4567397	4569101	-	1704	EBBPGFGJ_04338	dsbD_2	Thiol:disulfide interchange protein DsbD	m4C	m4C	4-methylcytosine	16	0.00938967
NC_003197.2	CDS	4569544	4570846	-	1302	EBBPGFGJ_04340	dcuA_2	Anaerobic C4-dicarboxylate transporter DcuA	m4C	m4C	4-methylcytosine	2	0.00153610
NC_003197.2	CDS	4570960	4572397	-	1437	EBBPGFGJ_04341	aspA	Aspartate ammonia-lyase	m4C	m4C	4-methylcytosine	3	0.00208768
NC_003197.2	CDS	4572698	4573214	+	516	EBBPGFGJ_04342	fxsA	UPF0716 protein FxsA	m4C	m4C	4-methylcytosine	1	0.00193798
NC_003197.2	CDS	4573272	4574535	-	1263	EBBPGFGJ_04343	yjeH	L-methionine/branched-chain amino acid exporter YjeH	m4C	m4C	4-methylcytosine	4	0.00316706
NC_003197.2	CDS	4575126	4576773	+	1647	EBBPGFGJ_04345	groL	60 kDa chaperonin	m4C	m4C	4-methylcytosine	10	0.00607165
NC_003197.2	CDS	4578556	4579585	-	1029	EBBPGFGJ_04348	epmB	L-lysine 2%2C3-aminomutase	m4C	m4C	4-methylcytosine	4	0.00388727
NC_003197.2	CDS	4581849	4582383	-	534	EBBPGFGJ_04353	blc	Outer membrane lipoprotein Blc	m4C	m4C	4-methylcytosine	2	0.00374532
NC_003197.2	CDS	4582494	4582854	-	360	EBBPGFGJ_04354	frdD	Fumarate reductase subunit D	m4C	m4C	4-methylcytosine	1	0.00277778
NC_003197.2	CDS	4582864	4583260	-	396	EBBPGFGJ_04355	frdC	Fumarate reductase subunit C	m4C	m4C	4-methylcytosine	6	0.01515152
NC_003197.2	CDS	4583270	4584005	-	735	EBBPGFGJ_04356	frdB	Fumarate reductase iron-sulfur subunit	m4C	m4C	4-methylcytosine	2	0.00272109
NC_003197.2	CDS	4583997	4585788	-	1791	EBBPGFGJ_04357	frdA	Fumarate reductase flavoprotein subunit	m4C	m4C	4-methylcytosine	2	0.00111669
NC_003197.2	CDS	4586110	4587088	+	978	EBBPGFGJ_04358	epmA	Elongation factor P--(R)-beta-lysine ligase	m4C	m4C	4-methylcytosine	3	0.00306748
NC_003197.2	CDS	4589248	4592575	-	3327	EBBPGFGJ_04361	mscM	Miniconductance mechanosensitive channel MscM	m4C	m4C	4-methylcytosine	5	0.00150286
NC_003197.2	CDS	4592593	4593562	-	969	EBBPGFGJ_04362	psd	Phosphatidylserine decarboxylase proenzyme	m4C	m4C	4-methylcytosine	1	0.00103199
NC_003197.2	CDS	4593653	4594706	-	1053	EBBPGFGJ_04363	rsgA	Small ribosomal subunit biogenesis GTPase RsgA	m4C	m4C	4-methylcytosine	1	0.00094967
NC_003197.2	CDS	4595419	4596160	-	741	EBBPGFGJ_04365	artJ_2	ABC transporter arginine-binding protein 1	m4C	m4C	4-methylcytosine	1	0.00134953
NC_003197.2	tRNA	4596899	4596975	+	76	EBBPGFGJ_04368		tRNA-Gly(gcc)	m4C	m4C	4-methylcytosine	1	0.01315789
NC_003197.2	CDS	4597244	4598384	-	1140	EBBPGFGJ_04369	queG	Epoxyqueuosine reductase	m4C	m4C	4-methylcytosine	2	0.00175439
NC_003197.2	CDS	4598385	4599930	+	1545	EBBPGFGJ_04370	nnr	Bifunctional NAD(P)H-hydrate repair enzyme Nnr	m4C	m4C	4-methylcytosine	22	0.01423948
NC_003197.2	CDS	4599901	4600363	+	462	EBBPGFGJ_04371	tsaE	tRNA threonylcarbamoyladenosine biosynthesis protein TsaE	m4C	m4C	4-methylcytosine	1	0.00216450
NC_003197.2	CDS	4600379	4601699	+	1320	EBBPGFGJ_04372	amiB	N-acetylmuramoyl-L-alanine amidase AmiB	m4C	m4C	4-methylcytosine	20	0.01515152
NC_003197.2	CDS	4601708	4603565	+	1857	EBBPGFGJ_04373	mutL	DNA mismatch repair protein MutL	m4C	m4C	4-methylcytosine	4	0.00215401
NC_003197.2	CDS	4603557	4604508	+	951	EBBPGFGJ_04374	miaA	tRNA dimethylallyltransferase	m4C	m4C	4-methylcytosine	1	0.00105152
NC_003197.2	CDS	4604970	4606251	+	1281	EBBPGFGJ_04376	hflX	GTPase HflX	m4C	m4C	4-methylcytosine	3	0.00234192
NC_003197.2	CDS	4606465	4607725	+	1260	EBBPGFGJ_04377	hflK	Modulator of FtsH protease HflK	m4C	m4C	4-methylcytosine	1	0.00079365
NC_003197.2	CDS	4607727	4608732	+	1005	EBBPGFGJ_04378	hflC	Modulator of FtsH protease HflC	m4C	m4C	4-methylcytosine	2	0.00199005
NC_003197.2	CDS	4609110	4610409	+	1299	EBBPGFGJ_04380	purA	Adenylosuccinate synthetase	m4C	m4C	4-methylcytosine	2	0.00153965
NC_003197.2	CDS	4611078	4613517	+	2439	EBBPGFGJ_04382	rnr	Ribonuclease R	m4C	m4C	4-methylcytosine	5	0.00205002
NC_003197.2	CDS	4613607	4614339	+	732	EBBPGFGJ_04383	rlmB	23S rRNA (guanosine-2'-O-)-methyltransferase RlmB	m4C	m4C	4-methylcytosine	3	0.00409836
NC_003197.2	CDS	4614889	4615588	+	699	EBBPGFGJ_04385		hypothetical protein	m4C	m4C	4-methylcytosine	3	0.00429185
NC_003197.2	CDS	4616654	4617314	+	660	EBBPGFGJ_04387		hypothetical protein	m4C	m4C	4-methylcytosine	1	0.00151515
NC_003197.2	CDS	4617739	4618378	+	639	EBBPGFGJ_04389		hypothetical protein	m4C	m4C	4-methylcytosine	2	0.00312989
NC_003197.2	CDS	4618380	4619544	+	1164	EBBPGFGJ_04390	yjfC	Putative acid--amine ligase YjfC	m4C	m4C	4-methylcytosine	7	0.00601375
NC_003197.2	CDS	4619628	4621251	+	1623	EBBPGFGJ_04391	aidB	Putative acyl-CoA dehydrogenase AidB	m4C	m4C	4-methylcytosine	2	0.00123229
NC_003197.2	CDS	4622214	4622964	+	750	EBBPGFGJ_04394		hypothetical protein	m4C	m4C	4-methylcytosine	2	0.00266667
NC_003197.2	CDS	4623820	4624885	-	1065	EBBPGFGJ_04396	ulaG	Probable L-ascorbate-6-phosphate lactonase UlaG	m4C	m4C	4-methylcytosine	2	0.00187793
NC_003197.2	CDS	4625247	4626645	+	1398	EBBPGFGJ_04397	ulaA_3	Ascorbate-specific PTS system EIIC component	m4C	m4C	4-methylcytosine	1	0.00071531
NC_003197.2	CDS	4627453	4628104	+	651	EBBPGFGJ_04400	ulaD	3-keto-L-gulonate-6-phosphate decarboxylase UlaD	m4C	m4C	4-methylcytosine	4	0.00614439
NC_003197.2	CDS	4628113	4628968	+	855	EBBPGFGJ_04401	ulaE_2	L-ribulose-5-phosphate 3-epimerase UlaE	m4C	m4C	4-methylcytosine	9	0.01052632
NC_003197.2	CDS	4628967	4629654	+	687	EBBPGFGJ_04402	ulaF	L-ribulose-5-phosphate 4-epimerase UlaF	m4C	m4C	4-methylcytosine	4	0.00582242
NC_003197.2	CDS	4630528	4630924	+	396	EBBPGFGJ_04404	rpsF	30S ribosomal protein S6	m4C	m4C	4-methylcytosine	1	0.00252525
NC_003197.2	CDS	4631518	4631968	+	450	EBBPGFGJ_04407	rplI	50S ribosomal protein L9	m4C	m4C	4-methylcytosine	1	0.00222222
NC_003197.2	CDS	4633091	4633727	-	636	EBBPGFGJ_04409		hypothetical protein	m4C	m4C	4-methylcytosine	19	0.02987421
NC_003197.2	CDS	4634862	4636272	+	1410	EBBPGFGJ_04411	cycA	D-serine/D-alanine/glycine transporter	m4C	m4C	4-methylcytosine	1	0.00070922
NC_003197.2	CDS	4636383	4637046	-	663	EBBPGFGJ_04412	ytfE	Iron-sulfur cluster repair protein YtfE	m4C	m4C	4-methylcytosine	1	0.00150830
NC_003197.2	CDS	4637148	4638114	-	966	EBBPGFGJ_04413	ytfF	Inner membrane protein YtfF	m4C	m4C	4-methylcytosine	8	0.00828157
NC_003197.2	CDS	4638194	4639043	-	849	EBBPGFGJ_04414	qorB	Quinone oxidoreductase 2	m4C	m4C	4-methylcytosine	12	0.01413428
NC_003197.2	CDS	4639130	4639517	+	387	EBBPGFGJ_04415		hypothetical protein	m4C	m4C	4-methylcytosine	1	0.00258398
NC_003197.2	CDS	4639574	4641518	-	1944	EBBPGFGJ_04416	cpdB	2'%2C3'-cyclic-nucleotide 2'-phosphodiesterase/3'-nucleotidase	m4C	m4C	4-methylcytosine	5	0.00257202
NC_003197.2	CDS	4641785	4642526	+	741	EBBPGFGJ_04417	cysQ	3'(2')%2C5'-bisphosphate nucleotidase CysQ	m4C	m4C	4-methylcytosine	2	0.00269906
NC_003197.2	CDS	4646067	4647801	+	1734	EBBPGFGJ_04422	tamA	Translocation and assembly module subunit TamA	m4C	m4C	4-methylcytosine	3	0.00173010
NC_003197.2	CDS	4647797	4651577	+	3780	EBBPGFGJ_04423	tamB	Translocation and assembly module subunit TamB	m4C	m4C	4-methylcytosine	8	0.00211640
NC_003197.2	CDS	4651977	4653186	-	1209	EBBPGFGJ_04425	sauU_3	Probable sulfoacetate transporter SauU	m4C	m4C	4-methylcytosine	2	0.00165426
NC_003197.2	CDS	4653182	4654343	-	1161	EBBPGFGJ_04426		Deacetylase Atu3266	m4C	m4C	4-methylcytosine	2	0.00172265
NC_003197.2	CDS	4654755	4655286	-	531	EBBPGFGJ_04427	ppa	Inorganic pyrophosphatase	m4C	m4C	4-methylcytosine	2	0.00376648
NC_003197.2	CDS	4655512	4656511	-	999	EBBPGFGJ_04428	fbp	Fructose-1%2C6-bisphosphatase class 1	m4C	m4C	4-methylcytosine	1	0.00100100
NC_003197.2	CDS	4656685	4658065	+	1380	EBBPGFGJ_04429	mpl	UDP-N-acetylmuramate--L-alanyl-gamma-D-glutamyl-meso-2%2C6-diaminoheptandioate ligase	m4C	m4C	4-methylcytosine	12	0.00869565
NC_003197.2	CDS	4658061	4658376	-	315	EBBPGFGJ_04430		hypothetical protein	m4C	m4C	4-methylcytosine	1	0.00317460
NC_003197.2	CDS	4661115	4661295	-	180	EBBPGFGJ_04433		hypothetical protein	m4C	m4C	4-methylcytosine	1	0.00555556
NC_003197.2	CDS	4663120	4663930	-	810	EBBPGFGJ_04435	iolB	5-deoxy-glucuronate isomerase	m4C	m4C	4-methylcytosine	1	0.00123457
NC_003197.2	CDS	4663954	4665460	-	1506	EBBPGFGJ_04436	bauC	Putative 3-oxopropanoate dehydrogenase	m4C	m4C	4-methylcytosine	19	0.01261620
NC_003197.2	CDS	4669030	4670374	+	1344	EBBPGFGJ_04440		hypothetical protein	m4C	m4C	4-methylcytosine	1	0.00074405
NC_003197.2	CDS	4671204	4672371	-	1167	EBBPGFGJ_04442	yfcJ_2	Uncharacterized MFS-type transporter YfcJ	m4C	m4C	4-methylcytosine	6	0.00514139
NC_003197.2	CDS	4672431	4674363	-	1932	EBBPGFGJ_04443	iolC_2	5-dehydro-2-deoxygluconokinase	m4C	m4C	4-methylcytosine	3	0.00155280
NC_003197.2	CDS	4674785	4676726	+	1941	EBBPGFGJ_04444	iolD	3D-(3%2C5/4)-trihydroxycyclohexane-1%2C2-dione hydrolase	m4C	m4C	4-methylcytosine	1	0.00051520
NC_003197.2	CDS	4678001	4679228	+	1227	EBBPGFGJ_04446	csbX	Alpha-ketoglutarate permease	m4C	m4C	4-methylcytosine	2	0.00162999
NC_003197.2	CDS	4681196	4681748	-	552	EBBPGFGJ_04449	yjgA	UPF0307 protein YjgA	m4C	m4C	4-methylcytosine	1	0.00181159
NC_003197.2	CDS	4681843	4683196	+	1353	EBBPGFGJ_04450	pmbA	Metalloprotease PmbA	m4C	m4C	4-methylcytosine	6	0.00443459
NC_003197.2	CDS	4684669	4684972	+	303	EBBPGFGJ_04454		hypothetical protein	m4C	m4C	4-methylcytosine	2	0.00660066
NC_003197.2	CDS	4684994	4685771	+	777	EBBPGFGJ_04455		hypothetical protein	m4C	m4C	4-methylcytosine	3	0.00386100
NC_003197.2	CDS	4687602	4688721	+	1119	EBBPGFGJ_04458	dgaE_2	D-glucosaminate-6-phosphate ammonia lyase	m4C	m4C	4-methylcytosine	2	0.00178731
NC_003197.2	CDS	4689474	4691388	+	1914	EBBPGFGJ_04460	licR	Probable licABCH operon regulator	m4C	m4C	4-methylcytosine	4	0.00208986
NC_003197.2	CDS	4691465	4691708	+	243	EBBPGFGJ_04461	relB	Antitoxin RelB	m4C	m4C	4-methylcytosine	1	0.00411523
NC_003197.2	CDS	4691697	4691982	+	285	EBBPGFGJ_04462	relE_2	mRNA interferase toxin RelE	m4C	m4C	4-methylcytosine	1	0.00350877
NC_003197.2	CDS	4692570	4694709	-	2139	EBBPGFGJ_04464	nrdD	Anaerobic ribonucleoside-triphosphate reductase	m4C	m4C	4-methylcytosine	2	0.00093502
NC_003197.2	CDS	4695117	4696770	-	1653	EBBPGFGJ_04465	treC	Trehalose-6-phosphate hydrolase	m4C	m4C	4-methylcytosine	6	0.00362976
NC_003197.2	CDS	4699705	4702414	+	2709	EBBPGFGJ_04469	mgtA	Magnesium-transporting ATPase%2C P-type 1	m4C	m4C	4-methylcytosine	11	0.00406054
NC_003197.2	CDS	4702529	4702976	-	447	EBBPGFGJ_04470		hypothetical protein	m4C	m4C	4-methylcytosine	1	0.00223714
NC_003197.2	CDS	4703987	4704923	-	936	EBBPGFGJ_04473	pyrB	Aspartate carbamoyltransferase catalytic subunit	m4C	m4C	4-methylcytosine	8	0.00854701
NC_003197.2	CDS	4705824	4707228	-	1404	EBBPGFGJ_04476		hypothetical protein	m4C	m4C	4-methylcytosine	3	0.00213675
NC_003197.2	CDS	4707283	4708288	-	1005	EBBPGFGJ_04477	argF	Ornithine carbamoyltransferase	m4C	m4C	4-methylcytosine	1	0.00099502
NC_003197.2	CDS	4708399	4709332	-	933	EBBPGFGJ_04478	arcC1	Carbamate kinase 1	m4C	m4C	4-methylcytosine	16	0.01714898
NC_003197.2	CDS	4711238	4711691	+	453	EBBPGFGJ_04480	tabA_2	Toxin-antitoxin biofilm protein TabA	m4C	m4C	4-methylcytosine	1	0.00220751
NC_003197.2	CDS	4711764	4712769	-	1005	EBBPGFGJ_04481	argI	Ornithine carbamoyltransferase subunit I	m4C	m4C	4-methylcytosine	1	0.00099502
NC_003197.2	CDS	4713410	4714175	+	765	EBBPGFGJ_04483		hypothetical protein	m4C	m4C	4-methylcytosine	4	0.00522876
NC_003197.2	CDS	4715701	4716889	+	1188	EBBPGFGJ_04486	yjgN	Inner membrane protein YjgN	m4C	m4C	4-methylcytosine	1	0.00084175
NC_003197.2	CDS	4717030	4719886	-	2856	EBBPGFGJ_04487	valS	Valine--tRNA ligase	m4C	m4C	4-methylcytosine	11	0.00385154
NC_003197.2	CDS	4719885	4720368	-	483	EBBPGFGJ_04488	holC	DNA polymerase III subunit chi	m4C	m4C	4-methylcytosine	3	0.00621118
NC_003197.2	CDS	4720465	4721977	-	1512	EBBPGFGJ_04489	pepA	Cytosol aminopeptidase	m4C	m4C	4-methylcytosine	3	0.00198413
NC_003197.2	CDS	4723471	4724554	+	1083	EBBPGFGJ_04491	lptG	Lipopolysaccharide export system permease protein LptG	m4C	m4C	4-methylcytosine	2	0.00184672
NC_003197.2	CDS	4725810	4727130	-	1320	EBBPGFGJ_04493	idnT	Gnt-II system L-idonate transporter	m4C	m4C	4-methylcytosine	5	0.00378788
NC_003197.2	CDS	4727980	4729012	-	1032	EBBPGFGJ_04495	idnD	L-idonate 5-dehydrogenase (NAD(P)(+))	m4C	m4C	4-methylcytosine	1	0.00096899
NC_003197.2	CDS	4729228	4729759	+	531	EBBPGFGJ_04496	gntK_2	Thermoresistant gluconokinase	m4C	m4C	4-methylcytosine	1	0.00188324
NC_003197.2	CDS	4729786	4730806	-	1020	EBBPGFGJ_04497	ahr	Aldehyde reductase Ahr	m4C	m4C	4-methylcytosine	6	0.00588235
NC_003197.2	CDS	4736694	4738779	-	2085	EBBPGFGJ_04502	lon_3	Lon protease	m4C	m4C	4-methylcytosine	3	0.00143885
NC_003197.2	CDS	4738789	4741393	-	2604	EBBPGFGJ_04503		hypothetical protein	m4C	m4C	4-methylcytosine	7	0.00268817
NC_003197.2	CDS	4741389	4742202	-	813	EBBPGFGJ_04504		hypothetical protein	m4C	m4C	4-methylcytosine	2	0.00246002
NC_003197.2	CDS	4742188	4743280	-	1092	EBBPGFGJ_04505		hypothetical protein	m4C	m4C	4-methylcytosine	4	0.00366300
NC_003197.2	CDS	4743279	4746957	-	3678	EBBPGFGJ_04506		hypothetical protein	m4C	m4C	4-methylcytosine	2	0.00054377
NC_003197.2	CDS	4747002	4750644	-	3642	EBBPGFGJ_04507		hypothetical protein	m4C	m4C	4-methylcytosine	13	0.00356947
NC_003197.2	CDS	4751254	4751863	-	609	EBBPGFGJ_04509		hypothetical protein	m4C	m4C	4-methylcytosine	1	0.00164204
NC_003197.2	CDS	4753958	4755584	-	1626	EBBPGFGJ_04513	COQ3	Ubiquinone biosynthesis O-methyltransferase%2C mitochondrial	m4C	m4C	4-methylcytosine	10	0.00615006
NC_003197.2	CDS	4760045	4760573	-	528	EBBPGFGJ_04520		hypothetical protein	m4C	m4C	4-methylcytosine	1	0.00189394
NC_003197.2	CDS	4761117	4761843	+	726	EBBPGFGJ_04521	lldR_3	Putative L-lactate dehydrogenase operon regulatory protein	m4C	m4C	4-methylcytosine	4	0.00550964
NC_003197.2	CDS	4764343	4765078	+	735	EBBPGFGJ_04524	racX	Broad specificity amino-acid racemase RacX	m4C	m4C	4-methylcytosine	3	0.00408163
NC_003197.2	CDS	4766110	4767283	-	1173	EBBPGFGJ_04526	iadA	Isoaspartyl dipeptidase	m4C	m4C	4-methylcytosine	9	0.00767263
NC_003197.2	CDS	4767295	4767757	-	462	EBBPGFGJ_04527	yjiG	Inner membrane protein YjiG	m4C	m4C	4-methylcytosine	1	0.00216450
NC_003197.2	CDS	4767753	4768425	-	672	EBBPGFGJ_04528		hypothetical protein	m4C	m4C	4-methylcytosine	1	0.00148810
NC_003197.2	CDS	4769297	4770482	-	1185	EBBPGFGJ_04529		hypothetical protein	m4C	m4C	4-methylcytosine	1	0.00084388
NC_003197.2	CDS	4770701	4771973	-	1272	EBBPGFGJ_04530		hypothetical protein	m4C	m4C	4-methylcytosine	3	0.00235849
NC_003197.2	CDS	4772059	4773301	-	1242	EBBPGFGJ_04531	mdtM	Multidrug resistance protein MdtM	m4C	m4C	4-methylcytosine	3	0.00241546
NC_003197.2	CDS	4774475	4775846	+	1371	EBBPGFGJ_04533	sad_2	Succinate semialdehyde dehydrogenase [NAD(P)+] Sad	m4C	m4C	4-methylcytosine	7	0.00510576
NC_003197.2	CDS	4776289	4776991	-	702	EBBPGFGJ_04535		hypothetical protein	m4C	m4C	4-methylcytosine	1	0.00142450
NC_003197.2	CDS	4777623	4779033	-	1410	EBBPGFGJ_04537	hsdS	Type-1 restriction enzyme EcoKI specificity protein	m4C	m4C	4-methylcytosine	4	0.00283688
NC_003197.2	CDS	4779029	4780619	-	1590	EBBPGFGJ_04538	hsdM	Type I restriction enzyme EcoKI M protein	m4C	m4C	4-methylcytosine	3	0.00188679
NC_003197.2	CDS	4780776	4784286	-	3510	EBBPGFGJ_04539		hypothetical protein	m4C	m4C	4-methylcytosine	24	0.00683761
NC_003197.2	CDS	4785940	4786243	+	303	EBBPGFGJ_04542		hypothetical protein	m4C	m4C	4-methylcytosine	2	0.00660066
NC_003197.2	CDS	4787582	4789733	-	2151	EBBPGFGJ_04545	btsT	Pyruvate/proton symporter BtsT	m4C	m4C	4-methylcytosine	10	0.00464900
NC_003197.2	CDS	4790099	4791761	+	1662	EBBPGFGJ_04546	tsr_2	Methyl-accepting chemotaxis protein I	m4C	m4C	4-methylcytosine	3	0.00180505
NC_003197.2	CDS	4792084	4794850	+	2766	EBBPGFGJ_04547	dgaR_2	Transcriptional regulatory protein DagR	m4C	m4C	4-methylcytosine	12	0.00433839
NC_003197.2	CDS	4795875	4796655	+	780	EBBPGFGJ_04550	agaC_2	N-acetylgalactosamine permease IIC component 1	m4C	m4C	4-methylcytosine	3	0.00384615
NC_003197.2	CDS	4798572	4799583	+	1011	EBBPGFGJ_04553	frlB_3	Fructosamine deglycase FrlB	m4C	m4C	4-methylcytosine	1	0.00098912
NC_003197.2	CDS	4799716	4802008	-	2292	EBBPGFGJ_04554	mdoB	Phosphoglycerol transferase I	m4C	m4C	4-methylcytosine	4	0.00174520
NC_003197.2	CDS	4802290	4802752	-	462	EBBPGFGJ_04555		hypothetical protein	m4C	m4C	4-methylcytosine	2	0.00432900
NC_003197.2	CDS	4803549	4804089	-	540	EBBPGFGJ_04557	dnaT	Primosomal protein 1	m4C	m4C	4-methylcytosine	10	0.01851852
NC_003197.2	CDS	4804181	4804655	-	474	EBBPGFGJ_04558	yjjB	UPF0442 protein YjjB	m4C	m4C	4-methylcytosine	1	0.00210970
NC_003197.2	CDS	4804645	4805590	-	945	EBBPGFGJ_04559	yjjP	Inner membrane protein YjjP	m4C	m4C	4-methylcytosine	2	0.00211640
NC_003197.2	CDS	4806134	4806860	+	726	EBBPGFGJ_04560	yjjQ	Putative transcription factor YjjQ	m4C	m4C	4-methylcytosine	1	0.00137741
NC_003197.2	CDS	4808154	4808943	-	789	EBBPGFGJ_04563	fhuF	Ferric iron reductase protein FhuF	m4C	m4C	4-methylcytosine	1	0.00126743
NC_003197.2	CDS	4811155	4812184	-	1029	EBBPGFGJ_04569	rsmC	Ribosomal RNA small subunit methyltransferase C	m4C	m4C	4-methylcytosine	8	0.00777454
NC_003197.2	CDS	4812286	4812724	+	438	EBBPGFGJ_04570	holD	DNA polymerase III subunit psi	m4C	m4C	4-methylcytosine	4	0.00913242
NC_003197.2	CDS	4813905	4815495	+	1590	EBBPGFGJ_04573	prfC	Peptide chain release factor RF3	m4C	m4C	4-methylcytosine	4	0.00251572
NC_003197.2	CDS	4815896	4816514	+	618	EBBPGFGJ_04574	osmY_3	Osmotically-inducible protein Y	m4C	m4C	4-methylcytosine	2	0.00323625
NC_003197.2	CDS	4816906	4818001	+	1095	EBBPGFGJ_04576		hypothetical protein	m4C	m4C	4-methylcytosine	1	0.00091324
NC_003197.2	CDS	4817997	4818771	+	774	EBBPGFGJ_04577	yjjV	Uncharacterized metal-dependent hydrolase YjjV	m4C	m4C	4-methylcytosine	22	0.02842377
NC_003197.2	CDS	4818803	4819667	-	864	EBBPGFGJ_04578	yjjW	Putative glycyl-radical enzyme activating enzyme YjjW	m4C	m4C	4-methylcytosine	7	0.00810185
NC_003197.2	CDS	4819638	4821189	-	1551	EBBPGFGJ_04579	yjjI	Uncharacterized protein YjjI	m4C	m4C	4-methylcytosine	8	0.00515796
NC_003197.2	CDS	4821448	4822228	+	780	EBBPGFGJ_04580	deoC	Deoxyribose-phosphate aldolase	m4C	m4C	4-methylcytosine	2	0.00256410
NC_003197.2	CDS	4822351	4823674	+	1323	EBBPGFGJ_04581	deoA	Thymidine phosphorylase	m4C	m4C	4-methylcytosine	2	0.00151172
NC_003197.2	CDS	4823725	4824949	+	1224	EBBPGFGJ_04582	deoB	Phosphopentomutase	m4C	m4C	4-methylcytosine	8	0.00653595
NC_003197.2	CDS	4825158	4825878	+	720	EBBPGFGJ_04583	deoD	Purine nucleoside phosphorylase DeoD-type	m4C	m4C	4-methylcytosine	1	0.00138889
NC_003197.2	CDS	4826484	4828893	-	2409	EBBPGFGJ_04585	yraJ	Outer membrane usher protein YraJ	m4C	m4C	4-methylcytosine	3	0.00124533
NC_003197.2	CDS	4828906	4829614	-	708	EBBPGFGJ_04586		hypothetical protein	m4C	m4C	4-methylcytosine	1	0.00141243
NC_003197.2	CDS	4829691	4830381	-	690	EBBPGFGJ_04587	gltF_1	Protein GltF	m4C	m4C	4-methylcytosine	1	0.00144928
NC_003197.2	CDS	4830428	4831118	-	690	EBBPGFGJ_04588	gltF_2	Protein GltF	m4C	m4C	4-methylcytosine	1	0.00144928
NC_003197.2	CDS	4831430	4832447	-	1017	EBBPGFGJ_04589	lplA	Lipoate-protein ligase A	m4C	m4C	4-methylcytosine	5	0.00491642
NC_003197.2	CDS	4832480	4833125	-	645	EBBPGFGJ_04590	ytjB	Probable inner membrane protein Smp	m4C	m4C	4-methylcytosine	2	0.00310078
NC_003197.2	CDS	4833241	4834210	+	969	EBBPGFGJ_04591	serB	Phosphoserine phosphatase	m4C	m4C	4-methylcytosine	2	0.00206398
NC_003197.2	CDS	4834293	4835676	+	1383	EBBPGFGJ_04592	radA	DNA repair protein RadA	m4C	m4C	4-methylcytosine	9	0.00650759
NC_003197.2	CDS	4837176	4838844	-	1668	EBBPGFGJ_04594	ettA	Energy-dependent translational throttle protein EttA	m4C	m4C	4-methylcytosine	2	0.00119904
NC_003197.2	CDS	4839052	4840990	+	1938	EBBPGFGJ_04595	slt	Soluble lytic murein transglycosylase	m4C	m4C	4-methylcytosine	7	0.00361197
NC_003197.2	CDS	4841475	4841991	-	516	EBBPGFGJ_04597	yjjX	Inosine/xanthosine triphosphatase	m4C	m4C	4-methylcytosine	1	0.00193798
NC_003197.2	tRNA	4842350	4842444	+	94	EBBPGFGJ_04598		tRNA-Gly(tcc)	m4C	m4C	4-methylcytosine	4	0.04255319
NC_003197.2	CDS	4842683	4843553	-	870	EBBPGFGJ_04599	rob_2	Right origin-binding protein	m4C	m4C	4-methylcytosine	2	0.00229885
NC_003197.2	CDS	4844250	4844940	+	690	EBBPGFGJ_04602	creB	Transcriptional regulatory protein CreB	m4C	m4C	4-methylcytosine	3	0.00434783
NC_003197.2	CDS	4844939	4846364	+	1425	EBBPGFGJ_04603	creC	Sensor protein CreC	m4C	m4C	4-methylcytosine	11	0.00771930
NC_003197.2	CDS	4846421	4847771	+	1350	EBBPGFGJ_04604	creD	Inner membrane protein CreD	m4C	m4C	4-methylcytosine	4	0.00296296
NC_003197.2	CDS	4847828	4848914	-	1086	EBBPGFGJ_04605		hypothetical protein	m4C	m4C	4-methylcytosine	1	0.00092081
NC_003197.2	CDS	4849529	4852067	-	2538	EBBPGFGJ_04607	fimD_3	Outer membrane usher protein FimD	m4C	m4C	4-methylcytosine	1	0.00039401
NC_003197.2	CDS	4852112	4852796	-	684	EBBPGFGJ_04608	lpfB_2	Probable fimbrial chaperone LpfB	m4C	m4C	4-methylcytosine	1	0.00146199
NC_003197.2	CDS	4855387	4856104	-	717	EBBPGFGJ_04612	arcA_2	Aerobic respiration control protein ArcA	m4C	m4C	4-methylcytosine	4	0.00557880
NC_003197.2	CDS	4856739	4857426	+	687	EBBPGFGJ_04613	trmL_2	tRNA (cytidine(34)-2'-O)-methyltransferase	m4C	m4C	4-methylcytosine	1	0.00145560
NC_003277.2	CDS	93	378	+	285	EBBPGFGJ_04614		hypothetical protein	m4C	m4C	4-methylcytosine	1	0.00350877
NC_003277.2	CDS	667	841	+	174	EBBPGFGJ_04616		hypothetical protein	m4C	m4C	4-methylcytosine	1	0.00574713
NC_003277.2	CDS	1919	2789	+	870	EBBPGFGJ_04619		hypothetical protein	m4C	m4C	4-methylcytosine	1	0.00114943
NC_003277.2	CDS	3690	3870	+	180	EBBPGFGJ_04620		hypothetical protein	m4C	m4C	4-methylcytosine	2	0.01111111
NC_003277.2	CDS	5638	6538	-	900	EBBPGFGJ_04623	yjiK_2	Uncharacterized protein YjiK	m4C	m4C	4-methylcytosine	2	0.00222222
NC_003277.2	CDS	7568	7919	-	351	EBBPGFGJ_04626	rcsB_2	Transcriptional regulatory protein RcsB	m4C	m4C	4-methylcytosine	1	0.00284900
NC_003277.2	CDS	10247	10940	-	693	EBBPGFGJ_04631	faeE	Chaperone protein FaeE	m4C	m4C	4-methylcytosine	1	0.00144300
NC_003277.2	CDS	10932	13341	-	2409	EBBPGFGJ_04632	fimD_4	Outer membrane usher protein FimD	m4C	m4C	4-methylcytosine	12	0.00498132
NC_003277.2	CDS	13568	14087	-	519	EBBPGFGJ_04633		hypothetical protein	m4C	m4C	4-methylcytosine	1	0.00192678
NC_003277.2	CDS	16635	17625	-	990	EBBPGFGJ_04636	repB	RepFIB replication protein A	m4C	m4C	4-methylcytosine	1	0.00101010
NC_003277.2	CDS	18898	19387	-	489	EBBPGFGJ_04637		hypothetical protein	m4C	m4C	4-methylcytosine	1	0.00204499
NC_003277.2	CDS	20909	21431	+	522	EBBPGFGJ_04641		hypothetical protein	m4C	m4C	4-methylcytosine	5	0.00957854
NC_003277.2	CDS	22256	22808	+	552	EBBPGFGJ_04643	pdeL	Cyclic di-GMP phosphodiesterase PdeL	m4C	m4C	4-methylcytosine	20	0.03623188
NC_003277.2	CDS	23476	23962	+	486	EBBPGFGJ_04645		hypothetical protein	m4C	m4C	4-methylcytosine	27	0.05555556
NC_003277.2	CDS	24238	24526	-	288	EBBPGFGJ_04646		hypothetical protein	m4C	m4C	4-methylcytosine	3	0.01041667
NC_003277.2	CDS	24681	25242	+	561	EBBPGFGJ_04647		Invasin	m4C	m4C	4-methylcytosine	1	0.00178253
NC_003277.2	CDS	28184	29960	-	1776	EBBPGFGJ_04652	spvB	Mono(ADP-ribosyl)transferase SpvB	m4C	m4C	4-methylcytosine	10	0.00563063
NC_003277.2	CDS	30141	30909	-	768	EBBPGFGJ_04654	mkaB	28.1 kDa virulence protein	m4C	m4C	4-methylcytosine	2	0.00260417
NC_003277.2	CDS	32922	33960	+	1038	EBBPGFGJ_04658		IS630 family transposase ISEc33	m4C	m4C	4-methylcytosine	1	0.00096339
NC_003277.2	CDS	34148	35117	-	969	EBBPGFGJ_04659		IS481 family transposase ISAzs36	m4C	m4C	4-methylcytosine	1	0.00103199
NC_003277.2	CDS	35106	36771	-	1665	EBBPGFGJ_04660		hypothetical protein	m4C	m4C	4-methylcytosine	1	0.00060060
NC_003277.2	CDS	36754	37315	-	561	EBBPGFGJ_04661	tnpR	Transposon Tn3 resolvase	m4C	m4C	4-methylcytosine	2	0.00356506
NC_003277.2	CDS	38916	39405	-	489	EBBPGFGJ_04663		hypothetical protein	m4C	m4C	4-methylcytosine	1	0.00204499
NC_003277.2	CDS	41856	42423	+	567	EBBPGFGJ_04667		hypothetical protein	m4C	m4C	4-methylcytosine	3	0.00529101
NC_003277.2	CDS	43810	45016	+	1206	EBBPGFGJ_04670	parA	Plasmid partition protein A	m4C	m4C	4-methylcytosine	1	0.00082919
NC_003277.2	CDS	46071	47346	-	1275	EBBPGFGJ_04672	umuC_2	Protein UmuC	m4C	m4C	4-methylcytosine	1	0.00078431
NC_003277.2	CDS	48278	48749	+	471	EBBPGFGJ_04674		hypothetical protein	m4C	m4C	4-methylcytosine	1	0.00212314
NC_003277.2	CDS	49479	50160	+	681	EBBPGFGJ_04676	yhdJ_2	DNA adenine methyltransferase YhdJ	m4C	m4C	4-methylcytosine	2	0.00293686
NC_003277.2	CDS	50436	50850	+	414	EBBPGFGJ_04678		hypothetical protein	m4C	m4C	4-methylcytosine	2	0.00483092
NC_003277.2	CDS	50921	51686	+	765	EBBPGFGJ_04679		hypothetical protein	m4C	m4C	4-methylcytosine	9	0.01176471
NC_003277.2	CDS	52181	52616	+	435	EBBPGFGJ_04680	klcA	Antirestriction protein KlcA	m4C	m4C	4-methylcytosine	1	0.00229885
NC_003277.2	CDS	53352	53676	+	324	EBBPGFGJ_04682		hypothetical protein	m4C	m4C	4-methylcytosine	2	0.00617284
NC_003277.2	CDS	55278	57276	+	1998	EBBPGFGJ_04686	noc	Nucleoid occlusion protein	m4C	m4C	4-methylcytosine	3	0.00150150
NC_003277.2	CDS	57746	58484	+	738	EBBPGFGJ_04688		hypothetical protein	m4C	m4C	4-methylcytosine	3	0.00406504
NC_003277.2	CDS	60122	60593	-	471	EBBPGFGJ_04692		hypothetical protein	m4C	m4C	4-methylcytosine	1	0.00212314
NC_003277.2	CDS	63892	64633	+	741	EBBPGFGJ_04699		hypothetical protein	m4C	m4C	4-methylcytosine	13	0.01754386
NC_003277.2	CDS	64632	66054	+	1422	EBBPGFGJ_04700		hypothetical protein	m4C	m4C	4-methylcytosine	9	0.00632911
NC_003277.2	CDS	66043	66640	+	597	EBBPGFGJ_04701		hypothetical protein	m4C	m4C	4-methylcytosine	1	0.00167504
NC_003277.2	CDS	66859	67375	+	516	EBBPGFGJ_04703	traV	Protein TraV	m4C	m4C	4-methylcytosine	4	0.00775194
NC_003277.2	CDS	68586	71235	+	2649	EBBPGFGJ_04708	traC	Protein TraC	m4C	m4C	4-methylcytosine	2	0.00075500
NC_003277.2	CDS	71209	71596	+	387	EBBPGFGJ_04709		hypothetical protein	m4C	m4C	4-methylcytosine	1	0.00258398
NC_003277.2	CDS	71592	72225	+	633	EBBPGFGJ_04710		hypothetical protein	m4C	m4C	4-methylcytosine	1	0.00157978
NC_003277.2	CDS	73525	74164	+	639	EBBPGFGJ_04713		hypothetical protein	m4C	m4C	4-methylcytosine	3	0.00469484
NC_003277.2	CDS	74200	74620	+	420	EBBPGFGJ_04714		hypothetical protein	m4C	m4C	4-methylcytosine	3	0.00714286
NC_003277.2	CDS	74616	76443	+	1827	EBBPGFGJ_04715	traN	Mating pair stabilization protein TraN	m4C	m4C	4-methylcytosine	1	0.00054735
NC_003277.2	CDS	76680	77430	+	750	EBBPGFGJ_04717		hypothetical protein	m4C	m4C	4-methylcytosine	2	0.00266667
NC_003277.2	CDS	77643	77937	+	294	EBBPGFGJ_04718	traQ	Protein TraQ	m4C	m4C	4-methylcytosine	1	0.00340136
NC_003277.2	CDS	77923	78472	+	549	EBBPGFGJ_04719		hypothetical protein	m4C	m4C	4-methylcytosine	2	0.00364299
NC_003277.2	CDS	78461	79844	+	1383	EBBPGFGJ_04720		hypothetical protein	m4C	m4C	4-methylcytosine	4	0.00289226
NC_003277.2	CDS	79840	82663	+	2823	EBBPGFGJ_04721		hypothetical protein	m4C	m4C	4-methylcytosine	5	0.00177117
NC_003277.2	CDS	83214	83940	+	726	EBBPGFGJ_04723	ylpA	Lipoprotein YlpA	m4C	m4C	4-methylcytosine	1	0.00137741
NC_003277.2	CDS	87275	92534	+	5259	EBBPGFGJ_04727	traI	Multifunctional conjugation protein TraI	m4C	m4C	4-methylcytosine	9	0.00171135
NC_003277.2	CDS	93348	93912	+	564	EBBPGFGJ_04729	finO	Fertility inhibition protein	m4C	m4C	4-methylcytosine	1	0.00177305
