replicon	feature_type	feat_start	feat_end	strand	feat_length_bp	locus_tag	gene	product	mod_code	mod_label	mod_description	raw_count	norm_count
NC_003197.2	CDS	336	2799	+	2463	EBBPGFGJ_00001	thrA	Bifunctional aspartokinase/homoserine dehydrogenase 1	m	5mC	5-methylcytosine	32	0.01299229
NC_003197.2	CDS	2800	3730	+	930	EBBPGFGJ_00002	thrB	Homoserine kinase	m	5mC	5-methylcytosine	15	0.01612903
NC_003197.2	CDS	3733	5020	+	1287	EBBPGFGJ_00003	thrC	Threonine synthase	m	5mC	5-methylcytosine	46	0.03574204
NC_003197.2	CDS	5113	5887	-	774	EBBPGFGJ_00004	yaaA	Peroxide stress resistance protein YaaA	m	5mC	5-methylcytosine	14	0.01808786
NC_003197.2	CDS	5965	7396	-	1431	EBBPGFGJ_00005	alsT_1	Amino-acid carrier protein AlsT	m	5mC	5-methylcytosine	59	0.04122991
NC_003197.2	CDS	7664	8618	+	954	EBBPGFGJ_00006	talB	Transaldolase B	m	5mC	5-methylcytosine	41	0.04297694
NC_003197.2	CDS	8728	9319	+	591	EBBPGFGJ_00007	mog	Molybdopterin adenylyltransferase	m	5mC	5-methylcytosine	33	0.05583756
NC_003197.2	CDS	9375	9942	-	567	EBBPGFGJ_00008	satP	Succinate-acetate/proton symporter SatP	m	5mC	5-methylcytosine	3	0.00529101
NC_003197.2	CDS	10091	10805	-	714	EBBPGFGJ_00009		hypothetical protein	m	5mC	5-methylcytosine	38	0.05322129
NC_003197.2	CDS	10840	11245	-	405	EBBPGFGJ_00010		hypothetical protein	m	5mC	5-methylcytosine	1	0.00246914
NC_003197.2	CDS	11592	13509	+	1917	EBBPGFGJ_00011	dnaK_1	Chaperone protein DnaK	m	5mC	5-methylcytosine	110	0.05738132
NC_003197.2	CDS	13594	14734	+	1140	EBBPGFGJ_00012	dnaJ	Chaperone protein DnaJ	m	5mC	5-methylcytosine	46	0.04035088
NC_003197.2	CDS	15013	15961	+	948	EBBPGFGJ_00013	ybdO_1	Uncharacterized HTH-type transcriptional regulator YbdO	m	5mC	5-methylcytosine	3	0.00316456
NC_003197.2	CDS	16087	16432	+	345	EBBPGFGJ_00014		hypothetical protein	m	5mC	5-methylcytosine	1	0.00289855
NC_003197.2	CDS	16492	17026	-	534	EBBPGFGJ_00015		hypothetical protein	m	5mC	5-methylcytosine	10	0.01872659
NC_003197.2	CDS	17042	17486	-	444	EBBPGFGJ_00016		hypothetical protein	m	5mC	5-methylcytosine	4	0.00900901
NC_003197.2	CDS	17866	19966	+	2100	EBBPGFGJ_00017		hypothetical protein	m	5mC	5-methylcytosine	22	0.01047619
NC_003197.2	CDS	20057	23054	+	2997	EBBPGFGJ_00018		hypothetical protein	m	5mC	5-methylcytosine	132	0.04404404
NC_003197.2	CDS	23334	24039	+	705	EBBPGFGJ_00019	iprA_1	Inhibitor of hydrogen peroxide resistance	m	5mC	5-methylcytosine	5	0.00709220
NC_003197.2	CDS	24468	25011	+	543	EBBPGFGJ_00020	elfA	Laminin-binding fimbrial subunit ElfA	m	5mC	5-methylcytosine	7	0.01289134
NC_003197.2	CDS	25111	25798	+	687	EBBPGFGJ_00021	sfmC_1	Probable fimbrial chaperone SfmC	m	5mC	5-methylcytosine	4	0.00582242
NC_003197.2	CDS	25802	28424	+	2622	EBBPGFGJ_00022	elfC_1	Probable outer membrane usher protein ElfC	m	5mC	5-methylcytosine	156	0.05949657
NC_003197.2	CDS	28424	29432	+	1008	EBBPGFGJ_00023	sfmH_1	Uncharacterized fimbrial-like protein SfmH	m	5mC	5-methylcytosine	18	0.01785714
NC_003197.2	CDS	29432	29978	+	546	EBBPGFGJ_00024	ycbU	Uncharacterized fimbrial-like protein YcbU	m	5mC	5-methylcytosine	1	0.00183150
NC_003197.2	CDS	29993	30512	+	519	EBBPGFGJ_00025	fimF_1	Protein FimF	m	5mC	5-methylcytosine	7	0.01348748
NC_003197.2	CDS	30477	31209	+	732	EBBPGFGJ_00026	ycbF	Uncharacterized fimbrial chaperone YcbF	m	5mC	5-methylcytosine	35	0.04781421
NC_003197.2	CDS	31273	32119	+	846	EBBPGFGJ_00027		hypothetical protein	m	5mC	5-methylcytosine	45	0.05319149
NC_003197.2	CDS	32544	32994	-	450	EBBPGFGJ_00029		hypothetical protein	m	5mC	5-methylcytosine	3	0.00666667
NC_003197.2	CDS	33363	34368	+	1005	EBBPGFGJ_00030	leuO_1	HTH-type transcriptional regulator LeuO	m	5mC	5-methylcytosine	13	0.01293532
NC_003197.2	CDS	34375	34816	-	441	EBBPGFGJ_00031		hypothetical protein	m	5mC	5-methylcytosine	5	0.01133787
NC_003197.2	CDS	35338	37057	+	1719	EBBPGFGJ_00032	assT_1	Arylsulfate sulfotransferase AssT	m	5mC	5-methylcytosine	8	0.00465387
NC_003197.2	CDS	37102	38665	-	1563	EBBPGFGJ_00033	mggB	Mannosylglucosyl-3-phosphoglycerate phosphatase	m	5mC	5-methylcytosine	19	0.01215611
NC_003197.2	CDS	38772	39534	-	762	EBBPGFGJ_00034		hypothetical protein	m	5mC	5-methylcytosine	4	0.00524934
NC_003197.2	CDS	40130	41624	+	1494	EBBPGFGJ_00035		N-acetylgalactosamine-6-O-sulfatase	m	5mC	5-methylcytosine	20	0.01338688
NC_003197.2	CDS	41722	42913	+	1191	EBBPGFGJ_00036	chuR_1	Anaerobic sulfatase-maturating enzyme	m	5mC	5-methylcytosine	5	0.00419815
NC_003197.2	CDS	42937	44185	+	1248	EBBPGFGJ_00037		hypothetical protein	m	5mC	5-methylcytosine	50	0.04006410
NC_003197.2	CDS	44311	46027	+	1716	EBBPGFGJ_00038	assT_2	Arylsulfate sulfotransferase AssT	m	5mC	5-methylcytosine	30	0.01748252
NC_003197.2	CDS	46189	47356	+	1167	EBBPGFGJ_00039	nhaA	Na(+)/H(+) antiporter NhaA	m	5mC	5-methylcytosine	48	0.04113111
NC_003197.2	CDS	47423	48317	+	894	EBBPGFGJ_00040	nhaR	Transcriptional activator protein NhaR	m	5mC	5-methylcytosine	14	0.01565996
NC_003197.2	CDS	48371	50411	-	2040	EBBPGFGJ_00041		hypothetical protein	m	5mC	5-methylcytosine	50	0.02450980
NC_003197.2	CDS	50450	51824	-	1374	EBBPGFGJ_00042	xylP	Isoprimeverose transporter	m	5mC	5-methylcytosine	14	0.01018923
NC_003197.2	CDS	52318	52528	+	210	EBBPGFGJ_00043		hypothetical protein	m	5mC	5-methylcytosine	12	0.05714286
NC_003197.2	CDS	52871	53810	+	939	EBBPGFGJ_00044	ribF	Bifunctional riboflavin kinase/FMN adenylyltransferase	m	5mC	5-methylcytosine	64	0.06815761
NC_003197.2	CDS	53854	56689	+	2835	EBBPGFGJ_00045	ileS	Isoleucine--tRNA ligase	m	5mC	5-methylcytosine	140	0.04938272
NC_003197.2	CDS	56688	57189	+	501	EBBPGFGJ_00046	lspA	Lipoprotein signal peptidase	m	5mC	5-methylcytosine	11	0.02195609
NC_003197.2	CDS	57343	57793	+	450	EBBPGFGJ_00047	fkpB	FKBP-type 16 kDa peptidyl-prolyl cis-trans isomerase	m	5mC	5-methylcytosine	13	0.02888889
NC_003197.2	CDS	57795	58746	+	951	EBBPGFGJ_00048	ispH	4-hydroxy-3-methylbut-2-enyl diphosphate reductase	m	5mC	5-methylcytosine	55	0.05783386
NC_003197.2	CDS	58945	60148	+	1203	EBBPGFGJ_00049		hypothetical protein	m	5mC	5-methylcytosine	3	0.00249377
NC_003197.2	CDS	60163	61084	+	921	EBBPGFGJ_00050	rihC	Non-specific ribonucleoside hydrolase RihC	m	5mC	5-methylcytosine	19	0.02062975
NC_003197.2	CDS	61105	61792	-	687	EBBPGFGJ_00051	citB	Transcriptional regulatory protein CitB	m	5mC	5-methylcytosine	3	0.00436681
NC_003197.2	CDS	61793	63452	-	1659	EBBPGFGJ_00052	citA	Sensor histidine kinase CitA	m	5mC	5-methylcytosine	5	0.00301386
NC_003197.2	CDS	63547	64849	-	1302	EBBPGFGJ_00053	oadB_1	Oxaloacetate decarboxylase beta chain	m	5mC	5-methylcytosine	118	0.09062980
NC_003197.2	CDS	64861	66637	-	1776	EBBPGFGJ_00054	oadA_1	Oxaloacetate decarboxylase alpha chain	m	5mC	5-methylcytosine	140	0.07882883
NC_003197.2	CDS	66653	66893	-	240	EBBPGFGJ_00055	oadG_1	Oxaloacetate decarboxylase gamma chain	m	5mC	5-methylcytosine	1	0.00416667
NC_003197.2	CDS	68711	69680	+	969	EBBPGFGJ_00057	citC_1	[Citrate [pro-3S]-lyase] ligase	m	5mC	5-methylcytosine	18	0.01857585
NC_003197.2	CDS	69709	70003	+	294	EBBPGFGJ_00058	citD_1	Citrate lyase acyl carrier protein	m	5mC	5-methylcytosine	2	0.00680272
NC_003197.2	CDS	69999	70869	+	870	EBBPGFGJ_00059	citE_1	Citrate lyase subunit beta	m	5mC	5-methylcytosine	70	0.08045977
NC_003197.2	CDS	70879	72400	+	1521	EBBPGFGJ_00060	citF_1	Citrate lyase alpha chain	m	5mC	5-methylcytosine	20	0.01314924
NC_003197.2	CDS	72399	72951	+	552	EBBPGFGJ_00061	citX_1	Apo-citrate lyase phosphoribosyl-dephospho-CoA transferase	m	5mC	5-methylcytosine	36	0.06521739
NC_003197.2	CDS	72928	73837	+	909	EBBPGFGJ_00062	citG_1	2-(5''-triphosphoribosyl)-3'-dephosphocoenzyme-A synthase	m	5mC	5-methylcytosine	27	0.02970297
NC_003197.2	CDS	74016	74838	+	822	EBBPGFGJ_00063	dapB	4-hydroxy-tetrahydrodipicolinate reductase	m	5mC	5-methylcytosine	37	0.04501217
NC_003197.2	CDS	75879	77028	+	1149	EBBPGFGJ_00065	carA	Carbamoyl-phosphate synthase small chain	m	5mC	5-methylcytosine	13	0.01131419
NC_003197.2	CDS	77046	80274	+	3228	EBBPGFGJ_00066	carB	Carbamoyl-phosphate synthase large chain	m	5mC	5-methylcytosine	214	0.06629492
NC_003197.2	CDS	81019	81616	-	597	EBBPGFGJ_00068	caiE	Carnitine operon protein CaiE	m	5mC	5-methylcytosine	22	0.03685092
NC_003197.2	CDS	81724	82510	-	786	EBBPGFGJ_00069	caiD	Carnitinyl-CoA dehydratase	m	5mC	5-methylcytosine	66	0.08396947
NC_003197.2	CDS	82563	84117	-	1554	EBBPGFGJ_00070	caiC	Crotonobetaine/carnitine--CoA ligase	m	5mC	5-methylcytosine	14	0.00900901
NC_003197.2	CDS	84179	85397	-	1218	EBBPGFGJ_00071	caiB	L-carnitine CoA-transferase	m	5mC	5-methylcytosine	7	0.00574713
NC_003197.2	CDS	85508	86651	-	1143	EBBPGFGJ_00072	caiA_1	Crotonobetainyl-CoA reductase	m	5mC	5-methylcytosine	50	0.04374453
NC_003197.2	CDS	86685	88203	-	1518	EBBPGFGJ_00073	caiT	L-carnitine/gamma-butyrobetaine antiporter	m	5mC	5-methylcytosine	17	0.01119895
NC_003197.2	CDS	88683	89454	+	771	EBBPGFGJ_00074	fixA_1	Protein FixA	m	5mC	5-methylcytosine	13	0.01686122
NC_003197.2	CDS	89469	90411	+	942	EBBPGFGJ_00075	fixB_1	Protein FixB	m	5mC	5-methylcytosine	113	0.11995754
NC_003197.2	CDS	90460	91747	+	1287	EBBPGFGJ_00076	dadA_1	D-amino acid dehydrogenase	m	5mC	5-methylcytosine	43	0.03341103
NC_003197.2	CDS	91743	92031	+	288	EBBPGFGJ_00077	fixX_1	Ferredoxin-like protein FixX	m	5mC	5-methylcytosine	2	0.00694444
NC_003197.2	CDS	92177	93518	+	1341	EBBPGFGJ_00078	ygcS	Inner membrane metabolite transport protein YgcS	m	5mC	5-methylcytosine	13	0.00969426
NC_003197.2	CDS	94130	94547	+	417	EBBPGFGJ_00080		hypothetical protein	m	5mC	5-methylcytosine	3	0.00719424
NC_003197.2	CDS	95958	97848	+	1890	EBBPGFGJ_00082		hypothetical protein	m	5mC	5-methylcytosine	34	0.01798942
NC_003197.2	CDS	98254	98785	+	531	EBBPGFGJ_00083	kefF	Glutathione-regulated potassium-efflux system ancillary protein KefF	m	5mC	5-methylcytosine	20	0.03766478
NC_003197.2	CDS	98777	100640	+	1863	EBBPGFGJ_00084	kefC_1	Glutathione-regulated potassium-efflux system protein KefC	m	5mC	5-methylcytosine	41	0.02200751
NC_003197.2	CDS	100838	101318	+	480	EBBPGFGJ_00085		IS1595 family transposase ISSsu9	m	5mC	5-methylcytosine	12	0.02500000
NC_003197.2	CDS	101423	102272	-	849	EBBPGFGJ_00086	apaH	Bis(5'-nucleosyl)-tetraphosphatase%2C symmetrical	m	5mC	5-methylcytosine	14	0.01648999
NC_003197.2	CDS	102282	102660	-	378	EBBPGFGJ_00087	apaG	Protein ApaG	m	5mC	5-methylcytosine	12	0.03174603
NC_003197.2	CDS	102662	103484	-	822	EBBPGFGJ_00088	rsmA	Ribosomal RNA small subunit methyltransferase A	m	5mC	5-methylcytosine	10	0.01216545
NC_003197.2	CDS	103480	104470	-	990	EBBPGFGJ_00089	pdxA	4-hydroxythreonine-4-phosphate dehydrogenase	m	5mC	5-methylcytosine	37	0.03737374
NC_003197.2	CDS	104469	105756	-	1287	EBBPGFGJ_00090	surA	Chaperone SurA	m	5mC	5-methylcytosine	61	0.04739705
NC_003197.2	CDS	105809	108170	-	2361	EBBPGFGJ_00091	lptD	LPS-assembly protein LptD	m	5mC	5-methylcytosine	11	0.00465904
NC_003197.2	CDS	108423	109236	+	813	EBBPGFGJ_00092	djlA	Co-chaperone protein DjlA	m	5mC	5-methylcytosine	6	0.00738007
NC_003197.2	CDS	109330	109990	-	660	EBBPGFGJ_00093	rluA	Dual-specificity RNA pseudouridine synthase RluA	m	5mC	5-methylcytosine	50	0.07575758
NC_003197.2	CDS	110001	112908	-	2907	EBBPGFGJ_00094	rapA	RNA polymerase-associated protein RapA	m	5mC	5-methylcytosine	111	0.03818369
NC_003197.2	CDS	113081	115433	-	2352	EBBPGFGJ_00095	polB	DNA polymerase II	m	5mC	5-methylcytosine	90	0.03826531
NC_003197.2	CDS	115476	116097	-	621	EBBPGFGJ_00096		hypothetical protein	m	5mC	5-methylcytosine	12	0.01932367
NC_003197.2	CDS	116815	117235	+	420	EBBPGFGJ_00097		hypothetical protein	m	5mC	5-methylcytosine	1	0.00238095
NC_003197.2	CDS	117240	117936	-	696	EBBPGFGJ_00098	araD	L-ribulose-5-phosphate 4-epimerase AraD	m	5mC	5-methylcytosine	4	0.00574713
NC_003197.2	CDS	118076	119579	-	1503	EBBPGFGJ_00099	araA	L-arabinose isomerase	m	5mC	5-methylcytosine	13	0.00864937
NC_003197.2	CDS	119589	121299	-	1710	EBBPGFGJ_00100	araB	Ribulokinase	m	5mC	5-methylcytosine	109	0.06374269
NC_003197.2	CDS	121639	122485	+	846	EBBPGFGJ_00101	araC	Arabinose operon regulatory protein	m	5mC	5-methylcytosine	26	0.03073286
NC_003197.2	CDS	122603	123371	+	768	EBBPGFGJ_00102	yabI	Inner membrane protein YabI	m	5mC	5-methylcytosine	11	0.01432292
NC_003197.2	CDS	123409	124117	-	708	EBBPGFGJ_00103	thiQ	Thiamine import ATP-binding protein ThiQ	m	5mC	5-methylcytosine	32	0.04519774
NC_003197.2	CDS	124100	125711	-	1611	EBBPGFGJ_00104		hypothetical protein	m	5mC	5-methylcytosine	96	0.05959032
NC_003197.2	CDS	125686	126670	-	984	EBBPGFGJ_00105	thiB	Thiamine-binding periplasmic protein	m	5mC	5-methylcytosine	20	0.02032520
NC_003197.2	CDS	126847	128506	-	1659	EBBPGFGJ_00106	sgrR_1	HTH-type transcriptional regulator SgrR	m	5mC	5-methylcytosine	45	0.02712477
NC_003197.2	CDS	129056	129662	-	606	EBBPGFGJ_00108	leuD1	3-isopropylmalate dehydratase small subunit 1	m	5mC	5-methylcytosine	12	0.01980198
NC_003197.2	CDS	129672	131073	-	1401	EBBPGFGJ_00109	leuC1	3-isopropylmalate dehydratase large subunit 1	m	5mC	5-methylcytosine	53	0.03783012
NC_003197.2	CDS	131075	132167	-	1092	EBBPGFGJ_00110	leuB	3-isopropylmalate dehydrogenase	m	5mC	5-methylcytosine	40	0.03663004
NC_003197.2	CDS	132166	133738	-	1572	EBBPGFGJ_00111	leuA	2-isopropylmalate synthase	m	5mC	5-methylcytosine	47	0.02989822
NC_003197.2	CDS	134568	135513	+	945	EBBPGFGJ_00112	leuO_2	HTH-type transcriptional regulator LeuO	m	5mC	5-methylcytosine	3	0.00317460
NC_003197.2	CDS	135921	137559	+	1638	EBBPGFGJ_00113	ilvI	Acetolactate synthase isozyme 3 large subunit	m	5mC	5-methylcytosine	32	0.01953602
NC_003197.2	CDS	137558	138053	+	495	EBBPGFGJ_00114	ilvH	Acetolactate synthase isozyme 3 small subunit	m	5mC	5-methylcytosine	31	0.06262626
NC_003197.2	CDS	138336	139341	+	1005	EBBPGFGJ_00115	cra	Catabolite repressor/activator	m	5mC	5-methylcytosine	23	0.02288557
NC_003197.2	CDS	139946	140405	+	459	EBBPGFGJ_00116	mraZ	Transcriptional regulator MraZ	m	5mC	5-methylcytosine	4	0.00871460
NC_003197.2	CDS	140406	141348	+	942	EBBPGFGJ_00117	rsmH	Ribosomal RNA small subunit methyltransferase H	m	5mC	5-methylcytosine	30	0.03184713
NC_003197.2	CDS	141344	141710	+	366	EBBPGFGJ_00118	ftsL	Cell division protein FtsL	m	5mC	5-methylcytosine	14	0.03825137
NC_003197.2	CDS	141725	143492	+	1767	EBBPGFGJ_00119	ftsI_1	Peptidoglycan D%2CD-transpeptidase FtsI	m	5mC	5-methylcytosine	39	0.02207131
NC_003197.2	CDS	143478	144966	+	1488	EBBPGFGJ_00120	murE	UDP-N-acetylmuramoyl-L-alanyl-D-glutamate--2%2C6-diaminopimelate ligase	m	5mC	5-methylcytosine	75	0.05040323
NC_003197.2	CDS	144962	146321	+	1359	EBBPGFGJ_00121	murF	UDP-N-acetylmuramoyl-tripeptide--D-alanyl-D-alanine ligase	m	5mC	5-methylcytosine	53	0.03899926
NC_003197.2	CDS	146314	147397	+	1083	EBBPGFGJ_00122	mraY	Phospho-N-acetylmuramoyl-pentapeptide-transferase	m	5mC	5-methylcytosine	6	0.00554017
NC_003197.2	CDS	147399	148716	+	1317	EBBPGFGJ_00123	murD	UDP-N-acetylmuramoylalanine--D-glutamate ligase	m	5mC	5-methylcytosine	38	0.02885345
NC_003197.2	CDS	148715	149960	+	1245	EBBPGFGJ_00124	ftsW	Probable peptidoglycan glycosyltransferase FtsW	m	5mC	5-methylcytosine	10	0.00803213
NC_003197.2	CDS	149956	151024	+	1068	EBBPGFGJ_00125	murG	UDP-N-acetylglucosamine--N-acetylmuramyl-(pentapeptide) pyrophosphoryl-undecaprenol N-acetylglucosamine transferase	m	5mC	5-methylcytosine	50	0.04681648
NC_003197.2	CDS	151142	152618	+	1476	EBBPGFGJ_00126	murC	UDP-N-acetylmuramate--L-alanine ligase	m	5mC	5-methylcytosine	75	0.05081301
NC_003197.2	CDS	152610	153531	+	921	EBBPGFGJ_00127	ddlB	D-alanine--D-alanine ligase B	m	5mC	5-methylcytosine	23	0.02497286
NC_003197.2	CDS	153532	154363	+	831	EBBPGFGJ_00128	ftsQ	Cell division protein FtsQ	m	5mC	5-methylcytosine	7	0.00842359
NC_003197.2	CDS	154359	155622	+	1263	EBBPGFGJ_00129	ftsA_1	Cell division protein FtsA	m	5mC	5-methylcytosine	44	0.03483769
NC_003197.2	CDS	155682	156834	+	1152	EBBPGFGJ_00130	ftsZ	Cell division protein FtsZ	m	5mC	5-methylcytosine	88	0.07638889
NC_003197.2	CDS	156934	157852	+	918	EBBPGFGJ_00131	lpxC	UDP-3-O-acyl-N-acetylglucosamine deacetylase	m	5mC	5-methylcytosine	4	0.00435730
NC_003197.2	CDS	158129	158627	+	498	EBBPGFGJ_00132	secM	Secretion monitor	m	5mC	5-methylcytosine	22	0.04417671
NC_003197.2	CDS	158688	161394	+	2706	EBBPGFGJ_00133	secA	Protein translocase subunit SecA	m	5mC	5-methylcytosine	67	0.02475979
NC_003197.2	CDS	161545	161941	+	396	EBBPGFGJ_00134	mutT	8-oxo-dGTP diphosphatase	m	5mC	5-methylcytosine	4	0.01010101
NC_003197.2	CDS	162262	162454	-	192	EBBPGFGJ_00135	yacG	DNA gyrase inhibitor YacG	m	5mC	5-methylcytosine	2	0.01041667
NC_003197.2	CDS	162463	163207	-	744	EBBPGFGJ_00136	zapD	Cell division protein ZapD	m	5mC	5-methylcytosine	7	0.00940860
NC_003197.2	CDS	163206	163827	-	621	EBBPGFGJ_00137	coaE	Dephospho-CoA kinase	m	5mC	5-methylcytosine	28	0.04508857
NC_003197.2	CDS	164052	165096	+	1044	EBBPGFGJ_00138	guaC	GMP reductase	m	5mC	5-methylcytosine	20	0.01915709
NC_003197.2	CDS	165126	166329	-	1203	EBBPGFGJ_00139	epsF	Type II secretion system protein F	m	5mC	5-methylcytosine	49	0.04073150
NC_003197.2	CDS	166318	167704	-	1386	EBBPGFGJ_00140	epsE	Type II secretion system protein E	m	5mC	5-methylcytosine	26	0.01875902
NC_003197.2	CDS	167713	168151	-	438	EBBPGFGJ_00141		hypothetical protein	m	5mC	5-methylcytosine	8	0.01826484
NC_003197.2	CDS	168372	169266	-	894	EBBPGFGJ_00142	nadC	Nicotinate-nucleotide pyrophosphorylase [carboxylating]	m	5mC	5-methylcytosine	44	0.04921700
NC_003197.2	CDS	169353	169917	+	564	EBBPGFGJ_00143	ampD	1%2C6-anhydro-N-acetylmuramyl-L-alanine amidase AmpD	m	5mC	5-methylcytosine	4	0.00709220
NC_003197.2	CDS	169913	170768	+	855	EBBPGFGJ_00144	ampE	Protein AmpE	m	5mC	5-methylcytosine	11	0.01286550
NC_003197.2	CDS	170859	171810	-	951	EBBPGFGJ_00145		Extracellular exo-alpha-(1->5)-L-arabinofuranosidase	m	5mC	5-methylcytosine	11	0.01156677
NC_003197.2	CDS	171809	173216	-	1407	EBBPGFGJ_00146	yicJ_1	Inner membrane symporter YicJ	m	5mC	5-methylcytosine	5	0.00355366
NC_003197.2	CDS	173379	174750	-	1371	EBBPGFGJ_00147	aroP	Aromatic amino acid transport protein AroP	m	5mC	5-methylcytosine	45	0.03282276
NC_003197.2	CDS	175315	176080	+	765	EBBPGFGJ_00148	pdhR_1	Pyruvate dehydrogenase complex repressor	m	5mC	5-methylcytosine	82	0.10718954
NC_003197.2	CDS	176239	178903	+	2664	EBBPGFGJ_00149	aceE	Pyruvate dehydrogenase E1 component	m	5mC	5-methylcytosine	51	0.01914414
NC_003197.2	CDS	178917	180807	+	1890	EBBPGFGJ_00150	aceF	Dihydrolipoyllysine-residue acetyltransferase component of pyruvate dehydrogenase complex	m	5mC	5-methylcytosine	47	0.02486772
NC_003197.2	CDS	181006	182431	+	1425	EBBPGFGJ_00151	lpdA	Dihydrolipoyl dehydrogenase	m	5mC	5-methylcytosine	44	0.03087719
NC_003197.2	CDS	182719	183004	+	285	EBBPGFGJ_00152		hypothetical protein	m	5mC	5-methylcytosine	6	0.02105263
NC_003197.2	CDS	183041	183833	-	792	EBBPGFGJ_00153		hypothetical protein	m	5mC	5-methylcytosine	18	0.02272727
NC_003197.2	CDS	183845	185468	-	1623	EBBPGFGJ_00154		hypothetical protein	m	5mC	5-methylcytosine	83	0.05113986
NC_003197.2	CDS	185856	188454	+	2598	EBBPGFGJ_00155	acnB	Aconitate hydratase B	m	5mC	5-methylcytosine	119	0.04580446
NC_003197.2	CDS	189602	189965	+	363	EBBPGFGJ_00157	yacL	UPF0231 protein YacL	m	5mC	5-methylcytosine	1	0.00275482
NC_003197.2	CDS	190199	191153	+	954	EBBPGFGJ_00158	kdgT_1	2-keto-3-deoxygluconate permease	m	5mC	5-methylcytosine	25	0.02620545
NC_003197.2	CDS	191149	192421	+	1272	EBBPGFGJ_00159	dtnK	D-threonate kinase	m	5mC	5-methylcytosine	82	0.06446541
NC_003197.2	CDS	192410	193394	+	984	EBBPGFGJ_00160	pdxA2	D-threonate 4-phosphate dehydrogenase	m	5mC	5-methylcytosine	46	0.04674797
NC_003197.2	CDS	193403	194171	+	768	EBBPGFGJ_00161	glcR_1	HTH-type transcriptional repressor GlcR	m	5mC	5-methylcytosine	12	0.01562500
NC_003197.2	CDS	194200	194995	-	795	EBBPGFGJ_00162	speD	S-adenosylmethionine decarboxylase proenzyme	m	5mC	5-methylcytosine	7	0.00880503
NC_003197.2	CDS	195015	195876	-	861	EBBPGFGJ_00163	speE	Polyamine aminopropyltransferase	m	5mC	5-methylcytosine	41	0.04761905
NC_003197.2	CDS	196531	198142	+	1611	EBBPGFGJ_00165	cueO	Blue copper oxidase CueO	m	5mC	5-methylcytosine	26	0.01613904
NC_003197.2	CDS	198219	200610	-	2391	EBBPGFGJ_00166	gcd	Quinoprotein glucose dehydrogenase	m	5mC	5-methylcytosine	76	0.03178586
NC_003197.2	CDS	201409	202072	-	663	EBBPGFGJ_00168	can	Carbonic anhydrase 2	m	5mC	5-methylcytosine	2	0.00301659
NC_003197.2	CDS	202180	203107	+	927	EBBPGFGJ_00169	yadG	Uncharacterized ABC transporter ATP-binding protein YadG	m	5mC	5-methylcytosine	11	0.01186624
NC_003197.2	CDS	203103	203874	+	771	EBBPGFGJ_00170	yadH	Inner membrane transport permease YadH	m	5mC	5-methylcytosine	8	0.01037613
NC_003197.2	CDS	203990	205070	-	1080	EBBPGFGJ_00171	lpfD_1	Probable minor fimbrial subunit LpfD	m	5mC	5-methylcytosine	4	0.00370370
NC_003197.2	CDS	205078	207637	-	2559	EBBPGFGJ_00172	fimD_1	Outer membrane usher protein FimD	m	5mC	5-methylcytosine	176	0.06877687
NC_003197.2	CDS	207651	208335	-	684	EBBPGFGJ_00173	fimC_1	Chaperone protein FimC	m	5mC	5-methylcytosine	2	0.00292398
NC_003197.2	CDS	208382	208922	-	540	EBBPGFGJ_00174	fimA_1	Type-1 fimbrial protein%2C A chain	m	5mC	5-methylcytosine	2	0.00370370
NC_003197.2	CDS	209292	209733	+	441	EBBPGFGJ_00175		hypothetical protein	m	5mC	5-methylcytosine	5	0.01133787
NC_003197.2	CDS	209794	211024	+	1230	EBBPGFGJ_00176		hypothetical protein	m	5mC	5-methylcytosine	14	0.01138211
NC_003197.2	CDS	211030	211411	-	381	EBBPGFGJ_00177	panD	Aspartate 1-decarboxylase	m	5mC	5-methylcytosine	10	0.02624672
NC_003197.2	CDS	211505	212360	-	855	EBBPGFGJ_00178	panC	Pantothenate synthetase	m	5mC	5-methylcytosine	28	0.03274854
NC_003197.2	CDS	212485	213277	-	792	EBBPGFGJ_00179	panB	3-methyl-2-oxobutanoate hydroxymethyltransferase	m	5mC	5-methylcytosine	52	0.06565657
NC_003197.2	CDS	213397	213877	-	480	EBBPGFGJ_00180	folK	2-amino-4-hydroxy-6-hydroxymethyldihydropteridine pyrophosphokinase	m	5mC	5-methylcytosine	56	0.11666667
NC_003197.2	CDS	213873	215292	-	1419	EBBPGFGJ_00181	pcnB	Poly(A) polymerase I	m	5mC	5-methylcytosine	47	0.03312192
NC_003197.2	CDS	215432	216374	-	942	EBBPGFGJ_00182	gluQ	Glutamyl-Q tRNA(Asp) synthetase	m	5mC	5-methylcytosine	34	0.03609342
NC_003197.2	CDS	216397	216853	-	456	EBBPGFGJ_00183	dksA	RNA polymerase-binding transcription factor DksA	m	5mC	5-methylcytosine	7	0.01535088
NC_003197.2	CDS	217029	217734	-	705	EBBPGFGJ_00184	sfsA	Sugar fermentation stimulation protein A	m	5mC	5-methylcytosine	3	0.00425532
NC_003197.2	CDS	217750	218281	-	531	EBBPGFGJ_00185	thpR	RNA 2'%2C3'-cyclic phosphodiesterase	m	5mC	5-methylcytosine	57	0.10734463
NC_003197.2	CDS	218308	220783	+	2475	EBBPGFGJ_00186	hrpB	ATP-dependent RNA helicase HrpB	m	5mC	5-methylcytosine	83	0.03353535
NC_003197.2	CDS	220923	223446	+	2523	EBBPGFGJ_00187	mrcB	Penicillin-binding protein 1B	m	5mC	5-methylcytosine	43	0.01704320
NC_003197.2	CDS	223738	225928	+	2190	EBBPGFGJ_00188	fhuA_1	Ferrichrome outer membrane transporter/phage receptor	m	5mC	5-methylcytosine	9	0.00410959
NC_003197.2	CDS	225976	226774	+	798	EBBPGFGJ_00189	fhuC	Iron(3+)-hydroxamate import ATP-binding protein FhuC	m	5mC	5-methylcytosine	76	0.09523810
NC_003197.2	CDS	226773	227664	+	891	EBBPGFGJ_00190	fhuD	Iron(3+)-hydroxamate-binding protein FhuD	m	5mC	5-methylcytosine	63	0.07070707
NC_003197.2	CDS	227660	229718	+	2058	EBBPGFGJ_00191	fhuB	Iron(3+)-hydroxamate import system permease protein FhuB	m	5mC	5-methylcytosine	131	0.06365403
NC_003197.2	CDS	229754	229961	+	207	EBBPGFGJ_00192		hypothetical protein	m	5mC	5-methylcytosine	1	0.00483092
NC_003197.2	CDS	230657	231218	+	561	EBBPGFGJ_00193	smfA	Fimbria A protein	m	5mC	5-methylcytosine	4	0.00713012
NC_003197.2	CDS	231303	233961	+	2658	EBBPGFGJ_00194	papC_1	Outer membrane usher protein PapC	m	5mC	5-methylcytosine	59	0.02219714
NC_003197.2	CDS	233978	234731	+	753	EBBPGFGJ_00195	yfcS	Probable fimbrial chaperone YfcS	m	5mC	5-methylcytosine	5	0.00664011
NC_003197.2	CDS	234749	235262	+	513	EBBPGFGJ_00196	yfcR	Uncharacterized fimbrial-like protein YfcR	m	5mC	5-methylcytosine	34	0.06627680
NC_003197.2	CDS	235258	235735	+	477	EBBPGFGJ_00197	yfcQ	Uncharacterized fimbrial-like protein YfcQ	m	5mC	5-methylcytosine	1	0.00209644
NC_003197.2	CDS	235734	236265	+	531	EBBPGFGJ_00198	yfcP	Uncharacterized fimbrial-like protein YfcP	m	5mC	5-methylcytosine	11	0.02071563
NC_003197.2	CDS	236264	237104	+	840	EBBPGFGJ_00199	yfcO	Uncharacterized protein YfcO	m	5mC	5-methylcytosine	6	0.00714286
NC_003197.2	CDS	237211	238492	-	1281	EBBPGFGJ_00200	hemL	Glutamate-1-semialdehyde 2%2C1-aminomutase	m	5mC	5-methylcytosine	161	0.12568306
NC_003197.2	CDS	238661	240083	+	1422	EBBPGFGJ_00201	clcA	H(+)/Cl(-) exchange transporter ClcA	m	5mC	5-methylcytosine	20	0.01406470
NC_003197.2	CDS	240164	240509	+	345	EBBPGFGJ_00202	erpA	Iron-sulfur cluster insertion protein ErpA	m	5mC	5-methylcytosine	1	0.00289855
NC_003197.2	CDS	240609	241233	-	624	EBBPGFGJ_00203	yadS	UPF0126 inner membrane protein YadS	m	5mC	5-methylcytosine	12	0.01923077
NC_003197.2	CDS	241269	242070	-	801	EBBPGFGJ_00204	btuF	Vitamin B12-binding protein	m	5mC	5-methylcytosine	25	0.03121099
NC_003197.2	CDS	242062	242761	-	699	EBBPGFGJ_00205	mtnN	5'-methylthioadenosine/S-adenosylhomocysteine nucleosidase	m	5mC	5-methylcytosine	48	0.06866953
NC_003197.2	CDS	242845	244363	+	1518	EBBPGFGJ_00206	dgt	Deoxyguanosinetriphosphate triphosphohydrolase	m	5mC	5-methylcytosine	23	0.01515152
NC_003197.2	CDS	244492	245920	+	1428	EBBPGFGJ_00207	degP	Periplasmic serine endoprotease DegP	m	5mC	5-methylcytosine	49	0.03431373
NC_003197.2	CDS	246072	247230	+	1158	EBBPGFGJ_00208	cdaR	Carbohydrate diacid regulator	m	5mC	5-methylcytosine	22	0.01899827
NC_003197.2	CDS	247318	247705	-	387	EBBPGFGJ_00209		hypothetical protein	m	5mC	5-methylcytosine	4	0.01033592
NC_003197.2	CDS	247951	249253	+	1302	EBBPGFGJ_00210	abaF	Fosfomycin resistance protein AbaF	m	5mC	5-methylcytosine	9	0.00691244
NC_003197.2	CDS	249289	250114	-	825	EBBPGFGJ_00211	dapD	2%2C3%2C4%2C5-tetrahydropyridine-2%2C6-dicarboxylate N-succinyltransferase	m	5mC	5-methylcytosine	16	0.01939394
NC_003197.2	CDS	250143	252816	-	2673	EBBPGFGJ_00212	glnD	Bifunctional uridylyltransferase/uridylyl-removing enzyme	m	5mC	5-methylcytosine	118	0.04414516
NC_003197.2	CDS	253052	253847	-	795	EBBPGFGJ_00213	map	Methionine aminopeptidase	m	5mC	5-methylcytosine	16	0.02012579
NC_003197.2	CDS	254297	255023	+	726	EBBPGFGJ_00214	rpsB	30S ribosomal protein S2	m	5mC	5-methylcytosine	19	0.02617080
NC_003197.2	CDS	255208	256132	+	924	EBBPGFGJ_00215	tsf	Elongation factor Ts	m	5mC	5-methylcytosine	21	0.02272727
NC_003197.2	CDS	256276	257002	+	726	EBBPGFGJ_00216	pyrH	Uridylate kinase	m	5mC	5-methylcytosine	28	0.03856749
NC_003197.2	CDS	257148	257706	+	558	EBBPGFGJ_00217	frr	Ribosome-recycling factor	m	5mC	5-methylcytosine	4	0.00716846
NC_003197.2	CDS	257846	259043	+	1197	EBBPGFGJ_00218	dxr	1-deoxy-D-xylulose 5-phosphate reductoisomerase	m	5mC	5-methylcytosine	69	0.05764411
NC_003197.2	CDS	259424	260114	+	690	EBBPGFGJ_00219	ispU	Ditrans%2Cpolycis-undecaprenyl-diphosphate synthase ((2E%2C6E)-farnesyl-diphosphate specific)	m	5mC	5-methylcytosine	3	0.00434783
NC_003197.2	CDS	260126	260984	+	858	EBBPGFGJ_00220	cdsA	Phosphatidate cytidylyltransferase	m	5mC	5-methylcytosine	7	0.00815851
NC_003197.2	CDS	260995	262348	+	1353	EBBPGFGJ_00221	rseP	Regulator of sigma-E protease RseP	m	5mC	5-methylcytosine	26	0.01921656
NC_003197.2	CDS	262379	264794	+	2415	EBBPGFGJ_00222	bamA	Outer membrane protein assembly factor BamA	m	5mC	5-methylcytosine	50	0.02070393
NC_003197.2	CDS	264916	265402	+	486	EBBPGFGJ_00223	skp	Chaperone protein Skp	m	5mC	5-methylcytosine	1	0.00205761
NC_003197.2	CDS	265405	266431	+	1026	EBBPGFGJ_00224	lpxD	UDP-3-O-(3-hydroxymyristoyl)glucosamine N-acyltransferase	m	5mC	5-methylcytosine	38	0.03703704
NC_003197.2	CDS	266536	266992	+	456	EBBPGFGJ_00225	fabZ	3-hydroxyacyl-[acyl-carrier-protein] dehydratase FabZ	m	5mC	5-methylcytosine	3	0.00657895
NC_003197.2	CDS	266995	267784	+	789	EBBPGFGJ_00226	lpxA	Acyl-[acyl-carrier-protein]--UDP-N-acetylglucosamine O-acyltransferase	m	5mC	5-methylcytosine	8	0.01013942
NC_003197.2	CDS	267783	268932	+	1149	EBBPGFGJ_00227	lpxB	Lipid-A-disaccharide synthase	m	5mC	5-methylcytosine	60	0.05221932
NC_003197.2	CDS	268928	269525	+	597	EBBPGFGJ_00228	rnhB	Ribonuclease HII	m	5mC	5-methylcytosine	13	0.02177554
NC_003197.2	CDS	269548	273031	+	3483	EBBPGFGJ_00229	dnaE	DNA polymerase III subunit alpha	m	5mC	5-methylcytosine	80	0.02296871
NC_003197.2	CDS	273043	274003	+	960	EBBPGFGJ_00230	accA	Acetyl-coenzyme A carboxylase carboxyl transferase subunit alpha	m	5mC	5-methylcytosine	34	0.03541667
NC_003197.2	CDS	274183	275947	+	1764	EBBPGFGJ_00231		hypothetical protein	m	5mC	5-methylcytosine	34	0.01927438
NC_003197.2	CDS	276022	278164	+	2142	EBBPGFGJ_00232	ldcC	Constitutive lysine decarboxylase	m	5mC	5-methylcytosine	29	0.01353875
NC_003197.2	CDS	278219	278609	+	390	EBBPGFGJ_00233		hypothetical protein	m	5mC	5-methylcytosine	4	0.01025641
NC_003197.2	CDS	278671	279964	+	1293	EBBPGFGJ_00234	tilS	tRNA(Ile)-lysidine synthase	m	5mC	5-methylcytosine	61	0.04717711
NC_003197.2	CDS	280047	280308	-	261	EBBPGFGJ_00235	rof	Protein rof	m	5mC	5-methylcytosine	1	0.00383142
NC_003197.2	CDS	280692	281238	+	546	EBBPGFGJ_00237	yaeQ	Uncharacterized protein YaeQ	m	5mC	5-methylcytosine	12	0.02197802
NC_003197.2	CDS	281234	281657	+	423	EBBPGFGJ_00238	arfB	Peptidyl-tRNA hydrolase ArfB	m	5mC	5-methylcytosine	7	0.01654846
NC_003197.2	CDS	281688	282219	+	531	EBBPGFGJ_00239	nlpE	Lipoprotein NlpE	m	5mC	5-methylcytosine	8	0.01506591
NC_003197.2	CDS	282467	284186	-	1719	EBBPGFGJ_00240	proS	Proline--tRNA ligase	m	5mC	5-methylcytosine	64	0.03723095
NC_003197.2	CDS	284296	285004	-	708	EBBPGFGJ_00241	trmO	tRNA (adenine(37)-N6)-methyltransferase	m	5mC	5-methylcytosine	32	0.04519774
NC_003197.2	CDS	285000	285405	-	405	EBBPGFGJ_00242	rcsF	Outer membrane lipoprotein RcsF	m	5mC	5-methylcytosine	5	0.01234568
NC_003197.2	CDS	285523	286339	-	816	EBBPGFGJ_00243	metQ_1	D-methionine-binding lipoprotein MetQ	m	5mC	5-methylcytosine	7	0.00857843
NC_003197.2	CDS	286377	287031	-	654	EBBPGFGJ_00244	metI	D-methionine transport system permease protein MetI	m	5mC	5-methylcytosine	16	0.02446483
NC_003197.2	CDS	287023	288055	-	1032	EBBPGFGJ_00245	metN_1	Methionine import ATP-binding protein MetN	m	5mC	5-methylcytosine	37	0.03585271
NC_003197.2	CDS	288244	288811	+	567	EBBPGFGJ_00246	gmhB	D-glycero-beta-D-manno-heptose-1%2C7-bisphosphate 7-phosphatase	m	5mC	5-methylcytosine	18	0.03174603
NC_003197.2	rRNA	289182	290720	+	1538	EBBPGFGJ_00247		16S ribosomal RNA	m	5mC	5-methylcytosine	73	0.04746424
NC_003197.2	tRNA	290790	290867	+	77	EBBPGFGJ_00248		tRNA-Ile(gat)	m	5mC	5-methylcytosine	1	0.01298701
NC_003197.2	tRNA	290976	291052	+	76	EBBPGFGJ_00249		tRNA-Ala(tgc)	m	5mC	5-methylcytosine	4	0.05263158
NC_003197.2	rRNA	291236	294324	+	3088	EBBPGFGJ_00250		23S ribosomal RNA	m	5mC	5-methylcytosine	59	0.01910622
NC_003197.2	rRNA	294523	294634	+	111	EBBPGFGJ_00251		5S ribosomal RNA	m	5mC	5-methylcytosine	3	0.02702703
NC_003197.2	tRNA	294828	294905	+	77	EBBPGFGJ_00252		tRNA-Asp(gtc)	m	5mC	5-methylcytosine	1	0.01298701
NC_003197.2	CDS	295069	295873	+	804	EBBPGFGJ_00253	dkgB	2%2C5-diketo-D-gluconic acid reductase B	m	5mC	5-methylcytosine	10	0.01243781
NC_003197.2	CDS	295893	296808	-	915	EBBPGFGJ_00254	dmlR_1	HTH-type transcriptional regulator DmlR	m	5mC	5-methylcytosine	33	0.03606557
NC_003197.2	CDS	296912	298088	+	1176	EBBPGFGJ_00255	ydhP	Inner membrane transport protein YdhP	m	5mC	5-methylcytosine	11	0.00935374
NC_003197.2	CDS	298219	299020	+	801	EBBPGFGJ_00256		hypothetical protein	m	5mC	5-methylcytosine	24	0.02996255
NC_003197.2	CDS	299097	299868	+	771	EBBPGFGJ_00257	ycgJ	Uncharacterized methyltransferase YcgJ	m	5mC	5-methylcytosine	12	0.01556420
NC_003197.2	CDS	299923	301144	-	1221	EBBPGFGJ_00258	mltD	Membrane-bound lytic murein transglycosylase D	m	5mC	5-methylcytosine	29	0.02375102
NC_003197.2	CDS	301362	302118	-	756	EBBPGFGJ_00259	gloB	Hydroxyacylglutathione hydrolase	m	5mC	5-methylcytosine	6	0.00793651
NC_003197.2	CDS	302152	302875	+	723	EBBPGFGJ_00260		hypothetical protein	m	5mC	5-methylcytosine	6	0.00829876
NC_003197.2	CDS	302871	303339	-	468	EBBPGFGJ_00261	rnhA	Ribonuclease HI	m	5mC	5-methylcytosine	3	0.00641026
NC_003197.2	CDS	303393	304134	+	741	EBBPGFGJ_00262	dnaQ	DNA polymerase III subunit epsilon	m	5mC	5-methylcytosine	8	0.01079622
NC_003197.2	tRNA	304267	304344	+	77	EBBPGFGJ_00263		tRNA-Asp(gtc)	m	5mC	5-methylcytosine	5	0.06493506
NC_003197.2	CDS	304665	305721	-	1056	EBBPGFGJ_00264		hypothetical protein	m	5mC	5-methylcytosine	83	0.07859848
NC_003197.2	CDS	305731	306727	-	996	EBBPGFGJ_00265		hypothetical protein	m	5mC	5-methylcytosine	84	0.08433735
NC_003197.2	CDS	306723	308607	-	1884	EBBPGFGJ_00266		hypothetical protein	m	5mC	5-methylcytosine	67	0.03556263
NC_003197.2	CDS	308622	309117	-	495	EBBPGFGJ_00267		hypothetical protein	m	5mC	5-methylcytosine	16	0.03232323
NC_003197.2	CDS	309113	309938	-	825	EBBPGFGJ_00268		hypothetical protein	m	5mC	5-methylcytosine	62	0.07515152
NC_003197.2	CDS	309924	310827	-	903	EBBPGFGJ_00269		hypothetical protein	m	5mC	5-methylcytosine	1	0.00110742
NC_003197.2	CDS	311194	313834	+	2640	EBBPGFGJ_00270	clpV1	Protein ClpV1	m	5mC	5-methylcytosine	145	0.05492424
NC_003197.2	CDS	313933	314476	+	543	EBBPGFGJ_00271		hypothetical protein	m	5mC	5-methylcytosine	3	0.00552486
NC_003197.2	CDS	314499	316008	+	1509	EBBPGFGJ_00272		hypothetical protein	m	5mC	5-methylcytosine	30	0.01988072
NC_003197.2	CDS	316193	316640	+	447	EBBPGFGJ_00273		hypothetical protein	m	5mC	5-methylcytosine	3	0.00671141
NC_003197.2	CDS	316893	317379	+	486	EBBPGFGJ_00274	hcp1_1	Protein hcp1	m	5mC	5-methylcytosine	7	0.01440329
NC_003197.2	CDS	317683	318169	+	486	EBBPGFGJ_00275		hypothetical protein	m	5mC	5-methylcytosine	1	0.00205761
NC_003197.2	CDS	318679	319165	+	486	EBBPGFGJ_00277	hcp1_2	Protein hcp1	m	5mC	5-methylcytosine	8	0.01646091
NC_003197.2	CDS	319231	319768	+	537	EBBPGFGJ_00278		hypothetical protein	m	5mC	5-methylcytosine	4	0.00744879
NC_003197.2	CDS	319771	321115	+	1344	EBBPGFGJ_00279		hypothetical protein	m	5mC	5-methylcytosine	68	0.05059524
NC_003197.2	CDS	321111	322416	+	1305	EBBPGFGJ_00280	pal_1	Peptidoglycan-associated lipoprotein	m	5mC	5-methylcytosine	127	0.09731801
NC_003197.2	CDS	323861	327731	+	3870	EBBPGFGJ_00283		hypothetical protein	m	5mC	5-methylcytosine	162	0.04186047
NC_003197.2	CDS	327730	328519	+	789	EBBPGFGJ_00284		hypothetical protein	m	5mC	5-methylcytosine	50	0.06337136
NC_003197.2	CDS	328958	329477	+	519	EBBPGFGJ_00286		hypothetical protein	m	5mC	5-methylcytosine	1	0.00192678
NC_003197.2	CDS	329873	332063	+	2190	EBBPGFGJ_00287		hypothetical protein	m	5mC	5-methylcytosine	68	0.03105023
NC_003197.2	CDS	332086	332533	+	447	EBBPGFGJ_00288		hypothetical protein	m	5mC	5-methylcytosine	1	0.00223714
NC_003197.2	CDS	332551	336646	+	4095	EBBPGFGJ_00289	rhsB	Probable deoxyribonuclease RhsB	m	5mC	5-methylcytosine	196	0.04786325
NC_003197.2	CDS	337062	337836	+	774	EBBPGFGJ_00291		hypothetical protein	m	5mC	5-methylcytosine	8	0.01033592
NC_003197.2	CDS	337829	338276	+	447	EBBPGFGJ_00292		hypothetical protein	m	5mC	5-methylcytosine	1	0.00223714
NC_003197.2	CDS	338838	339276	+	438	EBBPGFGJ_00294		hypothetical protein	m	5mC	5-methylcytosine	2	0.00456621
NC_003197.2	CDS	339328	339604	-	276	EBBPGFGJ_00295	symE_1	Endoribonuclease SymE	m	5mC	5-methylcytosine	8	0.02898551
NC_003197.2	CDS	340755	340953	+	198	EBBPGFGJ_00298		hypothetical protein	m	5mC	5-methylcytosine	5	0.02525253
NC_003197.2	CDS	342221	342722	+	501	EBBPGFGJ_00300		hypothetical protein	m	5mC	5-methylcytosine	2	0.00399202
NC_003197.2	CDS	342829	343543	+	714	EBBPGFGJ_00301	caf1M	Chaperone protein caf1M	m	5mC	5-methylcytosine	8	0.01120448
NC_003197.2	CDS	343566	346077	+	2511	EBBPGFGJ_00302	caf1A	F1 capsule-anchoring protein	m	5mC	5-methylcytosine	109	0.04340900
NC_003197.2	CDS	346098	346569	+	471	EBBPGFGJ_00303		hypothetical protein	m	5mC	5-methylcytosine	12	0.02547771
NC_003197.2	CDS	346974	347796	+	822	EBBPGFGJ_00304		hypothetical protein	m	5mC	5-methylcytosine	19	0.02311436
NC_003197.2	CDS	347677	348289	-	612	EBBPGFGJ_00305		hypothetical protein	m	5mC	5-methylcytosine	5	0.00816993
NC_003197.2	CDS	348610	349558	+	948	EBBPGFGJ_00306	dmlR_2	HTH-type transcriptional regulator DmlR	m	5mC	5-methylcytosine	10	0.01054852
NC_003197.2	CDS	349893	350613	-	720	EBBPGFGJ_00307	pagN	Outer membrane protein PagN	m	5mC	5-methylcytosine	2	0.00277778
NC_003197.2	CDS	350943	351351	-	408	EBBPGFGJ_00308		hypothetical protein	m	5mC	5-methylcytosine	1	0.00245098
NC_003197.2	CDS	351721	352489	-	768	EBBPGFGJ_00309	yafV	Omega-amidase YafV	m	5mC	5-methylcytosine	22	0.02864583
NC_003197.2	CDS	352597	355042	-	2445	EBBPGFGJ_00310	fadE	Acyl-coenzyme A dehydrogenase	m	5mC	5-methylcytosine	120	0.04907975
NC_003197.2	CDS	355281	355860	+	579	EBBPGFGJ_00311	gmhA	Phosphoheptose isomerase	m	5mC	5-methylcytosine	4	0.00690846
NC_003197.2	CDS	356072	356840	+	768	EBBPGFGJ_00312	yafJ	Putative glutamine amidotransferase YafJ	m	5mC	5-methylcytosine	27	0.03515625
NC_003197.2	CDS	356810	357551	-	741	EBBPGFGJ_00313		hypothetical protein	m	5mC	5-methylcytosine	4	0.00539811
NC_003197.2	CDS	357800	358856	+	1056	EBBPGFGJ_00314	dinB	DNA polymerase IV	m	5mC	5-methylcytosine	9	0.00852273
NC_003197.2	CDS	359074	360049	+	975	EBBPGFGJ_00315	rtcB_1	RNA-splicing ligase RtcB	m	5mC	5-methylcytosine	90	0.09230769
NC_003197.2	CDS	360045	360207	+	162	EBBPGFGJ_00316		hypothetical protein	m	5mC	5-methylcytosine	11	0.06790123
NC_003197.2	CDS	360203	360818	+	615	EBBPGFGJ_00317	prfB_1	Peptide chain release factor RF2	m	5mC	5-methylcytosine	34	0.05528455
NC_003197.2	CDS	360973	362431	-	1458	EBBPGFGJ_00318	pepD	Cytosol non-specific dipeptidase	m	5mC	5-methylcytosine	13	0.00891632
NC_003197.2	CDS	362679	363138	+	459	EBBPGFGJ_00319	gpt	Xanthine phosphoribosyltransferase	m	5mC	5-methylcytosine	19	0.04139434
NC_003197.2	CDS	363226	364471	+	1245	EBBPGFGJ_00320		UPF0255 protein VV1_0328	m	5mC	5-methylcytosine	26	0.02088353
NC_003197.2	CDS	364528	364930	+	402	EBBPGFGJ_00321	crl	Sigma factor-binding protein Crl	m	5mC	5-methylcytosine	7	0.01741294
NC_003197.2	CDS	364980	366033	-	1053	EBBPGFGJ_00322	phoE	Outer membrane porin PhoE	m	5mC	5-methylcytosine	10	0.00949668
NC_003197.2	CDS	366315	367419	+	1104	EBBPGFGJ_00323	proB	Glutamate 5-kinase	m	5mC	5-methylcytosine	24	0.02173913
NC_003197.2	CDS	367430	368681	+	1251	EBBPGFGJ_00324	proA	Gamma-glutamyl phosphate reductase	m	5mC	5-methylcytosine	75	0.05995204
NC_003197.2	CDS	369671	369974	+	303	EBBPGFGJ_00326		hypothetical protein	m	5mC	5-methylcytosine	6	0.01980198
NC_003197.2	CDS	369924	370269	+	345	EBBPGFGJ_00327	ddrA_1	Diol dehydratase-reactivating factor alpha subunit	m	5mC	5-methylcytosine	30	0.08695652
NC_003197.2	CDS	370213	370630	+	417	EBBPGFGJ_00328	ddrA_2	Diol dehydratase-reactivating factor alpha subunit	m	5mC	5-methylcytosine	35	0.08393285
NC_003197.2	CDS	370763	371063	+	300	EBBPGFGJ_00329		hypothetical protein	m	5mC	5-methylcytosine	4	0.01333333
NC_003197.2	CDS	371409	372642	+	1233	EBBPGFGJ_00330	ynfM_1	Inner membrane transport protein YnfM	m	5mC	5-methylcytosine	7	0.00567721
NC_003197.2	CDS	372773	374195	+	1422	EBBPGFGJ_00331	leuC	3-isopropylmalate dehydratase large subunit	m	5mC	5-methylcytosine	14	0.00984529
NC_003197.2	CDS	374196	374823	+	627	EBBPGFGJ_00332	leuD	3-isopropylmalate dehydratase small subunit	m	5mC	5-methylcytosine	4	0.00637959
NC_003197.2	CDS	374837	375716	+	879	EBBPGFGJ_00333		hypothetical protein	m	5mC	5-methylcytosine	6	0.00682594
NC_003197.2	CDS	375715	376630	+	915	EBBPGFGJ_00334	dehH1	Haloacetate dehalogenase H-1	m	5mC	5-methylcytosine	10	0.01092896
NC_003197.2	CDS	376663	377629	+	966	EBBPGFGJ_00335	dmlR_3	HTH-type transcriptional regulator DmlR	m	5mC	5-methylcytosine	7	0.00724638
NC_003197.2	CDS	377573	377846	-	273	EBBPGFGJ_00336		hypothetical protein	m	5mC	5-methylcytosine	8	0.02930403
NC_003197.2	CDS	378536	378935	+	399	EBBPGFGJ_00337		hypothetical protein	m	5mC	5-methylcytosine	2	0.00501253
NC_003197.2	CDS	378981	379740	-	759	EBBPGFGJ_00338	fimC_2	Chaperone protein FimC	m	5mC	5-methylcytosine	13	0.01712780
NC_003197.2	CDS	379705	381031	-	1326	EBBPGFGJ_00339		hypothetical protein	m	5mC	5-methylcytosine	52	0.03921569
NC_003197.2	CDS	381035	383597	-	2562	EBBPGFGJ_00340	fimD_2	Outer membrane usher protein FimD	m	5mC	5-methylcytosine	64	0.02498048
NC_003197.2	CDS	383580	384342	-	762	EBBPGFGJ_00341	yadV	Probable fimbrial chaperone YadV	m	5mC	5-methylcytosine	6	0.00787402
NC_003197.2	CDS	384403	384940	-	537	EBBPGFGJ_00342	sfaA	S-fimbrial protein subunit SfaA	m	5mC	5-methylcytosine	7	0.01303538
NC_003197.2	CDS	385603	386338	+	735	EBBPGFGJ_00343		hypothetical protein	m	5mC	5-methylcytosine	4	0.00544218
NC_003197.2	CDS	386606	386810	+	204	EBBPGFGJ_00345		hypothetical protein	m	5mC	5-methylcytosine	4	0.01960784
NC_003197.2	CDS	387109	388684	+	1575	EBBPGFGJ_00346	pdeN_1	Probable cyclic di-GMP phosphodiesterase PdeN	m	5mC	5-methylcytosine	27	0.01714286
NC_003197.2	CDS	388783	389527	+	744	EBBPGFGJ_00347		hypothetical protein	m	5mC	5-methylcytosine	8	0.01075269
NC_003197.2	CDS	389499	389988	+	489	EBBPGFGJ_00348		hypothetical protein	m	5mC	5-methylcytosine	3	0.00613497
NC_003197.2	CDS	390388	390913	+	525	EBBPGFGJ_00349	ail_1	Attachment invasion locus protein	m	5mC	5-methylcytosine	6	0.01142857
NC_003197.2	CDS	391990	392350	+	360	EBBPGFGJ_00351		hypothetical protein	m	5mC	5-methylcytosine	2	0.00555556
NC_003197.2	CDS	392419	393877	-	1458	EBBPGFGJ_00352	oprM	Outer membrane protein OprM	m	5mC	5-methylcytosine	182	0.12482853
NC_003197.2	CDS	393893	397061	-	3168	EBBPGFGJ_00353	oqxB7	multidrug efflux RND transporter permease subunit OqxB7	m	5mC	5-methylcytosine	45	0.01420455
NC_003197.2	CDS	397057	398284	-	1227	EBBPGFGJ_00354	bepF	Efflux pump periplasmic linker BepF	m	5mC	5-methylcytosine	82	0.06682967
NC_003197.2	CDS	398560	400849	+	2289	EBBPGFGJ_00355	actP_1	Copper-transporting P-type ATPase	m	5mC	5-methylcytosine	103	0.04499782
NC_003197.2	CDS	400860	401325	+	465	EBBPGFGJ_00356	hmrR_1	HTH-type transcriptional regulator HmrR	m	5mC	5-methylcytosine	2	0.00430108
NC_003197.2	CDS	401402	401597	+	195	EBBPGFGJ_00357		hypothetical protein	m	5mC	5-methylcytosine	15	0.07692308
NC_003197.2	CDS	401889	403143	+	1254	EBBPGFGJ_00358	yjhB_1	Putative metabolite transport protein YjhB	m	5mC	5-methylcytosine	19	0.01515152
NC_003197.2	CDS	403331	405290	+	1959	EBBPGFGJ_00359		hypothetical protein	m	5mC	5-methylcytosine	18	0.00918836
NC_003197.2	CDS	405299	408272	+	2973	EBBPGFGJ_00360		hypothetical protein	m	5mC	5-methylcytosine	42	0.01412714
NC_003197.2	CDS	408766	410170	+	1404	EBBPGFGJ_00362		hypothetical protein	m	5mC	5-methylcytosine	22	0.01566952
NC_003197.2	CDS	410166	411177	+	1011	EBBPGFGJ_00363	appB_1	Cytochrome bd-II ubiquinol oxidase subunit 2	m	5mC	5-methylcytosine	33	0.03264095
NC_003197.2	CDS	411176	411308	+	132	EBBPGFGJ_00364		hypothetical protein	m	5mC	5-methylcytosine	2	0.01515152
NC_003197.2	CDS	411513	412518	+	1005	EBBPGFGJ_00365	rhaR_1	HTH-type transcriptional activator RhaR	m	5mC	5-methylcytosine	60	0.05970149
NC_003197.2	CDS	412681	414772	+	2091	EBBPGFGJ_00366	fhuA_2	Ferrichrome outer membrane transporter/phage receptor	m	5mC	5-methylcytosine	51	0.02439024
NC_003197.2	CDS	414812	415445	-	633	EBBPGFGJ_00367	rhtC_1	Threonine efflux protein	m	5mC	5-methylcytosine	23	0.03633491
NC_003197.2	CDS	415676	415952	+	276	EBBPGFGJ_00368		hypothetical protein	m	5mC	5-methylcytosine	1	0.00362319
NC_003197.2	CDS	416087	417713	-	1626	EBBPGFGJ_00369	prpR	Propionate catabolism operon regulatory protein	m	5mC	5-methylcytosine	52	0.03198032
NC_003197.2	CDS	417977	418865	+	888	EBBPGFGJ_00370	prpB	2-methylisocitrate lyase	m	5mC	5-methylcytosine	66	0.07432432
NC_003197.2	CDS	418987	420157	+	1170	EBBPGFGJ_00371	prpC	2-methylcitrate synthase	m	5mC	5-methylcytosine	23	0.01965812
NC_003197.2	CDS	420196	421648	+	1452	EBBPGFGJ_00372	prpD	2-methylcitrate dehydratase	m	5mC	5-methylcytosine	40	0.02754821
NC_003197.2	CDS	421688	423575	+	1887	EBBPGFGJ_00373	acs_1	Acetyl-coenzyme A synthetase	m	5mC	5-methylcytosine	90	0.04769475
NC_003197.2	CDS	423678	424653	-	975	EBBPGFGJ_00374	hemB	Delta-aminolevulinic acid dehydratase	m	5mC	5-methylcytosine	38	0.03897436
NC_003197.2	CDS	425165	428102	+	2937	EBBPGFGJ_00375		hypothetical protein	m	5mC	5-methylcytosine	19	0.00646919
NC_003197.2	CDS	428187	428811	+	624	EBBPGFGJ_00376	iprA_2	Inhibitor of hydrogen peroxide resistance	m	5mC	5-methylcytosine	3	0.00480769
NC_003197.2	CDS	428855	430013	-	1158	EBBPGFGJ_00377	ampH	D-alanyl-D-alanine-carboxypeptidase/endopeptidase AmpH	m	5mC	5-methylcytosine	23	0.01986183
NC_003197.2	CDS	430359	431580	+	1221	EBBPGFGJ_00378	sbmA	Peptide antibiotic transporter SbmA	m	5mC	5-methylcytosine	8	0.00655201
NC_003197.2	CDS	431594	432689	+	1095	EBBPGFGJ_00379		hypothetical protein	m	5mC	5-methylcytosine	18	0.01643836
NC_003197.2	CDS	432726	433035	-	309	EBBPGFGJ_00380	yaiY	Inner membrane protein YaiY	m	5mC	5-methylcytosine	11	0.03559871
NC_003197.2	CDS	433543	434656	-	1113	EBBPGFGJ_00382	ddlA	D-alanine--D-alanine ligase A	m	5mC	5-methylcytosine	20	0.01796945
NC_003197.2	CDS	434745	435429	+	684	EBBPGFGJ_00383		hypothetical protein	m	5mC	5-methylcytosine	19	0.02777778
NC_003197.2	CDS	435597	436809	+	1212	EBBPGFGJ_00384	sbnD_1	Staphyloferrin B transporter	m	5mC	5-methylcytosine	14	0.01155116
NC_003197.2	CDS	437717	438038	+	321	EBBPGFGJ_00386	psiF	Phosphate starvation-inducible protein PsiF	m	5mC	5-methylcytosine	5	0.01557632
NC_003197.2	CDS	438129	439242	+	1113	EBBPGFGJ_00387	dgcC	Probable diguanylate cyclase DgcC	m	5mC	5-methylcytosine	38	0.03414196
NC_003197.2	CDS	439256	440066	-	810	EBBPGFGJ_00388	proC	Pyrroline-5-carboxylate reductase	m	5mC	5-methylcytosine	35	0.04320988
NC_003197.2	CDS	440205	440661	+	456	EBBPGFGJ_00389	yaiI	UPF0178 protein YaiI	m	5mC	5-methylcytosine	17	0.03728070
NC_003197.2	CDS	440845	441391	+	546	EBBPGFGJ_00390	aroL	Shikimate kinase 2	m	5mC	5-methylcytosine	19	0.03479853
NC_003197.2	CDS	441417	441609	+	192	EBBPGFGJ_00391	yaiA	Uncharacterized protein YaiA	m	5mC	5-methylcytosine	4	0.02083333
NC_003197.2	CDS	441859	442537	+	678	EBBPGFGJ_00392		hypothetical protein	m	5mC	5-methylcytosine	5	0.00737463
NC_003197.2	CDS	442607	442892	+	285	EBBPGFGJ_00393	ppnP	Pyrimidine/purine nucleoside phosphorylase	m	5mC	5-methylcytosine	17	0.05964912
NC_003197.2	CDS	442929	443841	-	912	EBBPGFGJ_00394	rdgC	Recombination-associated protein RdgC	m	5mC	5-methylcytosine	34	0.03728070
NC_003197.2	CDS	443966	444875	+	909	EBBPGFGJ_00395	mak	Fructokinase	m	5mC	5-methylcytosine	45	0.04950495
NC_003197.2	CDS	444896	446069	-	1173	EBBPGFGJ_00396	araJ	Putative transporter AraJ	m	5mC	5-methylcytosine	49	0.04177323
NC_003197.2	CDS	446241	449382	-	3141	EBBPGFGJ_00397	sbcC	Nuclease SbcCD subunit C	m	5mC	5-methylcytosine	159	0.05062082
NC_003197.2	CDS	449378	450581	-	1203	EBBPGFGJ_00398	sbcD	Nuclease SbcCD subunit D	m	5mC	5-methylcytosine	25	0.02078138
NC_003197.2	CDS	450795	451485	+	690	EBBPGFGJ_00399	phoB	Phosphate regulon transcriptional regulatory protein PhoB	m	5mC	5-methylcytosine	30	0.04347826
NC_003197.2	CDS	451554	452850	+	1296	EBBPGFGJ_00400	phoR	Phosphate regulon sensor protein PhoR	m	5mC	5-methylcytosine	30	0.02314815
NC_003197.2	CDS	453258	454578	+	1320	EBBPGFGJ_00401	brnQ	Branched-chain amino acid transport system 2 carrier protein	m	5mC	5-methylcytosine	11	0.00833333
NC_003197.2	CDS	454652	456023	+	1371	EBBPGFGJ_00402	proY	Proline-specific permease ProY	m	5mC	5-methylcytosine	15	0.01094092
NC_003197.2	CDS	456184	458002	+	1818	EBBPGFGJ_00403	malZ	Maltodextrin glucosidase	m	5mC	5-methylcytosine	23	0.01265127
NC_003197.2	CDS	458073	458676	-	603	EBBPGFGJ_00404	ahpC_1	Alkyl hydroperoxide reductase C	m	5mC	5-methylcytosine	8	0.01326700
NC_003197.2	CDS	458885	459467	-	582	EBBPGFGJ_00405	acpH	Acyl carrier protein phosphodiesterase	m	5mC	5-methylcytosine	6	0.01030928
NC_003197.2	CDS	459560	460625	+	1065	EBBPGFGJ_00406	queA_1	S-adenosylmethionine:tRNA ribosyltransferase-isomerase	m	5mC	5-methylcytosine	36	0.03380282
NC_003197.2	CDS	460821	461949	+	1128	EBBPGFGJ_00407	tgt	Queuine tRNA-ribosyltransferase	m	5mC	5-methylcytosine	13	0.01152482
NC_003197.2	CDS	462364	464179	+	1815	EBBPGFGJ_00409	secD	Protein translocase subunit SecD	m	5mC	5-methylcytosine	111	0.06115702
NC_003197.2	CDS	464189	465161	+	972	EBBPGFGJ_00410	secF	Protein translocase subunit SecF	m	5mC	5-methylcytosine	13	0.01337449
NC_003197.2	CDS	465308	465674	+	366	EBBPGFGJ_00411		hypothetical protein	m	5mC	5-methylcytosine	1	0.00273224
NC_003197.2	CDS	465699	466392	+	693	EBBPGFGJ_00412		hypothetical protein	m	5mC	5-methylcytosine	10	0.01443001
NC_003197.2	CDS	466561	466909	+	348	EBBPGFGJ_00413		hypothetical protein	m	5mC	5-methylcytosine	3	0.00862069
NC_003197.2	CDS	467346	467454	+	108	EBBPGFGJ_00414		hypothetical protein	m	5mC	5-methylcytosine	2	0.01851852
NC_003197.2	CDS	467537	468401	-	864	EBBPGFGJ_00415	tsx	Nucleoside-specific channel-forming protein Tsx	m	5mC	5-methylcytosine	4	0.00462963
NC_003197.2	CDS	468700	469240	-	540	EBBPGFGJ_00416	yajI	Uncharacterized lipoprotein YajI	m	5mC	5-methylcytosine	8	0.01481481
NC_003197.2	CDS	469391	469841	+	450	EBBPGFGJ_00417	nrdR	Transcriptional repressor NrdR	m	5mC	5-methylcytosine	2	0.00444444
NC_003197.2	CDS	469844	470948	+	1104	EBBPGFGJ_00418	ribD	Riboflavin biosynthesis protein RibD	m	5mC	5-methylcytosine	102	0.09239130
NC_003197.2	CDS	471036	471507	+	471	EBBPGFGJ_00419	ribH	6%2C7-dimethyl-8-ribityllumazine synthase	m	5mC	5-methylcytosine	8	0.01698514
NC_003197.2	CDS	471527	471947	+	420	EBBPGFGJ_00420	nusB	Transcription antitermination protein NusB	m	5mC	5-methylcytosine	17	0.04047619
NC_003197.2	CDS	472025	473003	+	978	EBBPGFGJ_00421	thiL	Thiamine-monophosphate kinase	m	5mC	5-methylcytosine	21	0.02147239
NC_003197.2	CDS	472980	473496	+	516	EBBPGFGJ_00422	pgpA	Phosphatidylglycerophosphatase A	m	5mC	5-methylcytosine	3	0.00581395
NC_003197.2	CDS	473599	474574	-	975	EBBPGFGJ_00423	yajO	1-deoxyxylulose-5-phosphate synthase YajO	m	5mC	5-methylcytosine	17	0.01743590
NC_003197.2	CDS	474630	476493	-	1863	EBBPGFGJ_00424	dxs	1-deoxy-D-xylulose-5-phosphate synthase	m	5mC	5-methylcytosine	39	0.02093398
NC_003197.2	CDS	476516	477416	-	900	EBBPGFGJ_00425	ispA	Farnesyl diphosphate synthase	m	5mC	5-methylcytosine	74	0.08222222
NC_003197.2	CDS	477416	477659	-	243	EBBPGFGJ_00426	xseB	Exodeoxyribonuclease 7 small subunit	m	5mC	5-methylcytosine	6	0.02469136
NC_003197.2	CDS	477868	479317	+	1449	EBBPGFGJ_00427	thiI	tRNA sulfurtransferase	m	5mC	5-methylcytosine	10	0.00690131
NC_003197.2	CDS	479360	480158	-	798	EBBPGFGJ_00428	phnV	Putative 2-aminoethylphosphonate transport system permease protein PhnV	m	5mC	5-methylcytosine	7	0.00877193
NC_003197.2	CDS	480160	481021	-	861	EBBPGFGJ_00429	phnU	Putative 2-aminoethylphosphonate transport system permease protein PhnU	m	5mC	5-methylcytosine	15	0.01742160
NC_003197.2	CDS	481023	482133	-	1110	EBBPGFGJ_00430	phnT	Putative 2-aminoethylphosphonate import ATP-binding protein PhnT	m	5mC	5-methylcytosine	42	0.03783784
NC_003197.2	CDS	482138	483152	-	1014	EBBPGFGJ_00431	phnS	Putative 2-aminoethylphosphonate-binding periplasmic protein	m	5mC	5-methylcytosine	19	0.01873767
NC_003197.2	CDS	483349	484069	-	720	EBBPGFGJ_00432	phnR	Putative transcriptional regulator of 2-aminoethylphosphonate degradation operons	m	5mC	5-methylcytosine	41	0.05694444
NC_003197.2	CDS	484208	485312	+	1104	EBBPGFGJ_00433	phnW	2-aminoethylphosphonate--pyruvate transaminase	m	5mC	5-methylcytosine	45	0.04076087
NC_003197.2	CDS	485321	486131	+	810	EBBPGFGJ_00434	phnX	Phosphonoacetaldehyde hydrolase	m	5mC	5-methylcytosine	20	0.02469136
NC_003197.2	CDS	486227	486818	-	591	EBBPGFGJ_00435	yajL_1	Protein/nucleic acid deglycase 3	m	5mC	5-methylcytosine	18	0.03045685
NC_003197.2	CDS	486780	487692	-	912	EBBPGFGJ_00436	panE_1	2-dehydropantoate 2-reductase	m	5mC	5-methylcytosine	10	0.01096491
NC_003197.2	CDS	487817	488309	+	492	EBBPGFGJ_00437	yajQ	UPF0234 protein YajQ	m	5mC	5-methylcytosine	7	0.01422764
NC_003197.2	CDS	488355	489720	-	1365	EBBPGFGJ_00438	yajR	Inner membrane transport protein YajR	m	5mC	5-methylcytosine	49	0.03589744
NC_003197.2	CDS	490256	491768	+	1512	EBBPGFGJ_00439		hypothetical protein	m	5mC	5-methylcytosine	5	0.00330688
NC_003197.2	CDS	491779	493273	+	1494	EBBPGFGJ_00440		hypothetical protein	m	5mC	5-methylcytosine	6	0.00401606
NC_003197.2	CDS	493354	494245	-	891	EBBPGFGJ_00441	cyoE	Protoheme IX farnesyltransferase	m	5mC	5-methylcytosine	19	0.02132435
NC_003197.2	CDS	494256	494586	-	330	EBBPGFGJ_00442	cyoD	Cytochrome bo(3) ubiquinol oxidase subunit 4	m	5mC	5-methylcytosine	4	0.01212121
NC_003197.2	CDS	494585	495200	-	615	EBBPGFGJ_00443	cyoC	Cytochrome bo(3) ubiquinol oxidase subunit 3	m	5mC	5-methylcytosine	19	0.03089431
NC_003197.2	CDS	495189	497181	-	1992	EBBPGFGJ_00444	cyoB	Cytochrome bo(3) ubiquinol oxidase subunit 1	m	5mC	5-methylcytosine	20	0.01004016
NC_003197.2	CDS	497191	498148	-	957	EBBPGFGJ_00445	cyoA	Cytochrome bo(3) ubiquinol oxidase subunit 2	m	5mC	5-methylcytosine	12	0.01253918
NC_003197.2	CDS	498600	500082	-	1482	EBBPGFGJ_00446	ampG	Anhydromuropeptide permease	m	5mC	5-methylcytosine	46	0.03103914
NC_003197.2	CDS	500119	500752	-	633	EBBPGFGJ_00447		hypothetical protein	m	5mC	5-methylcytosine	5	0.00789889
NC_003197.2	CDS	501004	501319	+	315	EBBPGFGJ_00448	bolA	DNA-binding transcriptional regulator BolA	m	5mC	5-methylcytosine	2	0.00634921
NC_003197.2	CDS	501665	502964	+	1299	EBBPGFGJ_00449	tig	Trigger factor	m	5mC	5-methylcytosine	64	0.04926867
NC_003197.2	CDS	503210	503834	+	624	EBBPGFGJ_00450	clpP_1	ATP-dependent Clp protease proteolytic subunit	m	5mC	5-methylcytosine	14	0.02243590
NC_003197.2	CDS	504085	505357	+	1272	EBBPGFGJ_00451	clpX	ATP-dependent Clp protease ATP-binding subunit ClpX	m	5mC	5-methylcytosine	60	0.04716981
NC_003197.2	CDS	505542	507897	+	2355	EBBPGFGJ_00452	lon_1	Lon protease	m	5mC	5-methylcytosine	106	0.04501062
NC_003197.2	CDS	508105	508378	+	273	EBBPGFGJ_00453	hupB	DNA-binding protein HU-beta	m	5mC	5-methylcytosine	1	0.00366300
NC_003197.2	CDS	508668	510540	+	1872	EBBPGFGJ_00454	ppiD	Peptidyl-prolyl cis-trans isomerase D	m	5mC	5-methylcytosine	33	0.01762821
NC_003197.2	CDS	511671	512367	-	696	EBBPGFGJ_00457	queC	7-cyano-7-deazaguanine synthase	m	5mC	5-methylcytosine	5	0.00718391
NC_003197.2	CDS	512431	514132	-	1701	EBBPGFGJ_00458	sgrR_2	HTH-type transcriptional regulator SgrR	m	5mC	5-methylcytosine	44	0.02586714
NC_003197.2	CDS	514232	515051	+	819	EBBPGFGJ_00459	cof	HMP-PP phosphatase	m	5mC	5-methylcytosine	6	0.00732601
NC_003197.2	CDS	515100	516156	-	1056	EBBPGFGJ_00460	sbnA	N-(2-amino-2-carboxyethyl)-L-glutamate synthase	m	5mC	5-methylcytosine	39	0.03693182
NC_003197.2	CDS	516268	516727	+	459	EBBPGFGJ_00461	decR	DNA-binding transcriptional activator DecR	m	5mC	5-methylcytosine	3	0.00653595
NC_003197.2	CDS	516767	518540	+	1773	EBBPGFGJ_00462	yheI	Probable multidrug resistance ABC transporter ATP-binding/permease protein YheI	m	5mC	5-methylcytosine	28	0.01579244
NC_003197.2	CDS	518532	520314	+	1782	EBBPGFGJ_00463	mdlB	Multidrug resistance-like ATP-binding protein MdlB	m	5mC	5-methylcytosine	83	0.04657688
NC_003197.2	CDS	520526	520865	+	339	EBBPGFGJ_00464	glnK	Nitrogen regulatory protein P-II 2	m	5mC	5-methylcytosine	5	0.01474926
NC_003197.2	CDS	520896	522183	+	1287	EBBPGFGJ_00465	amtB	Ammonia channel	m	5mC	5-methylcytosine	34	0.02641803
NC_003197.2	CDS	522282	523143	-	861	EBBPGFGJ_00466	tesB	Acyl-CoA thioesterase 2	m	5mC	5-methylcytosine	27	0.03135889
NC_003197.2	CDS	523357	523927	+	570	EBBPGFGJ_00467	ybaY	Uncharacterized lipoprotein YbaY	m	5mC	5-methylcytosine	9	0.01578947
NC_003197.2	CDS	523959	524271	-	312	EBBPGFGJ_00468	atl	DNA base-flipping protein	m	5mC	5-methylcytosine	3	0.00961538
NC_003197.2	CDS	524579	526130	-	1551	EBBPGFGJ_00469	pdeB	Probable cyclic di-GMP phosphodiesterase PdeB	m	5mC	5-methylcytosine	25	0.01611863
NC_003197.2	CDS	526354	526615	+	261	EBBPGFGJ_00470	rpmE2	50S ribosomal protein L31 type B	m	5mC	5-methylcytosine	3	0.01149425
NC_003197.2	CDS	526816	527287	-	471	EBBPGFGJ_00471	ylaC	Inner membrane protein YlaC	m	5mC	5-methylcytosine	5	0.01061571
NC_003197.2	CDS	527403	527955	-	552	EBBPGFGJ_00472	maa	Maltose O-acetyltransferase	m	5mC	5-methylcytosine	6	0.01086957
NC_003197.2	CDS	528379	528754	-	375	EBBPGFGJ_00474	tomB	Hha toxicity modulator TomB	m	5mC	5-methylcytosine	1	0.00266667
NC_003197.2	CDS	529249	532399	-	3150	EBBPGFGJ_00475	acrB_1	Multidrug efflux pump subunit AcrB	m	5mC	5-methylcytosine	117	0.03714286
NC_003197.2	CDS	532421	533615	-	1194	EBBPGFGJ_00476	acrA	Multidrug efflux pump subunit AcrA	m	5mC	5-methylcytosine	36	0.03015075
NC_003197.2	CDS	533756	534410	+	654	EBBPGFGJ_00477	acrR_1	HTH-type transcriptional regulator AcrR	m	5mC	5-methylcytosine	1	0.00152905
NC_003197.2	CDS	534528	537891	+	3363	EBBPGFGJ_00478	mscK	Mechanosensitive channel MscK	m	5mC	5-methylcytosine	74	0.02200416
NC_003197.2	CDS	537932	538868	-	936	EBBPGFGJ_00479		ISNCY family transposase ISRor2	m	5mC	5-methylcytosine	29	0.03098291
NC_003197.2	CDS	538937	539105	-	168	EBBPGFGJ_00480		hypothetical protein	m	5mC	5-methylcytosine	2	0.01190476
NC_003197.2	CDS	539118	539634	-	516	EBBPGFGJ_00481	priC	Primosomal replication protein N''	m	5mC	5-methylcytosine	24	0.04651163
NC_003197.2	CDS	539714	540092	+	378	EBBPGFGJ_00482	ybaN	Inner membrane protein YbaN	m	5mC	5-methylcytosine	2	0.00529101
NC_003197.2	CDS	540244	540796	+	552	EBBPGFGJ_00483	apt	Adenine phosphoribosyltransferase	m	5mC	5-methylcytosine	7	0.01268116
NC_003197.2	CDS	540909	542838	+	1929	EBBPGFGJ_00484	dnaX	DNA polymerase III subunit tau	m	5mC	5-methylcytosine	111	0.05754277
NC_003197.2	CDS	542883	543213	+	330	EBBPGFGJ_00485	ybaB	Nucleoid-associated protein YbaB	m	5mC	5-methylcytosine	9	0.02727273
NC_003197.2	CDS	543212	543818	+	606	EBBPGFGJ_00486	recR	Recombination protein RecR	m	5mC	5-methylcytosine	39	0.06435644
NC_003197.2	CDS	543928	545803	+	1875	EBBPGFGJ_00487	htpG	Chaperone protein HtpG	m	5mC	5-methylcytosine	26	0.01386667
NC_003197.2	CDS	546043	546688	+	645	EBBPGFGJ_00488	adk	Adenylate kinase	m	5mC	5-methylcytosine	12	0.01860465
NC_003197.2	CDS	546916	547879	+	963	EBBPGFGJ_00489	hemH	Ferrochelatase	m	5mC	5-methylcytosine	55	0.05711319
NC_003197.2	CDS	547875	548847	-	972	EBBPGFGJ_00490	aes	Acetyl esterase	m	5mC	5-methylcytosine	2	0.00205761
NC_003197.2	CDS	548954	550304	+	1350	EBBPGFGJ_00491	gsk	Inosine-guanosine kinase	m	5mC	5-methylcytosine	8	0.00592593
NC_003197.2	CDS	550352	552029	-	1677	EBBPGFGJ_00492	ybaL	Putative cation/proton antiporter YbaL	m	5mC	5-methylcytosine	45	0.02683363
NC_003197.2	CDS	552243	553464	-	1221	EBBPGFGJ_00494	fsr	Fosmidomycin resistance protein	m	5mC	5-methylcytosine	30	0.02457002
NC_003197.2	CDS	553636	555289	+	1653	EBBPGFGJ_00495	ushA	Protein UshA	m	5mC	5-methylcytosine	29	0.01754386
NC_003197.2	CDS	555405	555885	-	480	EBBPGFGJ_00496	ybaK	Cys-tRNA(Pro)/Cys-tRNA(Cys) deacylase YbaK	m	5mC	5-methylcytosine	20	0.04166667
NC_003197.2	CDS	556086	556881	-	795	EBBPGFGJ_00497		hypothetical protein	m	5mC	5-methylcytosine	25	0.03144654
NC_003197.2	CDS	556966	557794	-	828	EBBPGFGJ_00498		hypothetical protein	m	5mC	5-methylcytosine	1	0.00120773
NC_003197.2	CDS	557947	560449	-	2502	EBBPGFGJ_00499	copA	Copper-exporting P-type ATPase	m	5mC	5-methylcytosine	180	0.07194245
NC_003197.2	CDS	560558	560975	+	417	EBBPGFGJ_00500	cueR	HTH-type transcriptional regulator CueR	m	5mC	5-methylcytosine	15	0.03597122
NC_003197.2	CDS	560975	561428	-	453	EBBPGFGJ_00501	ybbJ	Inner membrane protein YbbJ	m	5mC	5-methylcytosine	13	0.02869757
NC_003197.2	CDS	561424	562342	-	918	EBBPGFGJ_00502	qmcA	Protein QmcA	m	5mC	5-methylcytosine	21	0.02287582
NC_003197.2	CDS	563152	563932	+	780	EBBPGFGJ_00504	fetB	Probable iron export permease protein FetB	m	5mC	5-methylcytosine	11	0.01410256
NC_003197.2	CDS	564017	564872	-	855	EBBPGFGJ_00505	cnoX	Chaperedoxin	m	5mC	5-methylcytosine	49	0.05730994
NC_003197.2	CDS	564931	565702	-	771	EBBPGFGJ_00506		hypothetical protein	m	5mC	5-methylcytosine	15	0.01945525
NC_003197.2	CDS	565856	566441	-	585	EBBPGFGJ_00507	tesA	Thioesterase 1/protease 1/lysophospholipase L1	m	5mC	5-methylcytosine	7	0.01196581
NC_003197.2	CDS	566441	567128	+	687	EBBPGFGJ_00508	lolD_1	Lipoprotein-releasing system ATP-binding protein LolD	m	5mC	5-methylcytosine	33	0.04803493
NC_003197.2	CDS	567124	569539	+	2415	EBBPGFGJ_00509		hypothetical protein	m	5mC	5-methylcytosine	93	0.03850932
NC_003197.2	CDS	569535	569640	+	105	EBBPGFGJ_00510		hypothetical protein	m	5mC	5-methylcytosine	2	0.01904762
NC_003197.2	CDS	569724	570858	+	1134	EBBPGFGJ_00511		hypothetical protein	m	5mC	5-methylcytosine	4	0.00352734
NC_003197.2	CDS	571114	571945	+	831	EBBPGFGJ_00512	metQ_2	D-methionine-binding lipoprotein MetQ	m	5mC	5-methylcytosine	6	0.00722022
NC_003197.2	CDS	571981	572998	+	1017	EBBPGFGJ_00513	metN_2	Methionine import ATP-binding protein MetN	m	5mC	5-methylcytosine	48	0.04719764
NC_003197.2	CDS	572990	573650	+	660	EBBPGFGJ_00514	metP	Methionine import system permease protein MetP	m	5mC	5-methylcytosine	9	0.01363636
NC_003197.2	CDS	573688	574783	-	1095	EBBPGFGJ_00515	selU	tRNA 2-selenouridine synthase	m	5mC	5-methylcytosine	61	0.05570776
NC_003197.2	CDS	574852	575779	-	927	EBBPGFGJ_00516	allS_1	HTH-type transcriptional activator AllS	m	5mC	5-methylcytosine	21	0.02265372
NC_003197.2	CDS	576005	576488	+	483	EBBPGFGJ_00517	allA	Ureidoglycolate lyase	m	5mC	5-methylcytosine	1	0.00207039
NC_003197.2	CDS	576566	577385	+	819	EBBPGFGJ_00518	allR	HTH-type transcriptional repressor AllR	m	5mC	5-methylcytosine	11	0.01343101
NC_003197.2	CDS	577469	579251	+	1782	EBBPGFGJ_00519	gcl	Glyoxylate carboligase	m	5mC	5-methylcytosine	47	0.02637486
NC_003197.2	CDS	579263	580040	+	777	EBBPGFGJ_00520	hyi	Hydroxypyruvate isomerase	m	5mC	5-methylcytosine	9	0.01158301
NC_003197.2	CDS	580140	581019	+	879	EBBPGFGJ_00521	glxR	2-hydroxy-3-oxopropionate reductase	m	5mC	5-methylcytosine	21	0.02389078
NC_003197.2	CDS	581084	582332	+	1248	EBBPGFGJ_00522	sauU_1	Probable sulfoacetate transporter SauU	m	5mC	5-methylcytosine	7	0.00560897
NC_003197.2	CDS	582427	583882	+	1455	EBBPGFGJ_00523	ybbW	Putative allantoin permease	m	5mC	5-methylcytosine	3	0.00206186
NC_003197.2	CDS	583960	585322	+	1362	EBBPGFGJ_00524	allB	Allantoinase	m	5mC	5-methylcytosine	45	0.03303965
NC_003197.2	CDS	585380	586679	+	1299	EBBPGFGJ_00525	ybbY	Putative purine permease YbbY	m	5mC	5-methylcytosine	42	0.03233256
NC_003197.2	CDS	586701	587850	+	1149	EBBPGFGJ_00526	glxK	Glycerate 3-kinase	m	5mC	5-methylcytosine	60	0.05221932
NC_003197.2	CDS	587929	588715	-	786	EBBPGFGJ_00527	allE	(S)-ureidoglycine aminohydrolase	m	5mC	5-methylcytosine	4	0.00508906
NC_003197.2	CDS	588725	589961	-	1236	EBBPGFGJ_00528	allC	Allantoate amidohydrolase	m	5mC	5-methylcytosine	46	0.03721683
NC_003197.2	CDS	589982	591032	-	1050	EBBPGFGJ_00529	allD	Ureidoglycolate dehydrogenase (NAD(+))	m	5mC	5-methylcytosine	8	0.00761905
NC_003197.2	CDS	591362	593027	+	1665	EBBPGFGJ_00530	fdrA	Protein FdrA	m	5mC	5-methylcytosine	132	0.07927928
NC_003197.2	CDS	593036	594296	+	1260	EBBPGFGJ_00531		hypothetical protein	m	5mC	5-methylcytosine	56	0.04444444
NC_003197.2	CDS	594307	595117	+	810	EBBPGFGJ_00532		hypothetical protein	m	5mC	5-methylcytosine	53	0.06543210
NC_003197.2	CDS	595120	596014	+	894	EBBPGFGJ_00533	arcC2	Carbamate kinase 2	m	5mC	5-methylcytosine	12	0.01342282
NC_003197.2	CDS	596054	597122	-	1068	EBBPGFGJ_00534	purK	N5-carboxyaminoimidazole ribonucleotide synthase	m	5mC	5-methylcytosine	56	0.05243446
NC_003197.2	CDS	597118	597628	-	510	EBBPGFGJ_00535	purE	N5-carboxyaminoimidazole ribonucleotide mutase	m	5mC	5-methylcytosine	29	0.05686275
NC_003197.2	CDS	597745	598468	-	723	EBBPGFGJ_00536	lpxH	UDP-2%2C3-diacylglucosamine hydrolase	m	5mC	5-methylcytosine	10	0.01383126
NC_003197.2	CDS	598470	598965	-	495	EBBPGFGJ_00537	ppiB	Peptidyl-prolyl cis-trans isomerase B	m	5mC	5-methylcytosine	1	0.00202020
NC_003197.2	CDS	599137	600523	+	1386	EBBPGFGJ_00538	cysS	Cysteine--tRNA ligase	m	5mC	5-methylcytosine	17	0.01226551
NC_003197.2	CDS	600566	601391	-	825	EBBPGFGJ_00539		hypothetical protein	m	5mC	5-methylcytosine	16	0.01939394
NC_003197.2	CDS	601387	601825	-	438	EBBPGFGJ_00540		hypothetical protein	m	5mC	5-methylcytosine	6	0.01369863
NC_003197.2	CDS	601817	602363	-	546	EBBPGFGJ_00541	ybcI	Inner membrane protein YbcI	m	5mC	5-methylcytosine	17	0.03113553
NC_003197.2	CDS	602490	602703	-	213	EBBPGFGJ_00542	ybcJ	Uncharacterized protein YbcJ	m	5mC	5-methylcytosine	9	0.04225352
NC_003197.2	CDS	602704	603571	-	867	EBBPGFGJ_00543	folD	Bifunctional protein FolD	m	5mC	5-methylcytosine	13	0.01499423
NC_003197.2	CDS	604117	604675	+	558	EBBPGFGJ_00544	fimA_2	Type-1 fimbrial protein%2C A chain	m	5mC	5-methylcytosine	5	0.00896057
NC_003197.2	CDS	604750	605284	+	534	EBBPGFGJ_00545	fimA_3	Type-1 fimbrial protein%2C A chain	m	5mC	5-methylcytosine	8	0.01498127
NC_003197.2	CDS	605327	606020	+	693	EBBPGFGJ_00546	sfmC_2	Probable fimbrial chaperone SfmC	m	5mC	5-methylcytosine	3	0.00432900
NC_003197.2	CDS	606050	608663	+	2613	EBBPGFGJ_00547	sfmD	Outer membrane usher protein SfmD	m	5mC	5-methylcytosine	114	0.04362801
NC_003197.2	CDS	608677	609685	+	1008	EBBPGFGJ_00548	sfmH_2	Uncharacterized fimbrial-like protein SfmH	m	5mC	5-methylcytosine	26	0.02579365
NC_003197.2	CDS	609694	610213	+	519	EBBPGFGJ_00549	sfmF	Uncharacterized fimbrial-like protein SfmF	m	5mC	5-methylcytosine	65	0.12524085
NC_003197.2	CDS	610258	610891	-	633	EBBPGFGJ_00550	bvgA	Virulence factors putative positive transcription regulator BvgA	m	5mC	5-methylcytosine	8	0.01263823
NC_003197.2	CDS	611494	612217	-	723	EBBPGFGJ_00551		hypothetical protein	m	5mC	5-methylcytosine	20	0.02766252
NC_003197.2	CDS	612235	612544	-	309	EBBPGFGJ_00552		hypothetical protein	m	5mC	5-methylcytosine	7	0.02265372
NC_003197.2	CDS	612708	613305	-	597	EBBPGFGJ_00553		hypothetical protein	m	5mC	5-methylcytosine	4	0.00670017
NC_003197.2	CDS	613752	614025	-	273	EBBPGFGJ_00555		hypothetical protein	m	5mC	5-methylcytosine	2	0.00732601
NC_003197.2	CDS	614201	614420	-	219	EBBPGFGJ_00556		hypothetical protein	m	5mC	5-methylcytosine	1	0.00456621
NC_003197.2	CDS	614591	614750	+	159	EBBPGFGJ_00557		hypothetical protein	m	5mC	5-methylcytosine	1	0.00628931
NC_003197.2	CDS	614806	616447	-	1641	EBBPGFGJ_00558		hypothetical protein	m	5mC	5-methylcytosine	4	0.00243754
NC_003197.2	CDS	616439	617366	-	927	EBBPGFGJ_00559	yfdH_1	Prophage bactoprenol glucosyl transferase homolog	m	5mC	5-methylcytosine	4	0.00431499
NC_003197.2	CDS	617362	617725	-	363	EBBPGFGJ_00560	yfdG	Prophage bactoprenol-linked glucose translocase homolog	m	5mC	5-methylcytosine	2	0.00550964
NC_003197.2	CDS	618592	618922	-	330	EBBPGFGJ_00561	cusS	Sensor histidine kinase CusS	m	5mC	5-methylcytosine	6	0.01818182
NC_003197.2	CDS	619260	620115	-	855	EBBPGFGJ_00562	rclR	RCS-specific HTH-type transcriptional activator RclR	m	5mC	5-methylcytosine	70	0.08187135
NC_003197.2	CDS	620330	621656	+	1326	EBBPGFGJ_00563	rclA	Probable pyridine nucleotide-disulfide oxidoreductase RclA	m	5mC	5-methylcytosine	20	0.01508296
NC_003197.2	CDS	621812	622049	+	237	EBBPGFGJ_00564	rclB	Uncharacterized protein RclB	m	5mC	5-methylcytosine	1	0.00421941
NC_003197.2	CDS	622061	622622	+	561	EBBPGFGJ_00565	rclC	Inner membrane protein RclC	m	5mC	5-methylcytosine	6	0.01069519
NC_003197.2	CDS	622700	623876	-	1176	EBBPGFGJ_00566		hypothetical protein	m	5mC	5-methylcytosine	111	0.09438776
NC_003197.2	CDS	624201	625596	+	1395	EBBPGFGJ_00567	pheP	Phenylalanine-specific permease	m	5mC	5-methylcytosine	16	0.01146953
NC_003197.2	CDS	625637	626885	-	1248	EBBPGFGJ_00568	ybdG	Miniconductance mechanosensitive channel YbdG	m	5mC	5-methylcytosine	11	0.00881410
NC_003197.2	CDS	627195	629166	+	1971	EBBPGFGJ_00569	lip-1	Lipase 1	m	5mC	5-methylcytosine	76	0.03855911
NC_003197.2	CDS	629332	632062	+	2730	EBBPGFGJ_00570	norR_1	Anaerobic nitric oxide reductase transcription regulator NorR	m	5mC	5-methylcytosine	78	0.02857143
NC_003197.2	CDS	632189	633176	-	987	EBBPGFGJ_00571	frlB_1	Fructosamine deglycase FrlB	m	5mC	5-methylcytosine	20	0.02026342
NC_003197.2	CDS	633242	634304	-	1062	EBBPGFGJ_00572		hypothetical protein	m	5mC	5-methylcytosine	37	0.03483992
NC_003197.2	CDS	634318	635173	-	855	EBBPGFGJ_00573	manZ_1	PTS system mannose-specific EIID component	m	5mC	5-methylcytosine	16	0.01871345
NC_003197.2	CDS	635175	635919	-	744	EBBPGFGJ_00574	sorC	PTS system sorbose-specific EIIC component	m	5mC	5-methylcytosine	31	0.04166667
NC_003197.2	CDS	635933	636404	-	471	EBBPGFGJ_00575	sorB_1	PTS system sorbose-specific EIIB component	m	5mC	5-methylcytosine	29	0.06157113
NC_003197.2	CDS	637030	637684	-	654	EBBPGFGJ_00577	nfsB	Oxygen-insensitive NAD(P)H nitroreductase	m	5mC	5-methylcytosine	15	0.02293578
NC_003197.2	CDS	637780	638149	-	369	EBBPGFGJ_00578		hypothetical protein	m	5mC	5-methylcytosine	5	0.01355014
NC_003197.2	CDS	638148	638730	-	582	EBBPGFGJ_00579	betI	HTH-type transcriptional regulator BetI	m	5mC	5-methylcytosine	5	0.00859107
NC_003197.2	CDS	639018	639360	+	342	EBBPGFGJ_00580	marA_1	Multiple antibiotic resistance protein MarA	m	5mC	5-methylcytosine	2	0.00584795
NC_003197.2	CDS	639680	640799	-	1119	EBBPGFGJ_00582	ybdK	Putative glutamate--cysteine ligase 2	m	5mC	5-methylcytosine	12	0.01072386
NC_003197.2	CDS	640810	641515	-	705	EBBPGFGJ_00583		hypothetical protein	m	5mC	5-methylcytosine	23	0.03262411
NC_003197.2	CDS	641560	643816	-	2256	EBBPGFGJ_00584	fepA	Ferrienterobactin receptor	m	5mC	5-methylcytosine	23	0.01019504
NC_003197.2	CDS	644004	645219	+	1215	EBBPGFGJ_00585	fes_1	Enterochelin esterase	m	5mC	5-methylcytosine	58	0.04773663
NC_003197.2	CDS	645249	645468	+	219	EBBPGFGJ_00586	ybdZ	Enterobactin biosynthesis protein YbdZ	m	5mC	5-methylcytosine	1	0.00456621
NC_003197.2	CDS	645464	649349	+	3885	EBBPGFGJ_00587	entF	Enterobactin synthase component F	m	5mC	5-methylcytosine	155	0.03989704
NC_003197.2	CDS	649598	650735	+	1137	EBBPGFGJ_00588	fepE	Ferric enterobactin transport protein FepE	m	5mC	5-methylcytosine	4	0.00351803
NC_003197.2	CDS	650787	651582	-	795	EBBPGFGJ_00589	fepC	Ferric enterobactin transport ATP-binding protein FepC	m	5mC	5-methylcytosine	17	0.02138365
NC_003197.2	CDS	651578	652568	-	990	EBBPGFGJ_00590	fepG	Ferric enterobactin transport system permease protein FepG	m	5mC	5-methylcytosine	49	0.04949495
NC_003197.2	CDS	652567	653575	-	1008	EBBPGFGJ_00591	fepD	Ferric enterobactin transport system permease protein FepD	m	5mC	5-methylcytosine	69	0.06845238
NC_003197.2	CDS	653685	654930	+	1245	EBBPGFGJ_00592	entS	Enterobactin exporter EntS	m	5mC	5-methylcytosine	8	0.00642570
NC_003197.2	CDS	654992	655949	-	957	EBBPGFGJ_00593	fepB	Ferrienterobactin-binding periplasmic protein	m	5mC	5-methylcytosine	43	0.04493208
NC_003197.2	CDS	656257	657433	+	1176	EBBPGFGJ_00594	entC	Isochorismate synthase EntC	m	5mC	5-methylcytosine	29	0.02465986
NC_003197.2	CDS	657442	659053	+	1611	EBBPGFGJ_00595	entE	Enterobactin synthase component E	m	5mC	5-methylcytosine	47	0.02917443
NC_003197.2	CDS	659066	659924	+	858	EBBPGFGJ_00596	entB	Enterobactin synthase component B	m	5mC	5-methylcytosine	8	0.00932401
NC_003197.2	CDS	659923	660679	+	756	EBBPGFGJ_00597	entA	2%2C3-dihydro-2%2C3-dihydroxybenzoate dehydrogenase	m	5mC	5-methylcytosine	29	0.03835979
NC_003197.2	CDS	660681	661095	+	414	EBBPGFGJ_00598	entH	Proofreading thioesterase EntH	m	5mC	5-methylcytosine	6	0.01449275
NC_003197.2	CDS	661276	663382	+	2106	EBBPGFGJ_00599	cstA	Peptide transporter CstA	m	5mC	5-methylcytosine	45	0.02136752
NC_003197.2	CDS	663445	663643	+	198	EBBPGFGJ_00600		hypothetical protein	m	5mC	5-methylcytosine	2	0.01010101
NC_003197.2	CDS	663678	664767	-	1089	EBBPGFGJ_00601	hcxA	Hydroxycarboxylate dehydrogenase A	m	5mC	5-methylcytosine	65	0.05968779
NC_003197.2	CDS	664893	666054	+	1161	EBBPGFGJ_00602	ybdL	Methionine aminotransferase	m	5mC	5-methylcytosine	57	0.04909561
NC_003197.2	CDS	666054	666672	-	618	EBBPGFGJ_00603	ybdM	Uncharacterized protein YbdM	m	5mC	5-methylcytosine	11	0.01779935
NC_003197.2	CDS	666644	667880	-	1236	EBBPGFGJ_00604	cysH_1	Phosphoadenosine phosphosulfate reductase	m	5mC	5-methylcytosine	10	0.00809061
NC_003197.2	CDS	668045	668948	-	903	EBBPGFGJ_00605	ybdO_2	Uncharacterized HTH-type transcriptional regulator YbdO	m	5mC	5-methylcytosine	6	0.00664452
NC_003197.2	CDS	669264	670011	-	747	EBBPGFGJ_00606	dsbG	Thiol:disulfide interchange protein DsbG	m	5mC	5-methylcytosine	15	0.02008032
NC_003197.2	CDS	670451	671015	+	564	EBBPGFGJ_00607	ahpC_2	Alkyl hydroperoxide reductase C	m	5mC	5-methylcytosine	27	0.04787234
NC_003197.2	CDS	671256	672822	+	1566	EBBPGFGJ_00608	ahpF	Alkyl hydroperoxide reductase subunit F	m	5mC	5-methylcytosine	35	0.02234994
NC_003197.2	CDS	673153	673714	+	561	EBBPGFGJ_00609	torD_1	Chaperone protein TorD	m	5mC	5-methylcytosine	3	0.00534759
NC_003197.2	CDS	673706	675986	+	2280	EBBPGFGJ_00610	ynfE_1	Putative dimethyl sulfoxide reductase chain YnfE	m	5mC	5-methylcytosine	95	0.04166667
NC_003197.2	CDS	675982	676540	+	558	EBBPGFGJ_00611	rsxB_1	Ion-translocating oxidoreductase complex subunit B	m	5mC	5-methylcytosine	1	0.00179211
NC_003197.2	CDS	676539	677307	+	768	EBBPGFGJ_00612		hypothetical protein	m	5mC	5-methylcytosine	43	0.05598958
NC_003197.2	CDS	677374	677803	-	429	EBBPGFGJ_00613	uspG	Universal stress protein UP12	m	5mC	5-methylcytosine	2	0.00466200
NC_003197.2	CDS	678025	679264	+	1239	EBBPGFGJ_00614		Probable zinc-binding alcohol dehydrogenase Rv1895	m	5mC	5-methylcytosine	17	0.01372074
NC_003197.2	CDS	679346	679757	-	411	EBBPGFGJ_00615	rnk	Regulator of nucleoside diphosphate kinase	m	5mC	5-methylcytosine	12	0.02919708
NC_003197.2	CDS	679991	680798	-	807	EBBPGFGJ_00616	rna	Ribonuclease I	m	5mC	5-methylcytosine	22	0.02726146
NC_003197.2	CDS	680907	682371	-	1464	EBBPGFGJ_00617	ttdT	L-tartrate/succinate antiporter	m	5mC	5-methylcytosine	6	0.00409836
NC_003197.2	CDS	682408	683305	-	897	EBBPGFGJ_00618	citG_2	2-(5''-triphosphoribosyl)-3'-dephosphocoenzyme-A synthase	m	5mC	5-methylcytosine	112	0.12486065
NC_003197.2	CDS	683276	683828	-	552	EBBPGFGJ_00619	citX_2	Apo-citrate lyase phosphoribosyl-dephospho-CoA transferase	m	5mC	5-methylcytosine	63	0.11413043
NC_003197.2	CDS	683831	685361	-	1530	EBBPGFGJ_00620	citF_2	Citrate lyase alpha chain	m	5mC	5-methylcytosine	61	0.03986928
NC_003197.2	CDS	685370	686279	-	909	EBBPGFGJ_00621	citE_2	Citrate lyase subunit beta	m	5mC	5-methylcytosine	24	0.02640264
NC_003197.2	CDS	686275	686572	-	297	EBBPGFGJ_00622	citD_2	Citrate lyase acyl carrier protein	m	5mC	5-methylcytosine	8	0.02693603
NC_003197.2	CDS	686568	687645	-	1077	EBBPGFGJ_00623	citC_2	[Citrate [pro-3S]-lyase] ligase	m	5mC	5-methylcytosine	2	0.00185701
NC_003197.2	CDS	688029	689691	+	1662	EBBPGFGJ_00624	dpiB	Sensor histidine kinase DpiB	m	5mC	5-methylcytosine	19	0.01143201
NC_003197.2	CDS	689659	690340	+	681	EBBPGFGJ_00625	dpiA	Transcriptional regulatory protein DpiA	m	5mC	5-methylcytosine	24	0.03524229
NC_003197.2	CDS	690393	691779	-	1386	EBBPGFGJ_00626	dcuD	Putative cryptic C4-dicarboxylate transporter DcuD	m	5mC	5-methylcytosine	48	0.03463203
NC_003197.2	CDS	692157	692730	+	573	EBBPGFGJ_00627	pagP	Lipid A palmitoyltransferase PagP	m	5mC	5-methylcytosine	6	0.01047120
NC_003197.2	CDS	692917	693127	+	210	EBBPGFGJ_00628	cspE	Cold shock-like protein CspE	m	5mC	5-methylcytosine	12	0.05714286
NC_003197.2	CDS	693184	693568	-	384	EBBPGFGJ_00629	crcB	Putative fluoride ion transporter CrcB	m	5mC	5-methylcytosine	11	0.02864583
NC_003197.2	CDS	693658	694447	+	789	EBBPGFGJ_00630	ybeM	Deaminated glutathione amidase	m	5mC	5-methylcytosine	27	0.03422053
NC_003197.2	CDS	694575	694779	+	204	EBBPGFGJ_00631	tatE	Sec-independent protein translocase protein TatE	m	5mC	5-methylcytosine	2	0.00980392
NC_003197.2	CDS	694864	695830	-	966	EBBPGFGJ_00632	lipA	Lipoyl synthase	m	5mC	5-methylcytosine	31	0.03209110
NC_003197.2	CDS	696035	696989	-	954	EBBPGFGJ_00633	ybdO_3	Uncharacterized HTH-type transcriptional regulator YbdO	m	5mC	5-methylcytosine	7	0.00733753
NC_003197.2	CDS	697290	697932	-	642	EBBPGFGJ_00634	lipB	Octanoyltransferase	m	5mC	5-methylcytosine	4	0.00623053
NC_003197.2	CDS	698031	698295	-	264	EBBPGFGJ_00635	ybeD	UPF0250 protein YbeD	m	5mC	5-methylcytosine	1	0.00378788
NC_003197.2	CDS	698403	699615	-	1212	EBBPGFGJ_00636	dacA	D-alanyl-D-alanine carboxypeptidase DacA	m	5mC	5-methylcytosine	44	0.03630363
NC_003197.2	CDS	699754	700900	-	1146	EBBPGFGJ_00637	rlpA	Endolytic peptidoglycan transglycosylase RlpA	m	5mC	5-methylcytosine	42	0.03664921
NC_003197.2	CDS	700910	702023	-	1113	EBBPGFGJ_00638	mrdB	Peptidoglycan glycosyltransferase MrdB	m	5mC	5-methylcytosine	16	0.01437556
NC_003197.2	CDS	702025	703927	-	1902	EBBPGFGJ_00639	mrdA_1	Peptidoglycan D%2CD-transpeptidase MrdA	m	5mC	5-methylcytosine	35	0.01840168
NC_003197.2	CDS	703957	704425	-	468	EBBPGFGJ_00640	rlmH	Ribosomal RNA large subunit methyltransferase H	m	5mC	5-methylcytosine	10	0.02136752
NC_003197.2	CDS	704428	704746	-	318	EBBPGFGJ_00641	rsfS	Ribosomal silencing factor RsfS	m	5mC	5-methylcytosine	1	0.00314465
NC_003197.2	CDS	705074	705683	-	609	EBBPGFGJ_00642	cobC	Adenosylcobalamin/alpha-ribazole phosphatase	m	5mC	5-methylcytosine	47	0.07717570
NC_003197.2	CDS	705779	706874	+	1095	EBBPGFGJ_00643	cobD_1	Threonine-phosphate decarboxylase	m	5mC	5-methylcytosine	14	0.01278539
NC_003197.2	CDS	706848	707499	-	651	EBBPGFGJ_00644	nadD	Nicotinate-nucleotide adenylyltransferase	m	5mC	5-methylcytosine	9	0.01382488
NC_003197.2	CDS	707491	708523	-	1032	EBBPGFGJ_00645	holA	DNA polymerase III subunit delta	m	5mC	5-methylcytosine	69	0.06686047
NC_003197.2	CDS	708522	709113	-	591	EBBPGFGJ_00646	lptE	LPS-assembly lipoprotein LptE	m	5mC	5-methylcytosine	15	0.02538071
NC_003197.2	CDS	709127	711710	-	2583	EBBPGFGJ_00647	leuS	Leucine--tRNA ligase	m	5mC	5-methylcytosine	56	0.02168022
NC_003197.2	CDS	711997	712288	+	291	EBBPGFGJ_00648	uxaA	Altronate dehydratase	m	5mC	5-methylcytosine	8	0.02749141
NC_003197.2	CDS	712226	713477	+	1251	EBBPGFGJ_00649	suyB	(2R)-sulfolactate sulfo-lyase subunit beta	m	5mC	5-methylcytosine	32	0.02557954
NC_003197.2	CDS	713526	714480	+	954	EBBPGFGJ_00650	kdgT_2	2-keto-3-deoxygluconate permease	m	5mC	5-methylcytosine	20	0.02096436
NC_003197.2	CDS	714547	716476	+	1929	EBBPGFGJ_00651	norR_2	Anaerobic nitric oxide reductase transcription regulator NorR	m	5mC	5-methylcytosine	21	0.01088647
NC_003197.2	CDS	716568	717042	+	474	EBBPGFGJ_00652		hypothetical protein	m	5mC	5-methylcytosine	18	0.03797468
NC_003197.2	CDS	717080	718076	-	996	EBBPGFGJ_00653	esiB	Secretory immunoglobulin A-binding protein EsiB	m	5mC	5-methylcytosine	8	0.00803213
NC_003197.2	CDS	718200	718908	+	708	EBBPGFGJ_00654		hypothetical protein	m	5mC	5-methylcytosine	8	0.01129944
NC_003197.2	CDS	718904	720338	+	1434	EBBPGFGJ_00655		hypothetical protein	m	5mC	5-methylcytosine	28	0.01952580
NC_003197.2	CDS	720349	721045	+	696	EBBPGFGJ_00656		hypothetical protein	m	5mC	5-methylcytosine	6	0.00862069
NC_003197.2	CDS	721041	722514	+	1473	EBBPGFGJ_00657		hypothetical protein	m	5mC	5-methylcytosine	91	0.06177868
NC_003197.2	CDS	722535	724215	-	1680	EBBPGFGJ_00658	hscC	Chaperone protein HscC	m	5mC	5-methylcytosine	81	0.04821429
NC_003197.2	CDS	724290	725529	-	1239	EBBPGFGJ_00659		hypothetical protein	m	5mC	5-methylcytosine	13	0.01049233
NC_003197.2	CDS	725560	726496	-	936	EBBPGFGJ_00660	rihA	Pyrimidine-specific ribonucleoside hydrolase RihA	m	5mC	5-methylcytosine	41	0.04380342
NC_003197.2	CDS	726612	727338	-	726	EBBPGFGJ_00661	glnQ_1	Glutamine transport ATP-binding protein GlnQ	m	5mC	5-methylcytosine	17	0.02341598
NC_003197.2	CDS	727337	728012	-	675	EBBPGFGJ_00662	gltK	Glutamate/aspartate import permease protein GltK	m	5mC	5-methylcytosine	2	0.00296296
NC_003197.2	CDS	728011	728752	-	741	EBBPGFGJ_00663	gltJ	Glutamate/aspartate import permease protein GltJ	m	5mC	5-methylcytosine	12	0.01619433
NC_003197.2	CDS	728911	729820	-	909	EBBPGFGJ_00664	gltI	Glutamate/aspartate import solute-binding protein	m	5mC	5-methylcytosine	9	0.00990099
NC_003197.2	CDS	730174	731764	-	1590	EBBPGFGJ_00665	lnt	Apolipoprotein N-acyltransferase	m	5mC	5-methylcytosine	34	0.02138365
NC_003197.2	CDS	731732	732611	-	879	EBBPGFGJ_00666	corC	Magnesium and cobalt efflux protein CorC	m	5mC	5-methylcytosine	26	0.02957907
NC_003197.2	CDS	732768	733242	-	474	EBBPGFGJ_00667	ybeY	Endoribonuclease YbeY	m	5mC	5-methylcytosine	6	0.01265823
NC_003197.2	CDS	733238	734285	-	1047	EBBPGFGJ_00668	ybeZ	PhoH-like protein	m	5mC	5-methylcytosine	15	0.01432665
NC_003197.2	CDS	734489	735914	-	1425	EBBPGFGJ_00669	miaB	tRNA-2-methylthio-N(6)-dimethylallyladenosine synthase	m	5mC	5-methylcytosine	14	0.00982456
NC_003197.2	CDS	736057	737233	+	1176	EBBPGFGJ_00670	ubiF	3-demethoxyubiquinol 3-hydroxylase	m	5mC	5-methylcytosine	103	0.08758503
NC_003197.2	CDS	737299	737824	-	525	EBBPGFGJ_00671		hypothetical protein	m	5mC	5-methylcytosine	1	0.00190476
NC_003197.2	tRNA	738010	738085	-	75	EBBPGFGJ_00672		tRNA-Gln(ctg)	m	5mC	5-methylcytosine	3	0.04000000
NC_003197.2	tRNA	738249	738326	-	77	EBBPGFGJ_00674		tRNA-Met(cat)	m	5mC	5-methylcytosine	7	0.09090909
NC_003197.2	tRNA	738451	738526	-	75	EBBPGFGJ_00676		tRNA-Gln(ttg)	m	5mC	5-methylcytosine	6	0.08000000
NC_003197.2	tRNA	738549	738634	-	85	EBBPGFGJ_00677		tRNA-Leu(tag)	m	5mC	5-methylcytosine	2	0.02352941
NC_003197.2	CDS	738941	740606	-	1665	EBBPGFGJ_00679	asnB	Asparagine synthetase B [glutamine-hydrolyzing]	m	5mC	5-methylcytosine	22	0.01321321
NC_003197.2	CDS	740895	741648	-	753	EBBPGFGJ_00680	nagD	Ribonucleotide monophosphatase NagD	m	5mC	5-methylcytosine	27	0.03585657
NC_003197.2	CDS	741694	742915	-	1221	EBBPGFGJ_00681	nagC	N-acetylglucosamine repressor	m	5mC	5-methylcytosine	47	0.03849304
NC_003197.2	CDS	742919	744134	-	1215	EBBPGFGJ_00682	nagA	N-acetylglucosamine-6-phosphate deacetylase	m	5mC	5-methylcytosine	16	0.01316872
NC_003197.2	CDS	744133	744934	-	801	EBBPGFGJ_00683	nagB	Glucosamine-6-phosphate deaminase	m	5mC	5-methylcytosine	7	0.00873908
NC_003197.2	CDS	745260	747213	+	1953	EBBPGFGJ_00684	nagE	PTS system N-acetylglucosamine-specific EIICBA component	m	5mC	5-methylcytosine	34	0.01740911
NC_003197.2	CDS	747423	749091	+	1668	EBBPGFGJ_00685	glnS	Glutamine--tRNA ligase	m	5mC	5-methylcytosine	59	0.03537170
NC_003197.2	CDS	749536	750943	+	1407	EBBPGFGJ_00686	chiP	Chitoporin	m	5mC	5-methylcytosine	10	0.00710732
NC_003197.2	CDS	750992	751325	+	333	EBBPGFGJ_00687	chiQ	Uncharacterized lipoprotein ChiQ	m	5mC	5-methylcytosine	12	0.03603604
NC_003197.2	CDS	751373	752678	-	1305	EBBPGFGJ_00688	proP_1	Proline/betaine transporter	m	5mC	5-methylcytosine	12	0.00919540
NC_003197.2	CDS	752728	753868	-	1140	EBBPGFGJ_00689		hypothetical protein	m	5mC	5-methylcytosine	49	0.04298246
NC_003197.2	CDS	753854	755258	-	1404	EBBPGFGJ_00690	ifcA	Fumarate reductase flavoprotein subunit	m	5mC	5-methylcytosine	161	0.11467236
NC_003197.2	CDS	755355	756282	-	927	EBBPGFGJ_00691	catM	HTH-type transcriptional regulator CatM	m	5mC	5-methylcytosine	29	0.03128371
NC_003197.2	CDS	756396	756849	-	453	EBBPGFGJ_00692	fur	Ferric uptake regulation protein	m	5mC	5-methylcytosine	1	0.00220751
NC_003197.2	CDS	757130	757661	-	531	EBBPGFGJ_00693	fldA	Flavodoxin 1	m	5mC	5-methylcytosine	5	0.00941620
NC_003197.2	CDS	757811	758105	-	294	EBBPGFGJ_00694	ybfE	Uncharacterized protein YbfE	m	5mC	5-methylcytosine	1	0.00340136
NC_003197.2	CDS	758238	759009	-	771	EBBPGFGJ_00695	ybfF	Esterase YbfF	m	5mC	5-methylcytosine	11	0.01426719
NC_003197.2	CDS	759193	759736	+	543	EBBPGFGJ_00696	seqA	Negative modulator of initiation of replication	m	5mC	5-methylcytosine	4	0.00736648
NC_003197.2	CDS	759760	761401	+	1641	EBBPGFGJ_00697	pgm	Phosphoglucomutase	m	5mC	5-methylcytosine	41	0.02498477
NC_003197.2	CDS	761515	762001	-	486	EBBPGFGJ_00698		hypothetical protein	m	5mC	5-methylcytosine	2	0.00411523
NC_003197.2	CDS	762065	763385	-	1320	EBBPGFGJ_00699	potE	Putrescine transporter PotE	m	5mC	5-methylcytosine	24	0.01818182
NC_003197.2	CDS	763381	765580	-	2199	EBBPGFGJ_00700	speF	Inducible ornithine decarboxylase	m	5mC	5-methylcytosine	24	0.01091405
NC_003197.2	CDS	766341	767019	-	678	EBBPGFGJ_00702	kdpE	KDP operon transcriptional regulatory protein KdpE	m	5mC	5-methylcytosine	22	0.03244838
NC_003197.2	CDS	767015	769700	-	2685	EBBPGFGJ_00703	kdpD	Sensor protein KdpD	m	5mC	5-methylcytosine	105	0.03910615
NC_003197.2	CDS	769696	770281	-	585	EBBPGFGJ_00704	kdpC	Potassium-transporting ATPase KdpC subunit	m	5mC	5-methylcytosine	15	0.02564103
NC_003197.2	CDS	770289	772338	-	2049	EBBPGFGJ_00705	kdpB	Potassium-transporting ATPase ATP-binding subunit	m	5mC	5-methylcytosine	76	0.03709126
NC_003197.2	CDS	772358	774038	-	1680	EBBPGFGJ_00706	kdpA	Potassium-transporting ATPase potassium-binding subunit	m	5mC	5-methylcytosine	43	0.02559524
NC_003197.2	CDS	774463	774670	+	207	EBBPGFGJ_00707		hypothetical protein	m	5mC	5-methylcytosine	1	0.00483092
NC_003197.2	CDS	774780	776202	+	1422	EBBPGFGJ_00708	phrB	Deoxyribodipyrimidine photo-lyase	m	5mC	5-methylcytosine	48	0.03375527
NC_003197.2	CDS	776240	777722	-	1482	EBBPGFGJ_00709	dtpD	Dipeptide permease D	m	5mC	5-methylcytosine	61	0.04116059
NC_003197.2	CDS	778050	778794	+	744	EBBPGFGJ_00710	ybgI	GTP cyclohydrolase 1 type 2 homolog	m	5mC	5-methylcytosine	14	0.01881720
NC_003197.2	CDS	778809	779466	+	657	EBBPGFGJ_00711	pxpB	5-oxoprolinase subunit B	m	5mC	5-methylcytosine	13	0.01978691
NC_003197.2	CDS	779459	780392	+	933	EBBPGFGJ_00712	pxpC	5-oxoprolinase subunit C	m	5mC	5-methylcytosine	56	0.06002144
NC_003197.2	CDS	780381	781116	+	735	EBBPGFGJ_00713	pxpA	5-oxoprolinase subunit A	m	5mC	5-methylcytosine	76	0.10340136
NC_003197.2	CDS	781630	782197	+	567	EBBPGFGJ_00714		ISKra4 family transposase ISCep1	m	5mC	5-methylcytosine	2	0.00352734
NC_003197.2	CDS	782770	782992	+	222	EBBPGFGJ_00715		hypothetical protein	m	5mC	5-methylcytosine	8	0.03603604
NC_003197.2	CDS	782993	783734	+	741	EBBPGFGJ_00716		hypothetical protein	m	5mC	5-methylcytosine	55	0.07422402
NC_003197.2	CDS	784019	785171	+	1152	EBBPGFGJ_00717	rfbD_1	UDP-galactopyranose mutase	m	5mC	5-methylcytosine	2	0.00173611
NC_003197.2	CDS	785170	786064	+	894	EBBPGFGJ_00718		hypothetical protein	m	5mC	5-methylcytosine	3	0.00335570
NC_003197.2	CDS	786076	787210	+	1134	EBBPGFGJ_00719	pglA	N%2CN'-diacetylbacillosaminyl-diphospho-undecaprenol alpha-1%2C3-N-acetylgalactosaminyltransferase	m	5mC	5-methylcytosine	6	0.00529101
NC_003197.2	CDS	787338	788109	+	771	EBBPGFGJ_00720		hypothetical protein	m	5mC	5-methylcytosine	7	0.00907912
NC_003197.2	CDS	788112	788823	+	711	EBBPGFGJ_00721	tagH	Teichoic acids export ATP-binding protein TagH	m	5mC	5-methylcytosine	10	0.01406470
NC_003197.2	CDS	788916	790695	+	1779	EBBPGFGJ_00722		hypothetical protein	m	5mC	5-methylcytosine	15	0.00843170
NC_003197.2	CDS	790887	791721	+	834	EBBPGFGJ_00723		hypothetical protein	m	5mC	5-methylcytosine	5	0.00599520
NC_003197.2	CDS	791724	793674	+	1950	EBBPGFGJ_00724		hypothetical protein	m	5mC	5-methylcytosine	17	0.00871795
NC_003197.2	CDS	793741	793879	+	138	EBBPGFGJ_00725		hypothetical protein	m	5mC	5-methylcytosine	1	0.00724638
NC_003197.2	CDS	793927	794719	+	792	EBBPGFGJ_00726	nei	Endonuclease 8	m	5mC	5-methylcytosine	28	0.03535354
NC_003197.2	CDS	794773	795820	-	1047	EBBPGFGJ_00727		hypothetical protein	m	5mC	5-methylcytosine	37	0.03533906
NC_003197.2	CDS	795956	797240	-	1284	EBBPGFGJ_00728	gltA	Citrate synthase	m	5mC	5-methylcytosine	29	0.02258567
NC_003197.2	CDS	797340	797586	+	246	EBBPGFGJ_00729		hypothetical protein	m	5mC	5-methylcytosine	2	0.00813008
NC_003197.2	CDS	798377	798725	+	348	EBBPGFGJ_00731	sdhD	Succinate dehydrogenase hydrophobic membrane anchor subunit	m	5mC	5-methylcytosine	1	0.00287356
NC_003197.2	CDS	798724	800491	+	1767	EBBPGFGJ_00732	sdhA	Succinate dehydrogenase flavoprotein subunit	m	5mC	5-methylcytosine	77	0.04357668
NC_003197.2	CDS	800507	801224	+	717	EBBPGFGJ_00733	sdhB	Succinate dehydrogenase iron-sulfur subunit	m	5mC	5-methylcytosine	2	0.00278940
NC_003197.2	CDS	801747	804549	+	2802	EBBPGFGJ_00734	sucA	2-oxoglutarate dehydrogenase E1 component	m	5mC	5-methylcytosine	83	0.02962170
NC_003197.2	CDS	804563	805772	+	1209	EBBPGFGJ_00735	sucB	Dihydrolipoyllysine-residue succinyltransferase component of 2-oxoglutarate dehydrogenase complex	m	5mC	5-methylcytosine	57	0.04714640
NC_003197.2	CDS	805913	807080	+	1167	EBBPGFGJ_00736	sucC	Succinate--CoA ligase [ADP-forming] subunit beta	m	5mC	5-methylcytosine	38	0.03256213
NC_003197.2	CDS	807079	807949	+	870	EBBPGFGJ_00737	sucD	Succinate--CoA ligase [ADP-forming] subunit alpha	m	5mC	5-methylcytosine	25	0.02873563
NC_003197.2	CDS	809531	811100	+	1569	EBBPGFGJ_00739	cydA	Cytochrome bd-I ubiquinol oxidase subunit 1	m	5mC	5-methylcytosine	23	0.01465902
NC_003197.2	CDS	811115	812255	+	1140	EBBPGFGJ_00740	cydB	Cytochrome bd-I ubiquinol oxidase subunit 2	m	5mC	5-methylcytosine	3	0.00263158
NC_003197.2	CDS	812269	812383	+	114	EBBPGFGJ_00741	cydX	Cytochrome bd-I ubiquinol oxidase subunit X	m	5mC	5-methylcytosine	2	0.01754386
NC_003197.2	CDS	812519	812801	+	282	EBBPGFGJ_00742		hypothetical protein	m	5mC	5-methylcytosine	10	0.03546099
NC_003197.2	CDS	813029	813434	+	405	EBBPGFGJ_00743	ybgC	Acyl-CoA thioester hydrolase YbgC	m	5mC	5-methylcytosine	7	0.01728395
NC_003197.2	CDS	813430	814123	+	693	EBBPGFGJ_00744	tolQ	Tol-Pal system protein TolQ	m	5mC	5-methylcytosine	19	0.02741703
NC_003197.2	CDS	814619	815843	+	1224	EBBPGFGJ_00746		hypothetical protein	m	5mC	5-methylcytosine	33	0.02696078
NC_003197.2	CDS	815966	817259	+	1293	EBBPGFGJ_00747	tolB	Tol-Pal system protein TolB	m	5mC	5-methylcytosine	61	0.04717711
NC_003197.2	CDS	817293	817818	+	525	EBBPGFGJ_00748	pal_2	Peptidoglycan-associated lipoprotein	m	5mC	5-methylcytosine	40	0.07619048
NC_003197.2	CDS	817827	818616	+	789	EBBPGFGJ_00749	cpoB	Cell division coordinator CpoB	m	5mC	5-methylcytosine	17	0.02154626
NC_003197.2	tRNA	818780	818856	+	76	EBBPGFGJ_00750		tRNA-Lys(ttt)	m	5mC	5-methylcytosine	1	0.01315789
NC_003197.2	tRNA	819401	819477	+	76	EBBPGFGJ_00754		tRNA-Lys(ttt)	m	5mC	5-methylcytosine	4	0.05263158
NC_003197.2	CDS	820235	821279	+	1044	EBBPGFGJ_00755	nadA	Quinolinate synthase A	m	5mC	5-methylcytosine	32	0.03065134
NC_003197.2	CDS	821303	822023	+	720	EBBPGFGJ_00756	pnuC	Nicotinamide riboside transporter PnuC	m	5mC	5-methylcytosine	3	0.00416667
NC_003197.2	CDS	822019	822958	-	939	EBBPGFGJ_00757	zitB	Zinc transporter ZitB	m	5mC	5-methylcytosine	12	0.01277955
NC_003197.2	CDS	823068	823455	-	387	EBBPGFGJ_00758		hypothetical protein	m	5mC	5-methylcytosine	6	0.01550388
NC_003197.2	CDS	823774	824827	+	1053	EBBPGFGJ_00759	aroG	Phospho-2-dehydro-3-deoxyheptonate aldolase%2C Phe-sensitive	m	5mC	5-methylcytosine	31	0.02943970
NC_003197.2	CDS	824920	825466	-	546	EBBPGFGJ_00760	fumB_1	Fumarate hydratase class I%2C anaerobic	m	5mC	5-methylcytosine	7	0.01282051
NC_003197.2	CDS	825480	826326	-	846	EBBPGFGJ_00761	ttdA_1	L(+)-tartrate dehydratase subunit alpha	m	5mC	5-methylcytosine	2	0.00236407
NC_003197.2	CDS	826455	827346	+	891	EBBPGFGJ_00762	cynR	HTH-type transcriptional regulator CynR	m	5mC	5-methylcytosine	4	0.00448934
NC_003197.2	CDS	827346	828273	-	927	EBBPGFGJ_00763	yjiE_1	HTH-type transcriptional regulator YjiE	m	5mC	5-methylcytosine	9	0.00970874
NC_003197.2	CDS	828552	829821	+	1269	EBBPGFGJ_00764		hypothetical protein	m	5mC	5-methylcytosine	8	0.00630418
NC_003197.2	CDS	829870	830116	+	246	EBBPGFGJ_00765	oadG_2	Oxaloacetate decarboxylase gamma chain	m	5mC	5-methylcytosine	7	0.02845528
NC_003197.2	CDS	830131	830605	+	474	EBBPGFGJ_00766	oadA_2	Oxaloacetate decarboxylase alpha chain	m	5mC	5-methylcytosine	44	0.09282700
NC_003197.2	CDS	830652	831906	+	1254	EBBPGFGJ_00767	oadA_3	Oxaloacetate decarboxylase alpha chain	m	5mC	5-methylcytosine	85	0.06778309
NC_003197.2	CDS	831921	833223	+	1302	EBBPGFGJ_00768	oadB_2	Oxaloacetate decarboxylase beta chain	m	5mC	5-methylcytosine	120	0.09216590
NC_003197.2	CDS	833341	834040	+	699	EBBPGFGJ_00769	citG_3	2-(5''-triphosphoribosyl)-3'-dephosphocoenzyme-A synthase	m	5mC	5-methylcytosine	32	0.04577969
NC_003197.2	CDS	834419	835499	+	1080	EBBPGFGJ_00770	hmuU	Hemin transport system permease protein HmuU	m	5mC	5-methylcytosine	4	0.00370370
NC_003197.2	CDS	835498	836275	+	777	EBBPGFGJ_00771	yusV	Probable siderophore transport system ATP-binding protein YusV	m	5mC	5-methylcytosine	13	0.01673102
NC_003197.2	CDS	836365	837118	-	753	EBBPGFGJ_00772	gpmA	2%2C3-bisphosphoglycerate-dependent phosphoglycerate mutase	m	5mC	5-methylcytosine	1	0.00132802
NC_003197.2	CDS	837341	838382	-	1041	EBBPGFGJ_00773	galM	Aldose 1-epimerase	m	5mC	5-methylcytosine	25	0.02401537
NC_003197.2	CDS	838375	839524	-	1149	EBBPGFGJ_00774	galK	Galactokinase	m	5mC	5-methylcytosine	52	0.04525674
NC_003197.2	CDS	839526	840573	-	1047	EBBPGFGJ_00775	galT	Galactose-1-phosphate uridylyltransferase	m	5mC	5-methylcytosine	37	0.03533906
NC_003197.2	CDS	840583	841600	-	1017	EBBPGFGJ_00776	galE	UDP-glucose 4-epimerase	m	5mC	5-methylcytosine	15	0.01474926
NC_003197.2	CDS	841822	842731	-	909	EBBPGFGJ_00777		hypothetical protein	m	5mC	5-methylcytosine	5	0.00550055
NC_003197.2	CDS	842901	844377	-	1476	EBBPGFGJ_00778	modF	ABC transporter ATP-binding protein ModF	m	5mC	5-methylcytosine	24	0.01626016
NC_003197.2	CDS	844444	845233	-	789	EBBPGFGJ_00779	modE	DNA-binding transcriptional dual regulator ModE	m	5mC	5-methylcytosine	46	0.05830165
NC_003197.2	CDS	845677	846451	+	774	EBBPGFGJ_00781	modA	Molybdate-binding protein ModA	m	5mC	5-methylcytosine	24	0.03100775
NC_003197.2	CDS	846450	847140	+	690	EBBPGFGJ_00782	modB	Molybdenum transport system permease protein ModB	m	5mC	5-methylcytosine	20	0.02898551
NC_003197.2	CDS	847142	848201	+	1059	EBBPGFGJ_00783	btuD_1	Vitamin B12 import ATP-binding protein BtuD	m	5mC	5-methylcytosine	32	0.03021719
NC_003197.2	CDS	848201	849020	-	819	EBBPGFGJ_00784	ybhA_1	Pyridoxal phosphate phosphatase YbhA	m	5mC	5-methylcytosine	11	0.01343101
NC_003197.2	CDS	849183	850179	+	996	EBBPGFGJ_00785	pgl	6-phosphogluconolactonase	m	5mC	5-methylcytosine	12	0.01204819
NC_003197.2	CDS	850322	851606	-	1284	EBBPGFGJ_00786	ybhC	Putative acyl-CoA thioester hydrolase YbhC	m	5mC	5-methylcytosine	25	0.01947040
NC_003197.2	CDS	851897	853067	+	1170	EBBPGFGJ_00787	hutI	Imidazolonepropionase	m	5mC	5-methylcytosine	19	0.01623932
NC_003197.2	CDS	853063	854005	+	942	EBBPGFGJ_00788	hutG	Formimidoylglutamase	m	5mC	5-methylcytosine	32	0.03397028
NC_003197.2	CDS	854049	854775	+	726	EBBPGFGJ_00789	nagR_1	HTH-type transcriptional repressor NagR	m	5mC	5-methylcytosine	3	0.00413223
NC_003197.2	CDS	854971	856117	+	1146	EBBPGFGJ_00790	hutU_1	Urocanate hydratase	m	5mC	5-methylcytosine	18	0.01570681
NC_003197.2	CDS	856056	856656	+	600	EBBPGFGJ_00791	hutU_2	Urocanate hydratase	m	5mC	5-methylcytosine	10	0.01666667
NC_003197.2	CDS	856657	858178	+	1521	EBBPGFGJ_00792	hutH	Histidine ammonia-lyase	m	5mC	5-methylcytosine	77	0.05062459
NC_003197.2	CDS	858262	858739	-	477	EBBPGFGJ_00793	ybhB	UPF0098 protein YbhB	m	5mC	5-methylcytosine	32	0.06708595
NC_003197.2	CDS	858796	860086	-	1290	EBBPGFGJ_00794	bioA	Adenosylmethionine-8-amino-7-oxononanoate aminotransferase	m	5mC	5-methylcytosine	62	0.04806202
NC_003197.2	CDS	860172	861213	+	1041	EBBPGFGJ_00795	bioB	Biotin synthase	m	5mC	5-methylcytosine	2	0.00192123
NC_003197.2	CDS	861209	862367	+	1158	EBBPGFGJ_00796	bioF	8-amino-7-oxononanoate synthase	m	5mC	5-methylcytosine	40	0.03454231
NC_003197.2	CDS	862350	863106	+	756	EBBPGFGJ_00797	bioC	Malonyl-[acyl-carrier protein] O-methyltransferase	m	5mC	5-methylcytosine	78	0.10317460
NC_003197.2	CDS	863098	863785	+	687	EBBPGFGJ_00798	bioD1_1	ATP-dependent dethiobiotin synthetase BioD 1	m	5mC	5-methylcytosine	45	0.06550218
NC_003197.2	CDS	864435	866457	+	2022	EBBPGFGJ_00799	uvrB	UvrABC system protein B	m	5mC	5-methylcytosine	33	0.01632047
NC_003197.2	CDS	866946	869244	+	2298	EBBPGFGJ_00800	slrP	E3 ubiquitin-protein ligase SlrP	m	5mC	5-methylcytosine	6	0.00261097
NC_003197.2	CDS	869335	870244	-	909	EBBPGFGJ_00801	ybhK	Putative gluconeogenesis factor	m	5mC	5-methylcytosine	14	0.01540154
NC_003197.2	CDS	870607	871630	+	1023	EBBPGFGJ_00802	moaA	GTP 3'%2C8-cyclase	m	5mC	5-methylcytosine	46	0.04496579
NC_003197.2	CDS	871651	872164	+	513	EBBPGFGJ_00803	moaB	Molybdenum cofactor biosynthesis protein B	m	5mC	5-methylcytosine	11	0.02144250
NC_003197.2	CDS	872208	872652	+	444	EBBPGFGJ_00804	moaC	Cyclic pyranopterin monophosphate synthase	m	5mC	5-methylcytosine	10	0.02252252
NC_003197.2	CDS	872644	872890	+	246	EBBPGFGJ_00805	moaD	Molybdopterin synthase sulfur carrier subunit	m	5mC	5-methylcytosine	10	0.04065041
NC_003197.2	CDS	872891	873344	+	453	EBBPGFGJ_00806	moaE	Molybdopterin synthase catalytic subunit	m	5mC	5-methylcytosine	25	0.05518764
NC_003197.2	CDS	873391	874096	+	705	EBBPGFGJ_00807	ybhL_1	Inner membrane protein YbhL	m	5mC	5-methylcytosine	3	0.00425532
NC_003197.2	CDS	874096	874282	-	186	EBBPGFGJ_00808		hypothetical protein	m	5mC	5-methylcytosine	2	0.01075269
NC_003197.2	CDS	874428	874950	+	522	EBBPGFGJ_00809	ybhL_2	Inner membrane protein YbhL	m	5mC	5-methylcytosine	5	0.00957854
NC_003197.2	CDS	874979	875582	+	603	EBBPGFGJ_00810		hypothetical protein	m	5mC	5-methylcytosine	3	0.00497512
NC_003197.2	CDS	875589	876150	+	561	EBBPGFGJ_00811		hypothetical protein	m	5mC	5-methylcytosine	4	0.00713012
NC_003197.2	CDS	876152	877115	-	963	EBBPGFGJ_00812	ybhN	Inner membrane protein YbhN	m	5mC	5-methylcytosine	14	0.01453790
NC_003197.2	CDS	877114	878356	-	1242	EBBPGFGJ_00813	clsB	Cardiolipin synthase B	m	5mC	5-methylcytosine	49	0.03945250
NC_003197.2	CDS	878352	879111	-	759	EBBPGFGJ_00814		hypothetical protein	m	5mC	5-methylcytosine	38	0.05006588
NC_003197.2	CDS	879243	879654	+	411	EBBPGFGJ_00815	ybhQ	Inner membrane protein YbhQ	m	5mC	5-methylcytosine	7	0.01703163
NC_003197.2	CDS	879615	880722	-	1107	EBBPGFGJ_00816	ybhR	Probable multidrug ABC transporter permease YbhR	m	5mC	5-methylcytosine	23	0.02077687
NC_003197.2	CDS	880837	881968	-	1131	EBBPGFGJ_00817	ybhS	Probable multidrug ABC transporter permease YbhS	m	5mC	5-methylcytosine	6	0.00530504
NC_003197.2	CDS	881960	883697	-	1737	EBBPGFGJ_00818	ybhF	Probable multidrug ABC transporter ATP-binding protein YbhF	m	5mC	5-methylcytosine	66	0.03799655
NC_003197.2	CDS	883689	884685	-	996	EBBPGFGJ_00819	ybhG	UPF0194 membrane protein YbhG	m	5mC	5-methylcytosine	53	0.05321285
NC_003197.2	CDS	884684	885359	-	675	EBBPGFGJ_00820	cecR	HTH-type transcriptional dual regulator CecR	m	5mC	5-methylcytosine	22	0.03259259
NC_003197.2	CDS	885588	886953	+	1365	EBBPGFGJ_00821	rhlE	ATP-dependent RNA helicase RhlE	m	5mC	5-methylcytosine	38	0.02783883
NC_003197.2	CDS	887160	889305	+	2145	EBBPGFGJ_00822	dinG	ATP-dependent DNA helicase DinG	m	5mC	5-methylcytosine	26	0.01212121
NC_003197.2	CDS	889334	890309	+	975	EBBPGFGJ_00823	ybiB	Uncharacterized protein YbiB	m	5mC	5-methylcytosine	22	0.02256410
NC_003197.2	CDS	890464	890725	-	261	EBBPGFGJ_00824	mcbA	Uncharacterized protein McbA	m	5mC	5-methylcytosine	5	0.01915709
NC_003197.2	CDS	891009	891276	-	267	EBBPGFGJ_00825	ybiI_1	Uncharacterized protein YbiI	m	5mC	5-methylcytosine	3	0.01123596
NC_003197.2	CDS	891480	892407	+	927	EBBPGFGJ_00826	rlmF	Ribosomal RNA large subunit methyltransferase F	m	5mC	5-methylcytosine	33	0.03559871
NC_003197.2	CDS	892403	894626	-	2223	EBBPGFGJ_00827	ybiO	Moderate conductance mechanosensitive channel YbiO	m	5mC	5-methylcytosine	50	0.02249213
NC_003197.2	CDS	894744	895467	-	723	EBBPGFGJ_00828	glnQ_2	Glutamine transport ATP-binding protein GlnQ	m	5mC	5-methylcytosine	18	0.02489627
NC_003197.2	CDS	895463	896123	-	660	EBBPGFGJ_00829	glnP	Glutamine transport system permease protein GlnP	m	5mC	5-methylcytosine	9	0.01363636
NC_003197.2	CDS	896266	897013	-	747	EBBPGFGJ_00830	glnH	Glutamine-binding periplasmic protein	m	5mC	5-methylcytosine	13	0.01740295
NC_003197.2	CDS	897489	897993	-	504	EBBPGFGJ_00831	dps	DNA protection during starvation protein	m	5mC	5-methylcytosine	1	0.00198413
NC_003197.2	CDS	898295	899183	-	888	EBBPGFGJ_00832	rhtA	Threonine/homoserine exporter RhtA	m	5mC	5-methylcytosine	55	0.06193694
NC_003197.2	CDS	899536	900052	+	516	EBBPGFGJ_00833	ompX	Outer membrane protein X	m	5mC	5-methylcytosine	15	0.02906977
NC_003197.2	CDS	900114	901695	-	1581	EBBPGFGJ_00834	opgE	Phosphoethanolamine transferase OpgE	m	5mC	5-methylcytosine	31	0.01960784
NC_003197.2	CDS	901959	902088	-	129	EBBPGFGJ_00835	mntS	Small protein MntS	m	5mC	5-methylcytosine	3	0.02325581
NC_003197.2	CDS	902273	902747	+	474	EBBPGFGJ_00836	mntR	Transcriptional regulator MntR	m	5mC	5-methylcytosine	20	0.04219409
NC_003197.2	CDS	902743	903856	+	1113	EBBPGFGJ_00837	ybiR	Inner membrane protein YbiR	m	5mC	5-methylcytosine	6	0.00539084
NC_003197.2	CDS	903899	904820	-	921	EBBPGFGJ_00838	ybiS	Probable L%2CD-transpeptidase YbiS	m	5mC	5-methylcytosine	27	0.02931596
NC_003197.2	CDS	905038	906631	+	1593	EBBPGFGJ_00839	ybiT	Uncharacterized ABC transporter ATP-binding protein YbiT	m	5mC	5-methylcytosine	33	0.02071563
NC_003197.2	CDS	907086	907983	+	897	EBBPGFGJ_00840		hypothetical protein	m	5mC	5-methylcytosine	4	0.00445931
NC_003197.2	CDS	908011	908542	-	531	EBBPGFGJ_00841	ybiV_1	Sugar phosphatase YbiV	m	5mC	5-methylcytosine	2	0.00376648
NC_003197.2	CDS	908935	910201	-	1266	EBBPGFGJ_00842	ybiU	Uncharacterized protein YbiU	m	5mC	5-methylcytosine	108	0.08530806
NC_003197.2	CDS	910462	911272	+	810	EBBPGFGJ_00843	ybiV_2	Sugar phosphatase YbiV	m	5mC	5-methylcytosine	7	0.00864198
NC_003197.2	CDS	911349	913782	-	2433	EBBPGFGJ_00844	pflD	Trans-4-hydroxy-L-proline dehydratase	m	5mC	5-methylcytosine	46	0.01890670
NC_003197.2	CDS	913787	914687	-	900	EBBPGFGJ_00845	cutD	Choline trimethylamine-lyase activating enzyme	m	5mC	5-methylcytosine	38	0.04222222
NC_003197.2	CDS	914964	915714	-	750	EBBPGFGJ_00846	moeB	Molybdopterin-synthase adenylyltransferase	m	5mC	5-methylcytosine	8	0.01066667
NC_003197.2	CDS	915713	916949	-	1236	EBBPGFGJ_00847	moeA	Molybdopterin molybdenumtransferase	m	5mC	5-methylcytosine	47	0.03802589
NC_003197.2	CDS	917151	918093	+	942	EBBPGFGJ_00848	iaaA	Isoaspartyl peptidase	m	5mC	5-methylcytosine	48	0.05095541
NC_003197.2	CDS	918103	919975	+	1872	EBBPGFGJ_00849	gsiA	Glutathione import ATP-binding protein GsiA	m	5mC	5-methylcytosine	51	0.02724359
NC_003197.2	CDS	920007	921546	+	1539	EBBPGFGJ_00850	gsiB	Glutathione-binding protein GsiB	m	5mC	5-methylcytosine	42	0.02729045
NC_003197.2	CDS	921606	922527	+	921	EBBPGFGJ_00851	gsiC	Glutathione transport system permease protein GsiC	m	5mC	5-methylcytosine	12	0.01302932
NC_003197.2	CDS	922529	923441	+	912	EBBPGFGJ_00852	gsiD	Glutathione transport system permease protein GsiD	m	5mC	5-methylcytosine	18	0.01973684
NC_003197.2	CDS	923531	924857	-	1326	EBBPGFGJ_00853	rimO	Ribosomal protein S12 methylthiotransferase RimO	m	5mC	5-methylcytosine	54	0.04072398
NC_003197.2	CDS	925087	925471	+	384	EBBPGFGJ_00854		hypothetical protein	m	5mC	5-methylcytosine	5	0.01302083
NC_003197.2	CDS	926183	926699	+	516	EBBPGFGJ_00855		hypothetical protein	m	5mC	5-methylcytosine	3	0.00581395
NC_003197.2	CDS	926721	927471	+	750	EBBPGFGJ_00856	etfB	Electron transfer flavoprotein subunit beta	m	5mC	5-methylcytosine	4	0.00533333
NC_003197.2	CDS	927481	928429	+	948	EBBPGFGJ_00857	etfA	Electron transfer flavoprotein subunit alpha	m	5mC	5-methylcytosine	4	0.00421941
NC_003197.2	CDS	928461	928659	+	198	EBBPGFGJ_00858		hypothetical protein	m	5mC	5-methylcytosine	5	0.02525253
NC_003197.2	CDS	928722	929886	+	1164	EBBPGFGJ_00859	mmgC	Acyl-CoA dehydrogenase	m	5mC	5-methylcytosine	6	0.00515464
NC_003197.2	CDS	930334	932020	+	1686	EBBPGFGJ_00861		Electron transfer flavoprotein-ubiquinone oxidoreductase	m	5mC	5-methylcytosine	20	0.01186240
NC_003197.2	CDS	932025	932916	-	891	EBBPGFGJ_00862	cysL	HTH-type transcriptional regulator CysL	m	5mC	5-methylcytosine	10	0.01122334
NC_003197.2	CDS	933180	933606	-	426	EBBPGFGJ_00863		hypothetical protein	m	5mC	5-methylcytosine	4	0.00938967
NC_003197.2	CDS	933952	934633	+	681	EBBPGFGJ_00864		hypothetical protein	m	5mC	5-methylcytosine	29	0.04258443
NC_003197.2	CDS	934629	935256	-	627	EBBPGFGJ_00865	gstB	Glutathione S-transferase GstB	m	5mC	5-methylcytosine	21	0.03349282
NC_003197.2	CDS	935631	936702	+	1071	EBBPGFGJ_00866	dacC	D-alanyl-D-alanine carboxypeptidase DacC	m	5mC	5-methylcytosine	28	0.02614379
NC_003197.2	CDS	936746	937505	-	759	EBBPGFGJ_00867	deoR_1	Deoxyribose operon repressor	m	5mC	5-methylcytosine	19	0.02503294
NC_003197.2	CDS	937576	938251	-	675	EBBPGFGJ_00868	ybjG	Putative undecaprenyl-diphosphatase YbjG	m	5mC	5-methylcytosine	21	0.03111111
NC_003197.2	CDS	938497	939730	+	1233	EBBPGFGJ_00869	mdfA	Multidrug transporter MdfA	m	5mC	5-methylcytosine	16	0.01297648
NC_003197.2	CDS	939783	940599	-	816	EBBPGFGJ_00870	ybjI	5-amino-6-(5-phospho-D-ribitylamino)uracil phosphatase YbjI	m	5mC	5-methylcytosine	8	0.00980392
NC_003197.2	CDS	940595	941807	-	1212	EBBPGFGJ_00871	ybjJ	Inner membrane protein YbjJ	m	5mC	5-methylcytosine	44	0.03630363
NC_003197.2	CDS	941974	942595	+	621	EBBPGFGJ_00872	rcdA	HTH-type transcriptional regulator RcdA	m	5mC	5-methylcytosine	7	0.01127214
NC_003197.2	CDS	942711	944397	-	1686	EBBPGFGJ_00873	aspT_1	Aspartate/alanine antiporter	m	5mC	5-methylcytosine	53	0.03143535
NC_003197.2	CDS	944667	945045	+	378	EBBPGFGJ_00874	ybjM	Inner membrane protein YbjM	m	5mC	5-methylcytosine	3	0.00793651
NC_003197.2	CDS	945076	945340	-	264	EBBPGFGJ_00875	grxA	Glutaredoxin 1	m	5mC	5-methylcytosine	1	0.00378788
NC_003197.2	CDS	945509	945800	+	291	EBBPGFGJ_00876		hypothetical protein	m	5mC	5-methylcytosine	1	0.00343643
NC_003197.2	CDS	945783	946506	+	723	EBBPGFGJ_00877	nfsA	Oxygen-insensitive NADPH nitroreductase	m	5mC	5-methylcytosine	6	0.00829876
NC_003197.2	CDS	946563	947466	+	903	EBBPGFGJ_00878	rimK	Ribosomal protein S6--L-glutamate ligase	m	5mC	5-methylcytosine	48	0.05315615
NC_003197.2	CDS	947562	948039	+	477	EBBPGFGJ_00879	ybjN	Uncharacterized protein YbjN	m	5mC	5-methylcytosine	5	0.01048218
NC_003197.2	CDS	948384	949500	+	1116	EBBPGFGJ_00880	potF	Putrescine-binding periplasmic protein	m	5mC	5-methylcytosine	21	0.01881720
NC_003197.2	CDS	949587	950721	+	1134	EBBPGFGJ_00881	potA_1	Spermidine/putrescine import ATP-binding protein PotA	m	5mC	5-methylcytosine	17	0.01499118
NC_003197.2	CDS	950730	951684	+	954	EBBPGFGJ_00882	potH	Putrescine transport system permease protein PotH	m	5mC	5-methylcytosine	6	0.00628931
NC_003197.2	CDS	951680	952526	+	846	EBBPGFGJ_00883	ydcV_1	Inner membrane ABC transporter permease protein YdcV	m	5mC	5-methylcytosine	13	0.01536643
NC_003197.2	CDS	953115	954246	+	1131	EBBPGFGJ_00885	rlmC	23S rRNA (uracil(747)-C(5))-methyltransferase RlmC	m	5mC	5-methylcytosine	65	0.05747126
NC_003197.2	CDS	954528	955872	+	1344	EBBPGFGJ_00886	ulaA_1	Ascorbate-specific PTS system EIIC component	m	5mC	5-methylcytosine	4	0.00297619
NC_003197.2	CDS	955901	956222	+	321	EBBPGFGJ_00887		hypothetical protein	m	5mC	5-methylcytosine	1	0.00311526
NC_003197.2	CDS	956231	957719	+	1488	EBBPGFGJ_00888		hypothetical protein	m	5mC	5-methylcytosine	16	0.01075269
NC_003197.2	CDS	957937	958669	-	732	EBBPGFGJ_00889	artJ_1	ABC transporter arginine-binding protein 1	m	5mC	5-methylcytosine	4	0.00546448
NC_003197.2	CDS	958905	959574	-	669	EBBPGFGJ_00890	artM_1	Arginine ABC transporter permease protein ArtM	m	5mC	5-methylcytosine	7	0.01046338
NC_003197.2	CDS	959573	960290	-	717	EBBPGFGJ_00891	artQ	Arginine ABC transporter permease protein ArtQ	m	5mC	5-methylcytosine	15	0.02092050
NC_003197.2	CDS	960296	961028	-	732	EBBPGFGJ_00892	artI	Putative ABC transporter arginine-binding protein 2	m	5mC	5-methylcytosine	10	0.01366120
NC_003197.2	CDS	961045	961774	-	729	EBBPGFGJ_00893	artP	Arginine transport ATP-binding protein ArtP	m	5mC	5-methylcytosine	3	0.00411523
NC_003197.2	CDS	962003	962519	-	516	EBBPGFGJ_00894	ybjP	Uncharacterized lipoprotein YbjP	m	5mC	5-methylcytosine	14	0.02713178
NC_003197.2	CDS	976820	977159	+	339	EBBPGFGJ_00921		hypothetical protein	m	5mC	5-methylcytosine	3	0.00884956
NC_003197.2	CDS	977161	977776	+	615	EBBPGFGJ_00922		hypothetical protein	m	5mC	5-methylcytosine	30	0.04878049
NC_003197.2	CDS	977772	978258	+	486	EBBPGFGJ_00923		hypothetical protein	m	5mC	5-methylcytosine	14	0.02880658
NC_003197.2	CDS	1005369	1005693	+	324	EBBPGFGJ_00952	ybjQ	UPF0145 protein YbjQ	m	5mC	5-methylcytosine	1	0.00308642
NC_003197.2	CDS	1005689	1006520	+	831	EBBPGFGJ_00953	amiD	N-acetylmuramoyl-L-alanine amidase AmiD	m	5mC	5-methylcytosine	23	0.02767750
NC_003197.2	CDS	1006516	1007530	-	1014	EBBPGFGJ_00954	oleD	2-alkyl-3-oxoalkanoate reductase	m	5mC	5-methylcytosine	12	0.01183432
NC_003197.2	CDS	1007625	1009059	-	1434	EBBPGFGJ_00955		hypothetical protein	m	5mC	5-methylcytosine	52	0.03626220
NC_003197.2	CDS	1009069	1010071	-	1002	EBBPGFGJ_00956	ltaE	Low specificity L-threonine aldolase	m	5mC	5-methylcytosine	68	0.06786427
NC_003197.2	CDS	1010109	1011828	-	1719	EBBPGFGJ_00957	poxB	Pyruvate dehydrogenase [ubiquinone]	m	5mC	5-methylcytosine	30	0.01745201
NC_003197.2	CDS	1011985	1012954	-	969	EBBPGFGJ_00958	hcr	NADH oxidoreductase HCR	m	5mC	5-methylcytosine	27	0.02786378
NC_003197.2	CDS	1012965	1014618	-	1653	EBBPGFGJ_00959	hcp	Hydroxylamine reductase	m	5mC	5-methylcytosine	32	0.01935874
NC_003197.2	CDS	1014761	1015661	-	900	EBBPGFGJ_00960	lysO	Lysine exporter LysO	m	5mC	5-methylcytosine	7	0.00777778
NC_003197.2	CDS	1015862	1017521	+	1659	EBBPGFGJ_00961		hypothetical protein	m	5mC	5-methylcytosine	33	0.01989150
NC_003197.2	CDS	1017517	1018468	-	951	EBBPGFGJ_00962		hypothetical protein	m	5mC	5-methylcytosine	9	0.00946372
NC_003197.2	CDS	1018613	1019732	+	1119	EBBPGFGJ_00963	macA	Macrolide export protein MacA	m	5mC	5-methylcytosine	36	0.03217158
NC_003197.2	CDS	1019728	1021675	+	1947	EBBPGFGJ_00964	macB	Macrolide export ATP-binding/permease protein MacB	m	5mC	5-methylcytosine	87	0.04468413
NC_003197.2	CDS	1021804	1022026	-	222	EBBPGFGJ_00965	cspD	Cold shock-like protein CspD	m	5mC	5-methylcytosine	1	0.00450450
NC_003197.2	CDS	1022700	1024977	+	2277	EBBPGFGJ_00967	clpA	ATP-dependent Clp protease ATP-binding subunit ClpA	m	5mC	5-methylcytosine	44	0.01932367
NC_003197.2	CDS	1025168	1025627	+	459	EBBPGFGJ_00968		IS200/IS605 family transposase IS200F	m	5mC	5-methylcytosine	7	0.01525054
NC_003197.2	CDS	1026089	1026773	-	684	EBBPGFGJ_00969		IS3 family transposase ISSen1	m	5mC	5-methylcytosine	5	0.00730994
NC_003197.2	CDS	1026943	1027345	-	402	EBBPGFGJ_00970		IS3 family transposase ISSen1	m	5mC	5-methylcytosine	3	0.00746269
NC_003197.2	tRNA	1027445	1027533	-	88	EBBPGFGJ_00971		tRNA-Ser(gga)	m	5mC	5-methylcytosine	1	0.01136364
NC_003197.2	CDS	1027681	1028359	-	678	EBBPGFGJ_00972	ycaC_1	Probable hydrolase YcaC	m	5mC	5-methylcytosine	55	0.08112094
NC_003197.2	CDS	1028378	1029239	-	861	EBBPGFGJ_00973		hypothetical protein	m	5mC	5-methylcytosine	76	0.08826945
NC_003197.2	CDS	1029347	1030259	+	912	EBBPGFGJ_00974	dmlR_4	HTH-type transcriptional regulator DmlR	m	5mC	5-methylcytosine	41	0.04495614
NC_003197.2	CDS	1030879	1031584	-	705	EBBPGFGJ_00976	aat	Leucyl/phenylalanyl-tRNA--protein transferase	m	5mC	5-methylcytosine	16	0.02269504
NC_003197.2	CDS	1031628	1033350	-	1722	EBBPGFGJ_00977	yheH	Probable multidrug resistance ABC transporter ATP-binding/permease protein YheH	m	5mC	5-methylcytosine	107	0.06213705
NC_003197.2	CDS	1033350	1035117	-	1767	EBBPGFGJ_00978	cydD	ATP-binding/permease protein CydD	m	5mC	5-methylcytosine	74	0.04187889
NC_003197.2	CDS	1035230	1036199	-	969	EBBPGFGJ_00979	trxB	Thioredoxin reductase	m	5mC	5-methylcytosine	8	0.00825593
NC_003197.2	CDS	1037373	1041429	+	4056	EBBPGFGJ_00981		hypothetical protein	m	5mC	5-methylcytosine	121	0.02983235
NC_003197.2	CDS	1041571	1042183	+	612	EBBPGFGJ_00982	lolA	Outer-membrane lipoprotein carrier protein	m	5mC	5-methylcytosine	1	0.00163399
NC_003197.2	CDS	1042192	1043536	+	1344	EBBPGFGJ_00983	rarA	Replication-associated recombination protein A	m	5mC	5-methylcytosine	50	0.03720238
NC_003197.2	CDS	1043794	1045087	+	1293	EBBPGFGJ_00984	serS	Serine--tRNA ligase	m	5mC	5-methylcytosine	14	0.01082753
NC_003197.2	CDS	1045323	1047768	+	2445	EBBPGFGJ_00985	dmsA_1	Dimethyl sulfoxide reductase DmsA	m	5mC	5-methylcytosine	48	0.01963190
NC_003197.2	CDS	1047778	1048396	+	618	EBBPGFGJ_00986	dmsB_1	Anaerobic dimethyl sulfoxide reductase chain B	m	5mC	5-methylcytosine	28	0.04530744
NC_003197.2	CDS	1048397	1049261	+	864	EBBPGFGJ_00987	dmsC_1	Anaerobic dimethyl sulfoxide reductase chain C	m	5mC	5-methylcytosine	18	0.02083333
NC_003197.2	CDS	1049610	1050759	+	1149	EBBPGFGJ_00988	ycaD	Uncharacterized MFS-type transporter YcaD	m	5mC	5-methylcytosine	7	0.00609225
NC_003197.2	CDS	1050976	1052398	+	1422	EBBPGFGJ_00989	ycaM	Inner membrane transporter YcaM	m	5mC	5-methylcytosine	23	0.01617440
NC_003197.2	CDS	1052690	1053488	-	798	EBBPGFGJ_00990	pflA	Pyruvate formate-lyase 1-activating enzyme	m	5mC	5-methylcytosine	36	0.04511278
NC_003197.2	CDS	1053606	1053774	-	168	EBBPGFGJ_00991		hypothetical protein	m	5mC	5-methylcytosine	4	0.02380952
NC_003197.2	CDS	1054063	1055023	+	960	EBBPGFGJ_00992	sopD2	Secreted effector protein sopD2	m	5mC	5-methylcytosine	4	0.00416667
NC_003197.2	CDS	1055098	1057381	-	2283	EBBPGFGJ_00993	pflB	Formate acetyltransferase 1	m	5mC	5-methylcytosine	54	0.02365309
NC_003197.2	CDS	1057440	1058298	-	858	EBBPGFGJ_00994	focA	Probable formate transporter 1	m	5mC	5-methylcytosine	4	0.00466200
NC_003197.2	CDS	1058702	1060538	-	1836	EBBPGFGJ_00995	ycaO	Ribosomal protein S12 methylthiotransferase accessory factor YcaO	m	5mC	5-methylcytosine	42	0.02287582
NC_003197.2	CDS	1060599	1061292	+	693	EBBPGFGJ_00996		hypothetical protein	m	5mC	5-methylcytosine	6	0.00865801
NC_003197.2	CDS	1061477	1062566	+	1089	EBBPGFGJ_00997	serC	Phosphoserine aminotransferase	m	5mC	5-methylcytosine	24	0.02203857
NC_003197.2	CDS	1062636	1063920	+	1284	EBBPGFGJ_00998	aroA	3-phosphoshikimate 1-carboxyvinyltransferase	m	5mC	5-methylcytosine	39	0.03037383
NC_003197.2	CDS	1064062	1064824	+	762	EBBPGFGJ_00999	ycaL	Metalloprotease YcaL	m	5mC	5-methylcytosine	23	0.03018373
NC_003197.2	CDS	1064996	1065680	+	684	EBBPGFGJ_01000	cmk	Cytidylate kinase	m	5mC	5-methylcytosine	94	0.13742690
NC_003197.2	CDS	1065793	1067467	+	1674	EBBPGFGJ_01001	rpsA	30S ribosomal protein S1	m	5mC	5-methylcytosine	36	0.02150538
NC_003197.2	CDS	1067622	1067907	+	285	EBBPGFGJ_01002	ihfB	Integration host factor subunit beta	m	5mC	5-methylcytosine	11	0.03859649
NC_003197.2	CDS	1068136	1070401	+	2265	EBBPGFGJ_01003		hypothetical protein	m	5mC	5-methylcytosine	29	0.01280353
NC_003197.2	CDS	1070437	1072186	+	1749	EBBPGFGJ_01004	msbA	Lipid A export ATP-binding/permease protein MsbA	m	5mC	5-methylcytosine	17	0.00971984
NC_003197.2	CDS	1072182	1073160	+	978	EBBPGFGJ_01005	lpxK	Tetraacyldisaccharide 4'-kinase	m	5mC	5-methylcytosine	53	0.05419223
NC_003197.2	CDS	1073203	1074436	+	1233	EBBPGFGJ_01006		hypothetical protein	m	5mC	5-methylcytosine	14	0.01135442
NC_003197.2	CDS	1074666	1075413	+	747	EBBPGFGJ_01008	kdsB	3-deoxy-manno-octulosonate cytidylyltransferase	m	5mC	5-methylcytosine	23	0.03078983
NC_003197.2	CDS	1075623	1076517	+	894	EBBPGFGJ_01009		hypothetical protein	m	5mC	5-methylcytosine	12	0.01342282
NC_003197.2	CDS	1076496	1077273	-	777	EBBPGFGJ_01010		hypothetical protein	m	5mC	5-methylcytosine	23	0.02960103
NC_003197.2	CDS	1077408	1078212	+	804	EBBPGFGJ_01011	cmoM	tRNA 5-carboxymethoxyuridine methyltransferase	m	5mC	5-methylcytosine	9	0.01119403
NC_003197.2	CDS	1078204	1079527	+	1323	EBBPGFGJ_01012	mukF	Chromosome partition protein MukF	m	5mC	5-methylcytosine	21	0.01587302
NC_003197.2	CDS	1079507	1080212	+	705	EBBPGFGJ_01013	mukE	Chromosome partition protein MukE	m	5mC	5-methylcytosine	4	0.00567376
NC_003197.2	CDS	1080211	1084678	+	4467	EBBPGFGJ_01014	mukB	Chromosome partition protein MukB	m	5mC	5-methylcytosine	120	0.02686367
NC_003197.2	CDS	1085022	1086864	+	1842	EBBPGFGJ_01015	ycbB	Probable L%2CD-transpeptidase YcbB	m	5mC	5-methylcytosine	106	0.05754615
NC_003197.2	CDS	1087123	1087672	+	549	EBBPGFGJ_01016		hypothetical protein	m	5mC	5-methylcytosine	2	0.00364299
NC_003197.2	CDS	1087699	1088347	+	648	EBBPGFGJ_01017	gloC	Hydroxyacylglutathione hydrolase GloC	m	5mC	5-methylcytosine	9	0.01388889
NC_003197.2	CDS	1088408	1089599	-	1191	EBBPGFGJ_01018	aspC	Aspartate aminotransferase	m	5mC	5-methylcytosine	31	0.02602855
NC_003197.2	CDS	1089783	1090875	-	1092	EBBPGFGJ_01019	ompF	Outer membrane porin F	m	5mC	5-methylcytosine	15	0.01373626
NC_003197.2	CDS	1091164	1091317	+	153	EBBPGFGJ_01020		hypothetical protein	m	5mC	5-methylcytosine	4	0.02614379
NC_003197.2	CDS	1091481	1092882	-	1401	EBBPGFGJ_01021	asnS	Asparagine--tRNA ligase	m	5mC	5-methylcytosine	64	0.04568166
NC_003197.2	CDS	1093082	1093544	-	462	EBBPGFGJ_01022	lrp_2	Leucine-responsive regulatory protein	m	5mC	5-methylcytosine	3	0.00649351
NC_003197.2	CDS	1093860	1095075	+	1215	EBBPGFGJ_01023	dpaL	Diaminopropionate ammonia-lyase	m	5mC	5-methylcytosine	4	0.00329218
NC_003197.2	CDS	1095319	1096756	+	1437	EBBPGFGJ_01024	alsT_2	Amino-acid carrier protein AlsT	m	5mC	5-methylcytosine	8	0.00556715
NC_003197.2	CDS	1096833	1098036	-	1203	EBBPGFGJ_01025	pncB	Nicotinate phosphoribosyltransferase	m	5mC	5-methylcytosine	29	0.02410640
NC_003197.2	CDS	1098230	1099523	-	1293	EBBPGFGJ_01026	intQ_2	Putative defective protein IntQ	m	5mC	5-methylcytosine	16	0.01237432
NC_003197.2	CDS	1100138	1101248	-	1110	EBBPGFGJ_01029		hypothetical protein	m	5mC	5-methylcytosine	24	0.02162162
NC_003197.2	CDS	1101258	1104144	-	2886	EBBPGFGJ_01030		hypothetical protein	m	5mC	5-methylcytosine	109	0.03776854
NC_003197.2	CDS	1104591	1104750	-	159	EBBPGFGJ_01032		hypothetical protein	m	5mC	5-methylcytosine	2	0.01257862
NC_003197.2	CDS	1105052	1105463	-	411	EBBPGFGJ_01033		hypothetical protein	m	5mC	5-methylcytosine	9	0.02189781
NC_003197.2	CDS	1105582	1105822	+	240	EBBPGFGJ_01034		hypothetical protein	m	5mC	5-methylcytosine	1	0.00416667
NC_003197.2	CDS	1105841	1106162	+	321	EBBPGFGJ_01035		hypothetical protein	m	5mC	5-methylcytosine	17	0.05295950
NC_003197.2	CDS	1106252	1107230	+	978	EBBPGFGJ_01036		hypothetical protein	m	5mC	5-methylcytosine	11	0.01124744
NC_003197.2	CDS	1107232	1107982	+	750	EBBPGFGJ_01037	dnaC_1	DNA replication protein DnaC	m	5mC	5-methylcytosine	16	0.02133333
NC_003197.2	CDS	1107992	1108340	+	348	EBBPGFGJ_01038		hypothetical protein	m	5mC	5-methylcytosine	14	0.04022989
NC_003197.2	CDS	1108336	1108648	+	312	EBBPGFGJ_01039		hypothetical protein	m	5mC	5-methylcytosine	6	0.01923077
NC_003197.2	CDS	1108746	1109016	+	270	EBBPGFGJ_01040		hypothetical protein	m	5mC	5-methylcytosine	4	0.01481481
NC_003197.2	CDS	1109307	1109541	+	234	EBBPGFGJ_01041	dinI_1	DNA damage-inducible protein I	m	5mC	5-methylcytosine	2	0.00854701
NC_003197.2	CDS	1109956	1110559	+	603	EBBPGFGJ_01042		hypothetical protein	m	5mC	5-methylcytosine	16	0.02653400
NC_003197.2	CDS	1110558	1110765	+	207	EBBPGFGJ_01043		hypothetical protein	m	5mC	5-methylcytosine	16	0.07729469
NC_003197.2	CDS	1110767	1111379	+	612	EBBPGFGJ_01044		hypothetical protein	m	5mC	5-methylcytosine	57	0.09313725
NC_003197.2	CDS	1111511	1112309	+	798	EBBPGFGJ_01045		hypothetical protein	m	5mC	5-methylcytosine	10	0.01253133
NC_003197.2	CDS	1112474	1112693	+	219	EBBPGFGJ_01046		hypothetical protein	m	5mC	5-methylcytosine	3	0.01369863
NC_003197.2	CDS	1112866	1112992	+	126	EBBPGFGJ_01047		hypothetical protein	m	5mC	5-methylcytosine	2	0.01587302
NC_003197.2	CDS	1113127	1113577	-	450	EBBPGFGJ_01048		hypothetical protein	m	5mC	5-methylcytosine	6	0.01333333
NC_003197.2	CDS	1113937	1114411	-	474	EBBPGFGJ_01050		hypothetical protein	m	5mC	5-methylcytosine	2	0.00421941
NC_003197.2	CDS	1114893	1115229	+	336	EBBPGFGJ_01051		hypothetical protein	m	5mC	5-methylcytosine	3	0.00892857
NC_003197.2	CDS	1115212	1115665	+	453	EBBPGFGJ_01052	rrrD	Lysozyme RrrD	m	5mC	5-methylcytosine	2	0.00441501
NC_003197.2	CDS	1115661	1116162	+	501	EBBPGFGJ_01053		hypothetical protein	m	5mC	5-methylcytosine	8	0.01596806
NC_003197.2	CDS	1116369	1116903	+	534	EBBPGFGJ_01054		hypothetical protein	m	5mC	5-methylcytosine	10	0.01872659
NC_003197.2	CDS	1116862	1118998	+	2136	EBBPGFGJ_01055		hypothetical protein	m	5mC	5-methylcytosine	117	0.05477528
NC_003197.2	CDS	1118994	1119201	+	207	EBBPGFGJ_01056		hypothetical protein	m	5mC	5-methylcytosine	2	0.00966184
NC_003197.2	CDS	1119197	1120745	+	1548	EBBPGFGJ_01057		hypothetical protein	m	5mC	5-methylcytosine	71	0.04586563
NC_003197.2	CDS	1120695	1122750	+	2055	EBBPGFGJ_01058	clpP_3	ATP-dependent Clp protease proteolytic subunit	m	5mC	5-methylcytosine	41	0.01995134
NC_003197.2	CDS	1122840	1123164	+	324	EBBPGFGJ_01059		hypothetical protein	m	5mC	5-methylcytosine	4	0.01234568
NC_003197.2	CDS	1123189	1123456	+	267	EBBPGFGJ_01060		hypothetical protein	m	5mC	5-methylcytosine	2	0.00749064
NC_003197.2	CDS	1123436	1124003	+	567	EBBPGFGJ_01061		hypothetical protein	m	5mC	5-methylcytosine	2	0.00352734
NC_003197.2	CDS	1123999	1124401	+	402	EBBPGFGJ_01062		hypothetical protein	m	5mC	5-methylcytosine	12	0.02985075
NC_003197.2	CDS	1124412	1125162	+	750	EBBPGFGJ_01063		hypothetical protein	m	5mC	5-methylcytosine	4	0.00533333
NC_003197.2	CDS	1125207	1125606	+	399	EBBPGFGJ_01064		hypothetical protein	m	5mC	5-methylcytosine	2	0.00501253
NC_003197.2	CDS	1125680	1125932	+	252	EBBPGFGJ_01065		hypothetical protein	m	5mC	5-methylcytosine	2	0.00793651
NC_003197.2	CDS	1125912	1128999	+	3087	EBBPGFGJ_01066		hypothetical protein	m	5mC	5-methylcytosine	123	0.03984451
NC_003197.2	CDS	1128995	1129328	+	333	EBBPGFGJ_01067		hypothetical protein	m	5mC	5-methylcytosine	2	0.00600601
NC_003197.2	CDS	1130040	1130574	-	534	EBBPGFGJ_01069	sodC1_2	Superoxide dismutase [Cu-Zn] 1	m	5mC	5-methylcytosine	1	0.00187266
NC_003197.2	CDS	1130663	1131359	+	696	EBBPGFGJ_01070		hypothetical protein	m	5mC	5-methylcytosine	5	0.00718391
NC_003197.2	CDS	1131368	1132106	+	738	EBBPGFGJ_01071		hypothetical protein	m	5mC	5-methylcytosine	22	0.02981030
NC_003197.2	CDS	1132165	1132708	+	543	EBBPGFGJ_01072		hypothetical protein	m	5mC	5-methylcytosine	27	0.04972376
NC_003197.2	CDS	1132779	1135227	+	2448	EBBPGFGJ_01073		hypothetical protein	m	5mC	5-methylcytosine	145	0.05923203
NC_003197.2	CDS	1135253	1136129	+	876	EBBPGFGJ_01074		hypothetical protein	m	5mC	5-methylcytosine	17	0.01940639
NC_003197.2	CDS	1136167	1136410	+	243	EBBPGFGJ_01075		hypothetical protein	m	5mC	5-methylcytosine	1	0.00411523
NC_003197.2	CDS	1136463	1138902	+	2439	EBBPGFGJ_01076		hypothetical protein	m	5mC	5-methylcytosine	123	0.05043050
NC_003197.2	CDS	1138901	1139483	+	582	EBBPGFGJ_01077	tfaE_2	Prophage tail fiber assembly protein homolog TfaE	m	5mC	5-methylcytosine	4	0.00687285
NC_003197.2	CDS	1139958	1140927	+	969	EBBPGFGJ_01078	sseI	Secreted effector protein SseI	m	5mC	5-methylcytosine	5	0.00515996
NC_003197.2	CDS	1141194	1141443	+	249	EBBPGFGJ_01079		IS66 family transposase ISSfl3	m	5mC	5-methylcytosine	11	0.04417671
NC_003197.2	CDS	1141574	1142201	-	627	EBBPGFGJ_01080	yedK	SOS response-associated protein YedK	m	5mC	5-methylcytosine	8	0.01275917
NC_003197.2	CDS	1142553	1143240	-	687	EBBPGFGJ_01081		hypothetical protein	m	5mC	5-methylcytosine	3	0.00436681
NC_003197.2	CDS	1143510	1143765	-	255	EBBPGFGJ_01082		hypothetical protein	m	5mC	5-methylcytosine	3	0.01176471
NC_003197.2	CDS	1144128	1146741	+	2613	EBBPGFGJ_01083	pepN	Aminopeptidase N	m	5mC	5-methylcytosine	88	0.03367777
NC_003197.2	CDS	1146948	1147959	+	1011	EBBPGFGJ_01084	pyrD	Dihydroorotate dehydrogenase (quinone)	m	5mC	5-methylcytosine	6	0.00593472
NC_003197.2	CDS	1148124	1148667	+	543	EBBPGFGJ_01085	zapC	Cell division protein ZapC	m	5mC	5-methylcytosine	4	0.00736648
NC_003197.2	CDS	1148663	1149773	-	1110	EBBPGFGJ_01086	ycbX	Uncharacterized protein YcbX	m	5mC	5-methylcytosine	61	0.05495495
NC_003197.2	CDS	1149871	1151980	+	2109	EBBPGFGJ_01087	rlmL	Ribosomal RNA large subunit methyltransferase K/L	m	5mC	5-methylcytosine	57	0.02702703
NC_003197.2	CDS	1151992	1153900	+	1908	EBBPGFGJ_01088	uup	ABC transporter ATP-binding protein uup	m	5mC	5-methylcytosine	35	0.01834382
NC_003197.2	CDS	1153914	1155168	+	1254	EBBPGFGJ_01089	pqiA	Intermembrane transport protein PqiA	m	5mC	5-methylcytosine	51	0.04066986
NC_003197.2	CDS	1155172	1156813	+	1641	EBBPGFGJ_01090	pqiB	Intermembrane transport protein PqiB	m	5mC	5-methylcytosine	12	0.00731261
NC_003197.2	CDS	1156809	1157373	+	564	EBBPGFGJ_01091	pqiC	Intermembrane transport lipoprotein PqiC	m	5mC	5-methylcytosine	18	0.03191489
NC_003197.2	CDS	1157895	1158414	-	519	EBBPGFGJ_01092	fabA	3-hydroxydecanoyl-[acyl-carrier-protein] dehydratase	m	5mC	5-methylcytosine	2	0.00385356
NC_003197.2	CDS	1158482	1160243	-	1761	EBBPGFGJ_01093	lon_2	Lon protease	m	5mC	5-methylcytosine	56	0.03180011
NC_003197.2	CDS	1160428	1160881	+	453	EBBPGFGJ_01094	matP	Macrodomain Ter protein	m	5mC	5-methylcytosine	2	0.00441501
NC_003197.2	CDS	1160952	1162005	-	1053	EBBPGFGJ_01095	ompA	Outer membrane protein A	m	5mC	5-methylcytosine	19	0.01804368
NC_003197.2	CDS	1162361	1162871	-	510	EBBPGFGJ_01096	sulA	Cell division inhibitor SulA	m	5mC	5-methylcytosine	15	0.02941176
NC_003197.2	CDS	1163087	1163693	+	606	EBBPGFGJ_01097	sxy	Protein Sxy	m	5mC	5-methylcytosine	4	0.00660066
NC_003197.2	CDS	1163679	1165833	-	2154	EBBPGFGJ_01098	yccS	Inner membrane protein YccS	m	5mC	5-methylcytosine	62	0.02878366
NC_003197.2	CDS	1165851	1166298	-	447	EBBPGFGJ_01099	yccF	Inner membrane protein YccF	m	5mC	5-methylcytosine	1	0.00223714
NC_003197.2	CDS	1166421	1168476	+	2055	EBBPGFGJ_01100	helD	DNA helicase IV	m	5mC	5-methylcytosine	45	0.02189781
NC_003197.2	CDS	1168511	1168970	-	459	EBBPGFGJ_01101	mgsA	Methylglyoxal synthase	m	5mC	5-methylcytosine	7	0.01525054
NC_003197.2	CDS	1169064	1169727	-	663	EBBPGFGJ_01102		UPF0319 protein HI_1681	m	5mC	5-methylcytosine	18	0.02714932
NC_003197.2	CDS	1169900	1170314	+	414	EBBPGFGJ_01103	yccU	Uncharacterized protein YccU	m	5mC	5-methylcytosine	8	0.01932367
NC_003197.2	CDS	1170358	1170676	-	318	EBBPGFGJ_01104	hspQ	Heat shock protein HspQ	m	5mC	5-methylcytosine	22	0.06918239
NC_003197.2	CDS	1170733	1171945	-	1212	EBBPGFGJ_01105	rlmI	Ribosomal RNA large subunit methyltransferase I	m	5mC	5-methylcytosine	29	0.02392739
NC_003197.2	CDS	1172159	1172708	+	549	EBBPGFGJ_01106	ybcL	UPF0098 protein YbcL	m	5mC	5-methylcytosine	7	0.01275046
NC_003197.2	CDS	1172724	1173513	+	789	EBBPGFGJ_01107		hypothetical protein	m	5mC	5-methylcytosine	31	0.03929024
NC_003197.2	CDS	1173561	1173843	+	282	EBBPGFGJ_01108	yccX	Acylphosphatase	m	5mC	5-methylcytosine	5	0.01773050
NC_003197.2	CDS	1173839	1174169	-	330	EBBPGFGJ_01109	tusE	Sulfurtransferase TusE	m	5mC	5-methylcytosine	6	0.01818182
NC_003197.2	CDS	1174255	1174915	-	660	EBBPGFGJ_01110	yccA	Modulator of FtsH protease YccA	m	5mC	5-methylcytosine	2	0.00303030
NC_003197.2	tRNA	1175309	1175397	+	88	EBBPGFGJ_01111		tRNA-Ser(tga)	m	5mC	5-methylcytosine	3	0.03409091
NC_003197.2	CDS	1175535	1176216	-	681	EBBPGFGJ_01112		hypothetical protein	m	5mC	5-methylcytosine	4	0.00587372
NC_003197.2	CDS	1176437	1177313	-	876	EBBPGFGJ_01113	pipB	Secreted effector protein PipB	m	5mC	5-methylcytosine	9	0.01027397
NC_003197.2	CDS	1177860	1178202	-	342	EBBPGFGJ_01114	sigE	Chaperone protein SigE	m	5mC	5-methylcytosine	5	0.01461988
NC_003197.2	CDS	1178218	1179904	-	1686	EBBPGFGJ_01115	sopB	Inositol phosphate phosphatase SopB	m	5mC	5-methylcytosine	29	0.01720047
NC_003197.2	CDS	1180406	1180517	-	111	EBBPGFGJ_01116		hypothetical protein	m	5mC	5-methylcytosine	1	0.00900901
NC_003197.2	CDS	1180625	1182188	-	1563	EBBPGFGJ_01117		hypothetical protein	m	5mC	5-methylcytosine	17	0.01087652
NC_003197.2	CDS	1182267	1183632	-	1365	EBBPGFGJ_01118	hprS	Sensor histidine kinase HprS	m	5mC	5-methylcytosine	83	0.06080586
NC_003197.2	CDS	1183624	1184362	-	738	EBBPGFGJ_01119	hprR	Transcriptional regulatory protein HprR	m	5mC	5-methylcytosine	9	0.01219512
NC_003197.2	CDS	1184440	1184851	+	411	EBBPGFGJ_01120	hiuH	5-hydroxyisourate hydrolase	m	5mC	5-methylcytosine	2	0.00486618
NC_003197.2	CDS	1185183	1185696	-	513	EBBPGFGJ_01121	hpaC	4-hydroxyphenylacetate 3-monooxygenase reductase component	m	5mC	5-methylcytosine	39	0.07602339
NC_003197.2	CDS	1185713	1187276	-	1563	EBBPGFGJ_01122	hpaB	4-hydroxyphenylacetate 3-monooxygenase oxygenase component	m	5mC	5-methylcytosine	40	0.02559181
NC_003197.2	CDS	1187493	1187934	-	441	EBBPGFGJ_01123	farR	HTH-type transcriptional regulator FarR	m	5mC	5-methylcytosine	3	0.00680272
NC_003197.2	CDS	1188208	1189498	+	1290	EBBPGFGJ_01124	hpcE	Homoprotocatechuate catabolism bifunctional isomerase/decarboxylase	m	5mC	5-methylcytosine	31	0.02403101
NC_003197.2	CDS	1189494	1190961	+	1467	EBBPGFGJ_01125	betB	NAD/NADP-dependent betaine aldehyde dehydrogenase	m	5mC	5-methylcytosine	71	0.04839809
NC_003197.2	CDS	1190962	1191814	+	852	EBBPGFGJ_01126	hpcB	3%2C4-dihydroxyphenylacetate 2%2C3-dioxygenase	m	5mC	5-methylcytosine	22	0.02582160
NC_003197.2	CDS	1191823	1192204	+	381	EBBPGFGJ_01127	hpcD	5-carboxymethyl-2-hydroxymuconate Delta-isomerase	m	5mC	5-methylcytosine	16	0.04199475
NC_003197.2	CDS	1192346	1193150	+	804	EBBPGFGJ_01128	hpcG	2-oxo-hept-4-ene-1%2C7-dioate hydratase	m	5mC	5-methylcytosine	31	0.03855721
NC_003197.2	CDS	1193160	1193952	+	792	EBBPGFGJ_01129	hpcH	4-hydroxy-2-oxo-heptane-1%2C7-dioate aldolase	m	5mC	5-methylcytosine	60	0.07575758
NC_003197.2	CDS	1194023	1195400	+	1377	EBBPGFGJ_01130	ttuB_1	Putative tartrate transporter	m	5mC	5-methylcytosine	20	0.01452433
NC_003197.2	CDS	1195409	1196306	+	897	EBBPGFGJ_01131	rhaR_2	HTH-type transcriptional activator RhaR	m	5mC	5-methylcytosine	12	0.01337793
NC_003197.2	CDS	1196319	1197258	+	939	EBBPGFGJ_01132	rnz	Ribonuclease Z	m	5mC	5-methylcytosine	16	0.01703940
NC_003197.2	CDS	1197665	1198028	-	363	EBBPGFGJ_01133	iraM	Anti-adapter protein IraM	m	5mC	5-methylcytosine	2	0.00550964
NC_003197.2	CDS	1198681	1198987	-	306	EBBPGFGJ_01134	cbpM	Chaperone modulatory protein CbpM	m	5mC	5-methylcytosine	5	0.01633987
NC_003197.2	CDS	1198986	1199907	-	921	EBBPGFGJ_01135	cbpA	Curved DNA-binding protein	m	5mC	5-methylcytosine	8	0.00868621
NC_003197.2	CDS	1200141	1200504	+	363	EBBPGFGJ_01136		hypothetical protein	m	5mC	5-methylcytosine	25	0.06887052
NC_003197.2	CDS	1200552	1202439	+	1887	EBBPGFGJ_01137	dsbD_1	Thiol:disulfide interchange protein DsbD	m	5mC	5-methylcytosine	110	0.05829359
NC_003197.2	CDS	1202435	1203059	+	624	EBBPGFGJ_01138		hypothetical protein	m	5mC	5-methylcytosine	16	0.02564103
NC_003197.2	CDS	1203048	1203555	+	507	EBBPGFGJ_01139	resA	Thiol-disulfide oxidoreductase ResA	m	5mC	5-methylcytosine	64	0.12623274
NC_003197.2	CDS	1203687	1204929	+	1242	EBBPGFGJ_01140	agp	Glucose-1-phosphatase	m	5mC	5-methylcytosine	7	0.00563607
NC_003197.2	CDS	1205210	1205807	-	597	EBBPGFGJ_01142	wrbA	NAD(P)H dehydrogenase (quinone)	m	5mC	5-methylcytosine	12	0.02010050
NC_003197.2	CDS	1206191	1206359	+	168	EBBPGFGJ_01143		hypothetical protein	m	5mC	5-methylcytosine	1	0.00595238
NC_003197.2	CDS	1206495	1207134	+	639	EBBPGFGJ_01144	rutR	HTH-type transcriptional regulator RutR	m	5mC	5-methylcytosine	17	0.02660407
NC_003197.2	CDS	1207130	1207526	-	396	EBBPGFGJ_01145		hypothetical protein	m	5mC	5-methylcytosine	9	0.02272727
NC_003197.2	CDS	1207584	1211547	-	3963	EBBPGFGJ_01146	putA	Bifunctional protein PutA	m	5mC	5-methylcytosine	165	0.04163512
NC_003197.2	CDS	1211968	1213477	+	1509	EBBPGFGJ_01147	putP	Sodium/proline symporter	m	5mC	5-methylcytosine	21	0.01391650
NC_003197.2	CDS	1214094	1214391	+	297	EBBPGFGJ_01148		hypothetical protein	m	5mC	5-methylcytosine	1	0.00336700
NC_003197.2	CDS	1214369	1215158	+	789	EBBPGFGJ_01149	phoH	Protein PhoH	m	5mC	5-methylcytosine	20	0.02534854
NC_003197.2	CDS	1215263	1216145	-	882	EBBPGFGJ_01150	ybbH	Uncharacterized HTH-type transcriptional regulator YbbH	m	5mC	5-methylcytosine	9	0.01020408
NC_003197.2	CDS	1216429	1217926	-	1497	EBBPGFGJ_01151	sglT	Sodium/glucose cotransporter	m	5mC	5-methylcytosine	18	0.01202405
NC_003197.2	CDS	1218262	1218943	-	681	EBBPGFGJ_01152	nanE	Putative N-acetylmannosamine-6-phosphate 2-epimerase	m	5mC	5-methylcytosine	24	0.03524229
NC_003197.2	CDS	1219460	1220609	+	1149	EBBPGFGJ_01153	nanM	N-acetylneuraminate epimerase	m	5mC	5-methylcytosine	10	0.00870322
NC_003197.2	CDS	1220654	1221347	+	693	EBBPGFGJ_01154	kdgM_1	Oligogalacturonate-specific porin KdgM	m	5mC	5-methylcytosine	8	0.01154401
NC_003197.2	CDS	1221629	1222910	+	1281	EBBPGFGJ_01155	yjhB_2	Putative metabolite transport protein YjhB	m	5mC	5-methylcytosine	17	0.01327088
NC_003197.2	CDS	1222923	1224027	+	1104	EBBPGFGJ_01156	yjhC	Uncharacterized oxidoreductase YjhC	m	5mC	5-methylcytosine	16	0.01449275
NC_003197.2	tRNA	1224730	1224818	-	88	EBBPGFGJ_01157		tRNA-Ser(gga)	m	5mC	5-methylcytosine	2	0.02272727
NC_003197.2	CDS	1225054	1225993	+	939	EBBPGFGJ_01158	ghrA	Glyoxylate/hydroxypyruvate reductase A	m	5mC	5-methylcytosine	45	0.04792332
NC_003197.2	CDS	1226076	1226814	+	738	EBBPGFGJ_01159	ycdX	Probable phosphatase YcdX	m	5mC	5-methylcytosine	23	0.03116531
NC_003197.2	CDS	1226837	1227392	+	555	EBBPGFGJ_01160	ycdY	Chaperone protein YcdY	m	5mC	5-methylcytosine	23	0.04144144
NC_003197.2	CDS	1227480	1227975	+	495	EBBPGFGJ_01161	ycdZ	Inner membrane protein YcdZ	m	5mC	5-methylcytosine	7	0.01414141
NC_003197.2	CDS	1228013	1228847	-	834	EBBPGFGJ_01162	csgG	Curli production assembly/transport component CsgG	m	5mC	5-methylcytosine	4	0.00479616
NC_003197.2	CDS	1229316	1229712	-	396	EBBPGFGJ_01164	csgE	Curli production assembly/transport component CsgE	m	5mC	5-methylcytosine	3	0.00757576
NC_003197.2	CDS	1229716	1230367	-	651	EBBPGFGJ_01165	csgD	Probable csgAB operon transcriptional regulatory protein	m	5mC	5-methylcytosine	11	0.01689708
NC_003197.2	CDS	1231121	1231577	+	456	EBBPGFGJ_01166	csgB	Minor curlin subunit	m	5mC	5-methylcytosine	17	0.03728070
NC_003197.2	CDS	1231618	1232074	+	456	EBBPGFGJ_01167	csgA	Major curlin subunit	m	5mC	5-methylcytosine	4	0.00877193
NC_003197.2	CDS	1232592	1232913	+	321	EBBPGFGJ_01169	ymdA	Uncharacterized protein YmdA	m	5mC	5-methylcytosine	2	0.00623053
NC_003197.2	CDS	1233001	1233541	+	540	EBBPGFGJ_01170	ymdB	O-acetyl-ADP-ribose deacetylase	m	5mC	5-methylcytosine	23	0.04259259
NC_003197.2	CDS	1233479	1234964	+	1485	EBBPGFGJ_01171	clsC	Cardiolipin synthase C	m	5mC	5-methylcytosine	25	0.01683502
NC_003197.2	CDS	1234980	1236135	-	1155	EBBPGFGJ_01172	mdoC	Glucans biosynthesis protein C	m	5mC	5-methylcytosine	3	0.00259740
NC_003197.2	CDS	1236388	1237942	+	1554	EBBPGFGJ_01173	mdoG	Glucans biosynthesis protein G	m	5mC	5-methylcytosine	24	0.01544402
NC_003197.2	CDS	1237934	1240478	+	2544	EBBPGFGJ_01174	mdoH	Glucans biosynthesis glucosyltransferase H	m	5mC	5-methylcytosine	87	0.03419811
NC_003197.2	CDS	1240551	1240779	+	228	EBBPGFGJ_01175		hypothetical protein	m	5mC	5-methylcytosine	9	0.03947368
NC_003197.2	CDS	1240779	1241154	-	375	EBBPGFGJ_01176		hypothetical protein	m	5mC	5-methylcytosine	3	0.00800000
NC_003197.2	CDS	1241235	1242450	-	1215	EBBPGFGJ_01177	sbnD_2	Staphyloferrin B transporter	m	5mC	5-methylcytosine	47	0.03868313
NC_003197.2	CDS	1242604	1243525	-	921	EBBPGFGJ_01178	lpxL	Lipid A biosynthesis lauroyltransferase	m	5mC	5-methylcytosine	20	0.02171553
NC_003197.2	CDS	1243744	1244797	+	1053	EBBPGFGJ_01179	yceA	UPF0176 protein YceA	m	5mC	5-methylcytosine	9	0.00854701
NC_003197.2	CDS	1244848	1245424	-	576	EBBPGFGJ_01180	yceI_1	Protein YceI	m	5mC	5-methylcytosine	4	0.00694444
NC_003197.2	CDS	1245420	1245993	-	573	EBBPGFGJ_01181	yceJ	Cytochrome b561 homolog 2	m	5mC	5-methylcytosine	7	0.01221640
NC_003197.2	CDS	1246409	1247528	-	1119	EBBPGFGJ_01183	solA	N-methyl-L-tryptophan oxidase	m	5mC	5-methylcytosine	68	0.06076854
NC_003197.2	CDS	1247640	1247895	-	255	EBBPGFGJ_01184	bssS	Biofilm regulator BssS	m	5mC	5-methylcytosine	1	0.00392157
NC_003197.2	CDS	1248184	1248430	-	246	EBBPGFGJ_01185	dinI_2	DNA damage-inducible protein I	m	5mC	5-methylcytosine	4	0.01626016
NC_003197.2	CDS	1248503	1249550	-	1047	EBBPGFGJ_01186	pyrC	Dihydroorotase	m	5mC	5-methylcytosine	57	0.05444126
NC_003197.2	CDS	1249654	1250215	-	561	EBBPGFGJ_01187	yceB	Uncharacterized lipoprotein YceB	m	5mC	5-methylcytosine	2	0.00356506
NC_003197.2	CDS	1250339	1250987	-	648	EBBPGFGJ_01188	grxB	Glutaredoxin 2	m	5mC	5-methylcytosine	2	0.00308642
NC_003197.2	CDS	1251050	1252259	-	1209	EBBPGFGJ_01189	mdtH	Multidrug resistance protein MdtH	m	5mC	5-methylcytosine	39	0.03225806
NC_003197.2	CDS	1252495	1253080	+	585	EBBPGFGJ_01190	rimJ	[Ribosomal protein S5]-alanine N-acetyltransferase	m	5mC	5-methylcytosine	3	0.00512821
NC_003197.2	CDS	1253115	1253763	+	648	EBBPGFGJ_01191	yceH	UPF0502 protein YceH	m	5mC	5-methylcytosine	22	0.03395062
NC_003197.2	CDS	1253764	1254688	+	924	EBBPGFGJ_01192	yceM	Putative oxidoreductase YceM	m	5mC	5-methylcytosine	21	0.02272727
NC_003197.2	CDS	1254952	1256527	+	1575	EBBPGFGJ_01193	murJ	Probable lipid II flippase MurJ	m	5mC	5-methylcytosine	15	0.00952381
NC_003197.2	CDS	1256608	1257031	-	423	EBBPGFGJ_01194	flgN	Flagella synthesis protein FlgN	m	5mC	5-methylcytosine	3	0.00709220
NC_003197.2	CDS	1257035	1257329	-	294	EBBPGFGJ_01195	flgM	Negative regulator of flagellin synthesis	m	5mC	5-methylcytosine	2	0.00680272
NC_003197.2	CDS	1257420	1258080	-	660	EBBPGFGJ_01196	flgA	Flagella basal body P-ring formation protein FlgA	m	5mC	5-methylcytosine	46	0.06969697
NC_003197.2	CDS	1258236	1258653	+	417	EBBPGFGJ_01197	flgB	Flagellar basal body rod protein FlgB	m	5mC	5-methylcytosine	3	0.00719424
NC_003197.2	CDS	1258656	1259061	+	405	EBBPGFGJ_01198	flgC	Flagellar basal-body rod protein FlgC	m	5mC	5-methylcytosine	9	0.02222222
NC_003197.2	CDS	1259072	1259771	+	699	EBBPGFGJ_01199	flgD	Basal-body rod modification protein FlgD	m	5mC	5-methylcytosine	6	0.00858369
NC_003197.2	CDS	1259797	1261009	+	1212	EBBPGFGJ_01200	flgE	Flagellar hook protein FlgE	m	5mC	5-methylcytosine	23	0.01897690
NC_003197.2	CDS	1261029	1261785	+	756	EBBPGFGJ_01201	flgF	Flagellar basal-body rod protein FlgF	m	5mC	5-methylcytosine	81	0.10714286
NC_003197.2	CDS	1261798	1262581	+	783	EBBPGFGJ_01202	flgG	Flagellar basal-body rod protein FlgG	m	5mC	5-methylcytosine	14	0.01787995
NC_003197.2	CDS	1262668	1263334	+	666	EBBPGFGJ_01203	flgH	Flagellar L-ring protein	m	5mC	5-methylcytosine	8	0.01201201
NC_003197.2	CDS	1263345	1264443	+	1098	EBBPGFGJ_01204	flgI	Flagellar P-ring protein	m	5mC	5-methylcytosine	26	0.02367942
NC_003197.2	CDS	1264442	1265393	+	951	EBBPGFGJ_01205	flgJ	Peptidoglycan hydrolase FlgJ	m	5mC	5-methylcytosine	20	0.02103049
NC_003197.2	CDS	1265457	1267119	+	1662	EBBPGFGJ_01206	flgK	Flagellar hook-associated protein 1	m	5mC	5-methylcytosine	7	0.00421179
NC_003197.2	CDS	1267133	1268087	+	954	EBBPGFGJ_01207	flgL	Flagellar hook-associated protein 3	m	5mC	5-methylcytosine	11	0.01153040
NC_003197.2	CDS	1268343	1271547	-	3204	EBBPGFGJ_01208	rne	Ribonuclease E	m	5mC	5-methylcytosine	193	0.06023720
NC_003197.2	CDS	1272036	1273080	+	1044	EBBPGFGJ_01209	rluC	Ribosomal large subunit pseudouridine synthase C	m	5mC	5-methylcytosine	26	0.02490421
NC_003197.2	CDS	1273217	1273979	+	762	EBBPGFGJ_01210		hypothetical protein	m	5mC	5-methylcytosine	9	0.01181102
NC_003197.2	CDS	1274184	1274409	+	225	EBBPGFGJ_01211		hypothetical protein	m	5mC	5-methylcytosine	1	0.00444444
NC_003197.2	CDS	1274480	1275065	-	585	EBBPGFGJ_01212	yceF	7-methyl-GTP pyrophosphatase	m	5mC	5-methylcytosine	10	0.01709402
NC_003197.2	CDS	1275262	1275784	+	522	EBBPGFGJ_01213	yceD	Large ribosomal RNA subunit accumulation protein YceD	m	5mC	5-methylcytosine	8	0.01532567
NC_003197.2	CDS	1275835	1276009	+	174	EBBPGFGJ_01214	rpmF	50S ribosomal protein L32	m	5mC	5-methylcytosine	14	0.08045977
NC_003197.2	CDS	1276172	1277222	+	1050	EBBPGFGJ_01215	plsX	Phosphate acyltransferase	m	5mC	5-methylcytosine	25	0.02380952
NC_003197.2	CDS	1277301	1278255	+	954	EBBPGFGJ_01216	fabH	3-oxoacyl-[acyl-carrier-protein] synthase 3	m	5mC	5-methylcytosine	45	0.04716981
NC_003197.2	CDS	1278270	1279200	+	930	EBBPGFGJ_01217	fabD	Malonyl CoA-acyl carrier protein transacylase	m	5mC	5-methylcytosine	22	0.02365591
NC_003197.2	CDS	1279212	1279947	+	735	EBBPGFGJ_01218	fabG	3-oxoacyl-[acyl-carrier-protein] reductase FabG	m	5mC	5-methylcytosine	13	0.01768707
NC_003197.2	CDS	1280424	1281666	+	1242	EBBPGFGJ_01220	fabF	3-oxoacyl-[acyl-carrier-protein] synthase 2	m	5mC	5-methylcytosine	110	0.08856683
NC_003197.2	CDS	1281789	1282599	+	810	EBBPGFGJ_01221	pabC	Aminodeoxychorismate lyase	m	5mC	5-methylcytosine	3	0.00370370
NC_003197.2	CDS	1282601	1283624	+	1023	EBBPGFGJ_01222	mltG	Endolytic murein transglycosylase	m	5mC	5-methylcytosine	16	0.01564027
NC_003197.2	CDS	1283613	1284255	+	642	EBBPGFGJ_01223	tmk	Thymidylate kinase	m	5mC	5-methylcytosine	48	0.07476636
NC_003197.2	CDS	1284251	1285256	+	1005	EBBPGFGJ_01224	holB	DNA polymerase III subunit delta'	m	5mC	5-methylcytosine	140	0.13930348
NC_003197.2	CDS	1285266	1286064	+	798	EBBPGFGJ_01225	ycfH	Uncharacterized metal-dependent hydrolase YcfH	m	5mC	5-methylcytosine	7	0.00877193
NC_003197.2	CDS	1286358	1287792	+	1434	EBBPGFGJ_01226	ptsG_1	PTS system glucose-specific EIICB component	m	5mC	5-methylcytosine	19	0.01324965
NC_003197.2	CDS	1287876	1290051	-	2175	EBBPGFGJ_01227	fhuE	FhuE receptor	m	5mC	5-methylcytosine	42	0.01931034
NC_003197.2	CDS	1290374	1290752	+	378	EBBPGFGJ_01228	hinT	Purine nucleoside phosphoramidase	m	5mC	5-methylcytosine	1	0.00264550
NC_003197.2	CDS	1290754	1291129	+	375	EBBPGFGJ_01229		hypothetical protein	m	5mC	5-methylcytosine	12	0.03200000
NC_003197.2	CDS	1291142	1291781	+	639	EBBPGFGJ_01230	lpoB	Penicillin-binding protein activator LpoB	m	5mC	5-methylcytosine	9	0.01408451
NC_003197.2	CDS	1291761	1292586	+	825	EBBPGFGJ_01231	thiK	Thiamine kinase	m	5mC	5-methylcytosine	11	0.01333333
NC_003197.2	CDS	1292596	1293622	+	1026	EBBPGFGJ_01232	nagZ	Beta-hexosaminidase	m	5mC	5-methylcytosine	27	0.02631579
NC_003197.2	CDS	1293646	1294189	+	543	EBBPGFGJ_01233	ycfP	UPF0227 protein YcfP	m	5mC	5-methylcytosine	13	0.02394107
NC_003197.2	CDS	1294443	1295748	+	1305	EBBPGFGJ_01234	ndh	NADH dehydrogenase	m	5mC	5-methylcytosine	28	0.02145594
NC_003197.2	CDS	1295926	1296466	+	540	EBBPGFGJ_01235		hypothetical protein	m	5mC	5-methylcytosine	4	0.00740741
NC_003197.2	CDS	1296540	1297176	-	636	EBBPGFGJ_01236	comR	HTH-type transcriptional repressor ComR	m	5mC	5-methylcytosine	8	0.01257862
NC_003197.2	CDS	1297417	1297675	+	258	EBBPGFGJ_01237	bhsA	Multiple stress resistance protein BhsA	m	5mC	5-methylcytosine	2	0.00775194
NC_003197.2	CDS	1297771	1298737	-	966	EBBPGFGJ_01238	ycfS	Probable L%2CD-transpeptidase YcfS	m	5mC	5-methylcytosine	4	0.00414079
NC_003197.2	CDS	1298884	1302331	-	3447	EBBPGFGJ_01239	mfd	Transcription-repair-coupling factor	m	5mC	5-methylcytosine	176	0.05105889
NC_003197.2	CDS	1302668	1303868	+	1200	EBBPGFGJ_01240	lolC	Lipoprotein-releasing system transmembrane protein LolC	m	5mC	5-methylcytosine	10	0.00833333
NC_003197.2	CDS	1303860	1304562	+	702	EBBPGFGJ_01241	lolD_2	Lipoprotein-releasing system ATP-binding protein LolD	m	5mC	5-methylcytosine	23	0.03276353
NC_003197.2	CDS	1304561	1305806	+	1245	EBBPGFGJ_01242	lolE	Lipoprotein-releasing system transmembrane protein LolE	m	5mC	5-methylcytosine	38	0.03052209
NC_003197.2	CDS	1305834	1306746	+	912	EBBPGFGJ_01243	nagK_1	N-acetyl-D-glucosamine kinase	m	5mC	5-methylcytosine	35	0.03837719
NC_003197.2	CDS	1306764	1307586	+	822	EBBPGFGJ_01244	cobB	NAD-dependent protein deacylase	m	5mC	5-methylcytosine	32	0.03892944
NC_003197.2	CDS	1307667	1308714	-	1047	EBBPGFGJ_01245	potD	Spermidine/putrescine-binding periplasmic protein	m	5mC	5-methylcytosine	17	0.01623687
NC_003197.2	CDS	1308738	1309518	-	780	EBBPGFGJ_01246	ydcV_2	Inner membrane ABC transporter permease protein YdcV	m	5mC	5-methylcytosine	10	0.01282051
NC_003197.2	CDS	1309833	1310844	-	1011	EBBPGFGJ_01247	sifA	Secreted effector protein SifA	m	5mC	5-methylcytosine	9	0.00890208
NC_003197.2	CDS	1311172	1312036	-	864	EBBPGFGJ_01248	potB	Spermidine/putrescine transport system permease protein PotB	m	5mC	5-methylcytosine	18	0.02083333
NC_003197.2	CDS	1312019	1313156	-	1137	EBBPGFGJ_01249	potA_2	Spermidine/putrescine import ATP-binding protein PotA	m	5mC	5-methylcytosine	32	0.02814424
NC_003197.2	CDS	1313406	1314636	+	1230	EBBPGFGJ_01250	pepT	Peptidase T	m	5mC	5-methylcytosine	17	0.01382114
NC_003197.2	CDS	1314639	1315974	+	1335	EBBPGFGJ_01251		hypothetical protein	m	5mC	5-methylcytosine	28	0.02097378
NC_003197.2	CDS	1316013	1317135	-	1122	EBBPGFGJ_01252	roxA	50S ribosomal protein L16 3-hydroxylase	m	5mC	5-methylcytosine	75	0.06684492
NC_003197.2	CDS	1317215	1318679	-	1464	EBBPGFGJ_01253	phoQ	Virulence sensor histidine kinase PhoQ	m	5mC	5-methylcytosine	38	0.02595628
NC_003197.2	CDS	1318678	1319353	-	675	EBBPGFGJ_01254	phoP	Virulence transcriptional regulatory protein PhoP	m	5mC	5-methylcytosine	13	0.01925926
NC_003197.2	CDS	1319476	1320847	-	1371	EBBPGFGJ_01255	purB	Adenylosuccinate lyase	m	5mC	5-methylcytosine	17	0.01239971
NC_003197.2	CDS	1320850	1321492	-	642	EBBPGFGJ_01256	hflD	High frequency lysogenization protein HflD	m	5mC	5-methylcytosine	33	0.05140187
NC_003197.2	CDS	1321578	1322685	-	1107	EBBPGFGJ_01257	mnmA	tRNA-specific 2-thiouridylase MnmA	m	5mC	5-methylcytosine	36	0.03252033
NC_003197.2	CDS	1322738	1323200	-	462	EBBPGFGJ_01258	nudJ	Phosphatase NudJ	m	5mC	5-methylcytosine	2	0.00432900
NC_003197.2	CDS	1323211	1323541	-	330	EBBPGFGJ_01259		hypothetical protein	m	5mC	5-methylcytosine	4	0.01212121
NC_003197.2	CDS	1323537	1324275	-	738	EBBPGFGJ_01260	rluE	Ribosomal large subunit pseudouridine synthase E	m	5mC	5-methylcytosine	9	0.01219512
NC_003197.2	CDS	1324374	1325625	+	1251	EBBPGFGJ_01261	icd	Isocitrate dehydrogenase [NADP]	m	5mC	5-methylcytosine	30	0.02398082
NC_003197.2	CDS	1326072	1327197	+	1125	EBBPGFGJ_01262		hypothetical protein	m	5mC	5-methylcytosine	14	0.01244444
NC_003197.2	CDS	1327653	1327857	-	204	EBBPGFGJ_01263		hypothetical protein	m	5mC	5-methylcytosine	4	0.01960784
NC_003197.2	CDS	1328178	1328967	-	789	EBBPGFGJ_01264		hypothetical protein	m	5mC	5-methylcytosine	8	0.01013942
NC_003197.2	CDS	1329455	1329695	-	240	EBBPGFGJ_01265		hypothetical protein	m	5mC	5-methylcytosine	9	0.03750000
NC_003197.2	CDS	1329885	1330407	-	522	EBBPGFGJ_01266		hypothetical protein	m	5mC	5-methylcytosine	7	0.01340996
NC_003197.2	CDS	1331165	1331429	-	264	EBBPGFGJ_01267		hypothetical protein	m	5mC	5-methylcytosine	4	0.01515152
NC_003197.2	CDS	1332240	1332798	+	558	EBBPGFGJ_01268	ail_4	Attachment invasion locus protein	m	5mC	5-methylcytosine	3	0.00537634
NC_003197.2	tRNA	1333203	1333280	+	77	EBBPGFGJ_01269		tRNA-Arg(cct)	m	5mC	5-methylcytosine	4	0.05194805
NC_003197.2	CDS	1334034	1334379	-	345	EBBPGFGJ_01270		hypothetical protein	m	5mC	5-methylcytosine	5	0.01449275
NC_003197.2	CDS	1335013	1335187	-	174	EBBPGFGJ_01271		hypothetical protein	m	5mC	5-methylcytosine	3	0.01724138
NC_003197.2	CDS	1335505	1335973	+	468	EBBPGFGJ_01272	ibpA_1	Small heat shock protein IbpA	m	5mC	5-methylcytosine	6	0.01282051
NC_003197.2	CDS	1336311	1337355	+	1044	EBBPGFGJ_01273		hypothetical protein	m	5mC	5-methylcytosine	25	0.02394636
NC_003197.2	CDS	1337437	1337968	-	531	EBBPGFGJ_01274	yodB	Cytochrome b561 homolog 1	m	5mC	5-methylcytosine	3	0.00564972
NC_003197.2	CDS	1338116	1338431	-	315	EBBPGFGJ_01275		hypothetical protein	m	5mC	5-methylcytosine	3	0.00952381
NC_003197.2	CDS	1339160	1340747	+	1587	EBBPGFGJ_01276		hypothetical protein	m	5mC	5-methylcytosine	51	0.03213611
NC_003197.2	CDS	1340746	1341721	+	975	EBBPGFGJ_01277	dppB_1	Dipeptide transport system permease protein DppB	m	5mC	5-methylcytosine	13	0.01333333
NC_003197.2	CDS	1341710	1342523	+	813	EBBPGFGJ_01278	dppC_1	Dipeptide transport system permease protein DppC	m	5mC	5-methylcytosine	9	0.01107011
NC_003197.2	CDS	1342516	1343314	+	798	EBBPGFGJ_01279	btuD_2	Vitamin B12 import ATP-binding protein BtuD	m	5mC	5-methylcytosine	36	0.04511278
NC_003197.2	CDS	1343307	1343898	+	591	EBBPGFGJ_01280	oppF_1	Oligopeptide transport ATP-binding protein OppF	m	5mC	5-methylcytosine	44	0.07445008
NC_003197.2	CDS	1343979	1345113	-	1134	EBBPGFGJ_01281		hypothetical protein	m	5mC	5-methylcytosine	14	0.01234568
NC_003197.2	CDS	1345306	1345633	+	327	EBBPGFGJ_01282	yhjQ	Uncharacterized cysteine-rich protein YhjQ	m	5mC	5-methylcytosine	19	0.05810398
NC_003197.2	tRNA	1345641	1345718	+	77	EBBPGFGJ_01283		tRNA-Arg(tct)	m	5mC	5-methylcytosine	3	0.03896104
NC_003197.2	CDS	1345826	1346477	+	651	EBBPGFGJ_01284	zinT	Metal-binding protein ZinT	m	5mC	5-methylcytosine	16	0.02457757
NC_003197.2	CDS	1346585	1347374	+	789	EBBPGFGJ_01285	ant1	Streptomycin 3''-adenylyltransferase	m	5mC	5-methylcytosine	29	0.03675539
NC_003197.2	CDS	1347518	1348112	+	594	EBBPGFGJ_01286		hypothetical protein	m	5mC	5-methylcytosine	4	0.00673401
NC_003197.2	CDS	1348180	1349029	+	849	EBBPGFGJ_01287	bluR	HTH-type transcriptional repressor BluR	m	5mC	5-methylcytosine	16	0.01884570
NC_003197.2	CDS	1349283	1349532	-	249	EBBPGFGJ_01288		hypothetical protein	m	5mC	5-methylcytosine	2	0.00803213
NC_003197.2	CDS	1349842	1350388	+	546	EBBPGFGJ_01289	aroQ	Monofunctional chorismate mutase	m	5mC	5-methylcytosine	7	0.01282051
NC_003197.2	CDS	1350584	1351223	+	639	EBBPGFGJ_01290	leuE	Leucine efflux protein	m	5mC	5-methylcytosine	18	0.02816901
NC_003197.2	CDS	1351395	1351758	+	363	EBBPGFGJ_01291	yeaR_1	Uncharacterized protein YeaR	m	5mC	5-methylcytosine	8	0.02203857
NC_003197.2	CDS	1351760	1351943	+	183	EBBPGFGJ_01292	yoaG	Protein YoaG	m	5mC	5-methylcytosine	1	0.00546448
NC_003197.2	CDS	1352172	1352814	+	642	EBBPGFGJ_01293		hypothetical protein	m	5mC	5-methylcytosine	4	0.00623053
NC_003197.2	CDS	1353809	1354061	+	252	EBBPGFGJ_01295		hypothetical protein	m	5mC	5-methylcytosine	3	0.01190476
NC_003197.2	CDS	1354129	1354441	+	312	EBBPGFGJ_01296		hypothetical protein	m	5mC	5-methylcytosine	24	0.07692308
NC_003197.2	CDS	1354426	1354774	-	348	EBBPGFGJ_01297		hypothetical protein	m	5mC	5-methylcytosine	9	0.02586207
NC_003197.2	CDS	1354892	1356077	-	1185	EBBPGFGJ_01298	nimT	2-nitroimidazole transporter	m	5mC	5-methylcytosine	57	0.04810127
NC_003197.2	CDS	1356177	1356972	+	795	EBBPGFGJ_01299	nimR	HTH-type transcriptional regulator NimR	m	5mC	5-methylcytosine	27	0.03396226
NC_003197.2	CDS	1356951	1357398	-	447	EBBPGFGJ_01300		hypothetical protein	m	5mC	5-methylcytosine	15	0.03355705
NC_003197.2	CDS	1357707	1358235	-	528	EBBPGFGJ_01302		hypothetical protein	m	5mC	5-methylcytosine	18	0.03409091
NC_003197.2	CDS	1358275	1359769	-	1494	EBBPGFGJ_01303	dgcJ	Probable diguanylate cyclase DgcJ	m	5mC	5-methylcytosine	14	0.00937082
NC_003197.2	CDS	1360409	1361696	-	1287	EBBPGFGJ_01304	yhbH	Stress response UPF0229 protein YhbH	m	5mC	5-methylcytosine	38	0.02952603
NC_003197.2	CDS	1361818	1363753	-	1935	EBBPGFGJ_01305		hypothetical protein	m	5mC	5-methylcytosine	36	0.01860465
NC_003197.2	CDS	1364179	1364926	+	747	EBBPGFGJ_01306	mipA	MltA-interacting protein	m	5mC	5-methylcytosine	2	0.00267738
NC_003197.2	CDS	1365215	1366412	+	1197	EBBPGFGJ_01307	chuR_2	Anaerobic sulfatase-maturating enzyme	m	5mC	5-methylcytosine	11	0.00918964
NC_003197.2	CDS	1366517	1367366	+	849	EBBPGFGJ_01308		Uncharacterized oxidoreductase Rv2298	m	5mC	5-methylcytosine	16	0.01884570
NC_003197.2	CDS	1367464	1368349	-	885	EBBPGFGJ_01309	yeaD	Putative glucose-6-phosphate 1-epimerase	m	5mC	5-methylcytosine	22	0.02485876
NC_003197.2	CDS	1368683	1369679	-	996	EBBPGFGJ_01310	gapA	Glyceraldehyde-3-phosphate dehydrogenase A	m	5mC	5-methylcytosine	18	0.01807229
NC_003197.2	CDS	1370020	1370434	+	414	EBBPGFGJ_01311	msrB	Peptide methionine sulfoxide reductase MsrB	m	5mC	5-methylcytosine	2	0.00483092
NC_003197.2	CDS	1370475	1370754	+	279	EBBPGFGJ_01312		hypothetical protein	m	5mC	5-methylcytosine	5	0.01792115
NC_003197.2	CDS	1371105	1371762	-	657	EBBPGFGJ_01313	pncA	Nicotinamidase	m	5mC	5-methylcytosine	44	0.06697108
NC_003197.2	CDS	1371788	1372877	-	1089	EBBPGFGJ_01314	ansA	L-asparaginase 1	m	5mC	5-methylcytosine	12	0.01101928
NC_003197.2	CDS	1372900	1374757	-	1857	EBBPGFGJ_01315	sppA	Protease 4	m	5mC	5-methylcytosine	68	0.03661820
NC_003197.2	CDS	1374930	1375482	+	552	EBBPGFGJ_01316	ydjA	Putative NAD(P)H nitroreductase YdjA	m	5mC	5-methylcytosine	13	0.02355072
NC_003197.2	CDS	1375599	1376643	+	1044	EBBPGFGJ_01317	selD	Selenide%2C water dikinase	m	5mC	5-methylcytosine	30	0.02873563
NC_003197.2	CDS	1376647	1378597	+	1950	EBBPGFGJ_01318	topB	DNA topoisomerase 3	m	5mC	5-methylcytosine	98	0.05025641
NC_003197.2	CDS	1378626	1379970	-	1344	EBBPGFGJ_01319	gdhA_1	NADP-specific glutamate dehydrogenase	m	5mC	5-methylcytosine	55	0.04092262
NC_003197.2	CDS	1380208	1380484	+	276	EBBPGFGJ_01320		hypothetical protein	m	5mC	5-methylcytosine	2	0.00724638
NC_003197.2	CDS	1380443	1380860	-	417	EBBPGFGJ_01321	nudG	CTP pyrophosphohydrolase	m	5mC	5-methylcytosine	47	0.11270983
NC_003197.2	CDS	1380932	1381811	-	879	EBBPGFGJ_01322	xthA	Exodeoxyribonuclease III	m	5mC	5-methylcytosine	4	0.00455063
NC_003197.2	CDS	1382184	1383411	+	1227	EBBPGFGJ_01323	astC	Succinylornithine transaminase	m	5mC	5-methylcytosine	44	0.03585982
NC_003197.2	CDS	1383401	1384436	+	1035	EBBPGFGJ_01324	astA	Arginine N-succinyltransferase	m	5mC	5-methylcytosine	40	0.03864734
NC_003197.2	CDS	1384432	1385911	+	1479	EBBPGFGJ_01325	astD	N-succinylglutamate 5-semialdehyde dehydrogenase	m	5mC	5-methylcytosine	80	0.05409060
NC_003197.2	CDS	1385907	1387251	+	1344	EBBPGFGJ_01326	astB	N-succinylarginine dihydrolase	m	5mC	5-methylcytosine	28	0.02083333
NC_003197.2	CDS	1387243	1388212	+	969	EBBPGFGJ_01327	astE	Succinylglutamate desuccinylase	m	5mC	5-methylcytosine	34	0.03508772
NC_003197.2	CDS	1388547	1389033	+	486	EBBPGFGJ_01329	spy	Periplasmic chaperone Spy	m	5mC	5-methylcytosine	1	0.00205761
NC_003197.2	CDS	1389107	1389989	-	882	EBBPGFGJ_01330	cho	Excinuclease cho	m	5mC	5-methylcytosine	25	0.02834467
NC_003197.2	CDS	1390109	1390937	-	828	EBBPGFGJ_01331	nadE	NH(3)-dependent NAD(+) synthetase	m	5mC	5-methylcytosine	16	0.01932367
NC_003197.2	CDS	1391155	1391497	+	342	EBBPGFGJ_01332	osmE	Osmotically-inducible putative lipoprotein OsmE	m	5mC	5-methylcytosine	2	0.00584795
NC_003197.2	CDS	1391797	1392118	+	321	EBBPGFGJ_01333	chbB	PTS system N%2CN'-diacetylchitobiose-specific EIIB component	m	5mC	5-methylcytosine	7	0.02180685
NC_003197.2	CDS	1392200	1393559	+	1359	EBBPGFGJ_01334	chbC	PTS system N%2CN'-diacetylchitobiose-specific EIIC component	m	5mC	5-methylcytosine	25	0.01839588
NC_003197.2	CDS	1393609	1393957	+	348	EBBPGFGJ_01335	chbA	PTS system N%2CN'-diacetylchitobiose-specific EIIA component	m	5mC	5-methylcytosine	1	0.00287356
NC_003197.2	CDS	1393970	1394810	+	840	EBBPGFGJ_01336	chbR	HTH-type transcriptional regulator ChbR	m	5mC	5-methylcytosine	5	0.00595238
NC_003197.2	CDS	1394934	1396290	+	1356	EBBPGFGJ_01337	chbF	6-phospho-beta-glucosidase	m	5mC	5-methylcytosine	10	0.00737463
NC_003197.2	CDS	1396302	1397061	+	759	EBBPGFGJ_01338	chbG	Chitooligosaccharide deacetylase ChbG	m	5mC	5-methylcytosine	43	0.05665349
NC_003197.2	CDS	1397104	1399357	-	2253	EBBPGFGJ_01339	katE	Catalase HPII	m	5mC	5-methylcytosine	71	0.03151354
NC_003197.2	CDS	1399721	1399964	+	243	EBBPGFGJ_01340	cedA	Cell division activator CedA	m	5mC	5-methylcytosine	2	0.00823045
NC_003197.2	CDS	1400065	1401457	-	1392	EBBPGFGJ_01341	tcyP_1	L-cystine uptake protein TcyP	m	5mC	5-methylcytosine	18	0.01293103
NC_003197.2	CDS	1401593	1402193	-	600	EBBPGFGJ_01342	ydjM	Inner membrane protein YdjM	m	5mC	5-methylcytosine	8	0.01333333
NC_003197.2	CDS	1402330	1402999	-	669	EBBPGFGJ_01343	hxpB	Hexitol phosphatase B	m	5mC	5-methylcytosine	12	0.01793722
NC_003197.2	CDS	1403147	1403684	+	537	EBBPGFGJ_01344		hypothetical protein	m	5mC	5-methylcytosine	3	0.00558659
NC_003197.2	CDS	1403726	1404587	-	861	EBBPGFGJ_01345		Probable ketoamine kinase HMPREF0351_12196	m	5mC	5-methylcytosine	41	0.04761905
NC_003197.2	CDS	1404693	1404984	-	291	EBBPGFGJ_01346		hypothetical protein	m	5mC	5-methylcytosine	1	0.00343643
NC_003197.2	CDS	1405080	1406013	-	933	EBBPGFGJ_01347	pfkB	ATP-dependent 6-phosphofructokinase isozyme 2	m	5mC	5-methylcytosine	68	0.07288317
NC_003197.2	CDS	1406301	1407060	+	759	EBBPGFGJ_01348		hypothetical protein	m	5mC	5-methylcytosine	11	0.01449275
NC_003197.2	CDS	1407108	1408068	-	960	EBBPGFGJ_01349		hypothetical protein	m	5mC	5-methylcytosine	11	0.01145833
NC_003197.2	CDS	1408210	1408525	+	315	EBBPGFGJ_01350		hypothetical protein	m	5mC	5-methylcytosine	6	0.01904762
NC_003197.2	CDS	1408521	1409376	+	855	EBBPGFGJ_01351	nucA	Nuclease	m	5mC	5-methylcytosine	22	0.02573099
NC_003197.2	CDS	1410077	1411301	-	1224	EBBPGFGJ_01352		hypothetical protein	m	5mC	5-methylcytosine	6	0.00490196
NC_003197.2	CDS	1411481	1411610	-	129	EBBPGFGJ_01353		hypothetical protein	m	5mC	5-methylcytosine	1	0.00775194
NC_003197.2	CDS	1412192	1414121	+	1929	EBBPGFGJ_01354	thrS	Threonine--tRNA ligase	m	5mC	5-methylcytosine	25	0.01296008
NC_003197.2	CDS	1414232	1414667	+	435	EBBPGFGJ_01355	infC	Translation initiation factor IF-3	m	5mC	5-methylcytosine	7	0.01609195
NC_003197.2	CDS	1414762	1414960	+	198	EBBPGFGJ_01356	rpmI	50S ribosomal protein L35	m	5mC	5-methylcytosine	4	0.02020202
NC_003197.2	CDS	1415010	1415367	+	357	EBBPGFGJ_01357	rplT	50S ribosomal protein L20	m	5mC	5-methylcytosine	5	0.01400560
NC_003197.2	CDS	1415668	1416652	+	984	EBBPGFGJ_01358	pheS	Phenylalanine--tRNA ligase alpha subunit	m	5mC	5-methylcytosine	28	0.02845528
NC_003197.2	CDS	1416667	1419055	+	2388	EBBPGFGJ_01359	pheT	Phenylalanine--tRNA ligase beta subunit	m	5mC	5-methylcytosine	77	0.03224456
NC_003197.2	CDS	1419059	1419359	+	300	EBBPGFGJ_01360	ihfA	Integration host factor subunit alpha	m	5mC	5-methylcytosine	1	0.00333333
NC_003197.2	CDS	1419561	1420542	+	981	EBBPGFGJ_01361	btuC	Vitamin B12 import system permease protein BtuC	m	5mC	5-methylcytosine	27	0.02752294
NC_003197.2	CDS	1420633	1421185	+	552	EBBPGFGJ_01362	btuE	Thioredoxin/glutathione peroxidase BtuE	m	5mC	5-methylcytosine	5	0.00905797
NC_003197.2	CDS	1421184	1421934	+	750	EBBPGFGJ_01363	btuD_3	Vitamin B12 import ATP-binding protein BtuD	m	5mC	5-methylcytosine	21	0.02800000
NC_003197.2	CDS	1422010	1422475	+	465	EBBPGFGJ_01364	mepS_1	Murein DD-endopeptidase MepS/Murein LD-carboxypeptidase	m	5mC	5-methylcytosine	3	0.00645161
NC_003197.2	CDS	1422788	1423502	+	714	EBBPGFGJ_01365	ydiV_1	Anti-FlhC(2)FlhD(4) factor YdiV	m	5mC	5-methylcytosine	2	0.00280112
NC_003197.2	CDS	1423563	1425006	+	1443	EBBPGFGJ_01366	selO	Protein adenylyltransferase SelO	m	5mC	5-methylcytosine	46	0.03187803
NC_003197.2	CDS	1425040	1425232	-	192	EBBPGFGJ_01367	ydiE	Uncharacterized protein YdiE	m	5mC	5-methylcytosine	1	0.00520833
NC_003197.2	CDS	1425388	1426435	-	1047	EBBPGFGJ_01368	aroH	Phospho-2-dehydro-3-deoxyheptonate aldolase%2C Trp-sensitive	m	5mC	5-methylcytosine	9	0.00859599
NC_003197.2	CDS	1426590	1427424	-	834	EBBPGFGJ_01369	ppsR	Phosphoenolpyruvate synthase regulatory protein	m	5mC	5-methylcytosine	4	0.00479616
NC_003197.2	CDS	1427760	1430139	+	2379	EBBPGFGJ_01370	ppsA	Phosphoenolpyruvate synthase	m	5mC	5-methylcytosine	100	0.04203447
NC_003197.2	CDS	1430180	1431821	-	1641	EBBPGFGJ_01371	fadK	Medium-chain fatty-acid--CoA ligase	m	5mC	5-methylcytosine	33	0.02010969
NC_003197.2	CDS	1431910	1432204	-	294	EBBPGFGJ_01372	fixX_2	Ferredoxin-like protein FixX	m	5mC	5-methylcytosine	4	0.01360544
NC_003197.2	CDS	1432200	1433487	-	1287	EBBPGFGJ_01373	dadA_2	D-amino acid dehydrogenase	m	5mC	5-methylcytosine	43	0.03341103
NC_003197.2	CDS	1433543	1434479	-	936	EBBPGFGJ_01374	fixB_2	Protein FixB	m	5mC	5-methylcytosine	46	0.04914530
NC_003197.2	CDS	1434500	1435265	-	765	EBBPGFGJ_01375	fixA_2	Protein FixA	m	5mC	5-methylcytosine	19	0.02483660
NC_003197.2	CDS	1435727	1436618	+	891	EBBPGFGJ_01376	rhaS_1	HTH-type transcriptional activator RhaS	m	5mC	5-methylcytosine	2	0.00224467
NC_003197.2	CDS	1436693	1437845	-	1152	EBBPGFGJ_01377	caiA_2	Crotonobetainyl-CoA reductase	m	5mC	5-methylcytosine	22	0.01909722
NC_003197.2	CDS	1437858	1439454	-	1596	EBBPGFGJ_01378	ydiF	Acetate CoA-transferase YdiF	m	5mC	5-methylcytosine	43	0.02694236
NC_003197.2	CDS	1439607	1440366	-	759	EBBPGFGJ_01379	aroD	3-dehydroquinate dehydratase	m	5mC	5-methylcytosine	12	0.01581028
NC_003197.2	CDS	1440410	1441277	-	867	EBBPGFGJ_01380	ydiB	Quinate/shikimate dehydrogenase	m	5mC	5-methylcytosine	9	0.01038062
NC_003197.2	CDS	1441343	1442579	-	1236	EBBPGFGJ_01381	ydiN	Inner membrane transport protein YdiN	m	5mC	5-methylcytosine	3	0.00242718
NC_003197.2	CDS	1442942	1444154	-	1212	EBBPGFGJ_01382	ydiM	Inner membrane transport protein YdiM	m	5mC	5-methylcytosine	2	0.00165017
NC_003197.2	CDS	1444294	1444654	-	360	EBBPGFGJ_01383		hypothetical protein	m	5mC	5-methylcytosine	3	0.00833333
NC_003197.2	CDS	1445111	1446230	-	1119	EBBPGFGJ_01384	ydiK	Putative transport protein YdiK	m	5mC	5-methylcytosine	65	0.05808758
NC_003197.2	CDS	1446494	1449551	+	3057	EBBPGFGJ_01385		Uncharacterized protein HI_1163	m	5mC	5-methylcytosine	55	0.01799149
NC_003197.2	CDS	1449547	1449958	+	411	EBBPGFGJ_01386	menI	1%2C4-dihydroxy-2-naphthoyl-CoA hydrolase	m	5mC	5-methylcytosine	10	0.02433090
NC_003197.2	CDS	1450056	1450245	+	189	EBBPGFGJ_01387		hypothetical protein	m	5mC	5-methylcytosine	1	0.00529101
NC_003197.2	CDS	1450532	1451879	-	1347	EBBPGFGJ_01388	tcyP_2	L-cystine uptake protein TcyP	m	5mC	5-methylcytosine	19	0.01410542
NC_003197.2	CDS	1452305	1452674	+	369	EBBPGFGJ_01389	sufA	Protein SufA	m	5mC	5-methylcytosine	15	0.04065041
NC_003197.2	CDS	1452682	1454170	+	1488	EBBPGFGJ_01390	sufB	FeS cluster assembly protein SufB	m	5mC	5-methylcytosine	15	0.01008065
NC_003197.2	CDS	1454186	1454933	+	747	EBBPGFGJ_01391	sufC	Probable ATP-dependent transporter SufC	m	5mC	5-methylcytosine	19	0.02543507
NC_003197.2	CDS	1454907	1456179	+	1272	EBBPGFGJ_01392	sufD	FeS cluster assembly protein SufD	m	5mC	5-methylcytosine	87	0.06839623
NC_003197.2	CDS	1456175	1457396	+	1221	EBBPGFGJ_01393	sufS	Cysteine desulfurase	m	5mC	5-methylcytosine	43	0.03521704
NC_003197.2	CDS	1457979	1458981	+	1002	EBBPGFGJ_01395	ynhG	Probable L%2CD-transpeptidase YnhG	m	5mC	5-methylcytosine	43	0.04291417
NC_003197.2	CDS	1459008	1459221	+	213	EBBPGFGJ_01396		hypothetical protein	m	5mC	5-methylcytosine	6	0.02816901
NC_003197.2	CDS	1459369	1459606	-	237	EBBPGFGJ_01397	lpp1	Major outer membrane lipoprotein Lpp 1	m	5mC	5-methylcytosine	4	0.01687764
NC_003197.2	CDS	1459916	1461329	-	1413	EBBPGFGJ_01398	pykF	Pyruvate kinase I	m	5mC	5-methylcytosine	23	0.01627742
NC_003197.2	CDS	1461730	1463074	-	1344	EBBPGFGJ_01399	puuP	Putrescine importer PuuP	m	5mC	5-methylcytosine	27	0.02008929
NC_003197.2	CDS	1463095	1463989	-	894	EBBPGFGJ_01400	laaA	L-amino acid amidase	m	5mC	5-methylcytosine	17	0.01901566
NC_003197.2	CDS	1464047	1464785	-	738	EBBPGFGJ_01401		hypothetical protein	m	5mC	5-methylcytosine	5	0.00677507
NC_003197.2	CDS	1464796	1466023	-	1227	EBBPGFGJ_01402	RBKS_1	Ribokinase	m	5mC	5-methylcytosine	8	0.00651997
NC_003197.2	CDS	1466345	1469408	-	3063	EBBPGFGJ_01403	ttrA	Tetrathionate reductase subunit A	m	5mC	5-methylcytosine	156	0.05093046
NC_003197.2	CDS	1469400	1470423	-	1023	EBBPGFGJ_01404	ttrC	Tetrathionate reductase subunit C	m	5mC	5-methylcytosine	11	0.01075269
NC_003197.2	CDS	1470423	1471158	-	735	EBBPGFGJ_01405	ttrB	Tetrathionate reductase subunit B	m	5mC	5-methylcytosine	16	0.02176871
NC_003197.2	CDS	1471339	1473118	+	1779	EBBPGFGJ_01406	ttrS	Tetrathionate sensor histidine kinase TtrS	m	5mC	5-methylcytosine	48	0.02698145
NC_003197.2	CDS	1473092	1473713	+	621	EBBPGFGJ_01407	ttrR	Tetrathionate response regulatory protein TtrR	m	5mC	5-methylcytosine	11	0.01771337
NC_003197.2	CDS	1473810	1474023	+	213	EBBPGFGJ_01408	fumD	Fumarase D	m	5mC	5-methylcytosine	1	0.00469484
NC_003197.2	CDS	1474118	1475078	-	960	EBBPGFGJ_01409		hypothetical protein	m	5mC	5-methylcytosine	19	0.01979167
NC_003197.2	CDS	1475250	1475979	-	729	EBBPGFGJ_01410	mlrA_1	HTH-type transcriptional regulator MlrA	m	5mC	5-methylcytosine	31	0.04252401
NC_003197.2	CDS	1476157	1476796	-	639	EBBPGFGJ_01411	nreC	Oxygen regulatory protein NreC	m	5mC	5-methylcytosine	2	0.00312989
NC_003197.2	CDS	1476826	1479589	-	2763	EBBPGFGJ_01412	rcsC_1	Sensor histidine kinase RcsC	m	5mC	5-methylcytosine	17	0.00615273
NC_003197.2	CDS	1480007	1480391	+	384	EBBPGFGJ_01413	spiC	Salmonella pathogenicity island 2 protein C	m	5mC	5-methylcytosine	3	0.00781250
NC_003197.2	CDS	1480392	1481886	+	1494	EBBPGFGJ_01414	sctC_1	Type 3 secretion system secretin	m	5mC	5-methylcytosine	17	0.01137885
NC_003197.2	CDS	1481866	1483078	+	1212	EBBPGFGJ_01415		hypothetical protein	m	5mC	5-methylcytosine	5	0.00412541
NC_003197.2	CDS	1483594	1483918	+	324	EBBPGFGJ_01417	sseA_1	Type III secretion system chaperone SseA	m	5mC	5-methylcytosine	2	0.00617284
NC_003197.2	CDS	1483924	1484515	+	591	EBBPGFGJ_01418	sseB	Secreted effector protein SseB	m	5mC	5-methylcytosine	2	0.00338409
NC_003197.2	CDS	1484511	1484985	+	474	EBBPGFGJ_01419		hypothetical protein	m	5mC	5-methylcytosine	4	0.00843882
NC_003197.2	CDS	1484987	1486442	+	1455	EBBPGFGJ_01420	sseC	Secreted effector protein SseC	m	5mC	5-methylcytosine	19	0.01305842
NC_003197.2	CDS	1486457	1487045	+	588	EBBPGFGJ_01421	sseD	Secreted effector protein SseD	m	5mC	5-methylcytosine	7	0.01190476
NC_003197.2	CDS	1487047	1487464	+	417	EBBPGFGJ_01422		hypothetical protein	m	5mC	5-methylcytosine	12	0.02877698
NC_003197.2	CDS	1487521	1487950	+	429	EBBPGFGJ_01423		hypothetical protein	m	5mC	5-methylcytosine	5	0.01165501
NC_003197.2	CDS	1487965	1488748	+	783	EBBPGFGJ_01424		hypothetical protein	m	5mC	5-methylcytosine	14	0.01787995
NC_003197.2	CDS	1488744	1489434	+	690	EBBPGFGJ_01425		hypothetical protein	m	5mC	5-methylcytosine	8	0.01159420
NC_003197.2	CDS	1489527	1489743	+	216	EBBPGFGJ_01426		hypothetical protein	m	5mC	5-methylcytosine	2	0.00925926
NC_003197.2	CDS	1489720	1490011	+	291	EBBPGFGJ_01427		hypothetical protein	m	5mC	5-methylcytosine	2	0.00687285
NC_003197.2	CDS	1490007	1490271	+	264	EBBPGFGJ_01428		hypothetical protein	m	5mC	5-methylcytosine	3	0.01136364
NC_003197.2	CDS	1490267	1491017	+	750	EBBPGFGJ_01429	yscJ	Yop proteins translocation lipoprotein J	m	5mC	5-methylcytosine	11	0.01466667
NC_003197.2	CDS	1491331	1491583	+	252	EBBPGFGJ_01430		hypothetical protein	m	5mC	5-methylcytosine	1	0.00396825
NC_003197.2	CDS	1491579	1492254	+	675	EBBPGFGJ_01431		hypothetical protein	m	5mC	5-methylcytosine	7	0.01037037
NC_003197.2	CDS	1492243	1493236	+	993	EBBPGFGJ_01432		hypothetical protein	m	5mC	5-methylcytosine	14	0.01409869
NC_003197.2	CDS	1493293	1493662	+	369	EBBPGFGJ_01433		hypothetical protein	m	5mC	5-methylcytosine	4	0.01084011
NC_003197.2	CDS	1493646	1495692	+	2046	EBBPGFGJ_01434	ssaV	Secretion system apparatus protein SsaV	m	5mC	5-methylcytosine	24	0.01173021
NC_003197.2	CDS	1495681	1496983	+	1302	EBBPGFGJ_01435	ssaN	Probable secretion system apparatus ATP synthase SsaN	m	5mC	5-methylcytosine	64	0.04915515
NC_003197.2	CDS	1496985	1497363	+	378	EBBPGFGJ_01436		hypothetical protein	m	5mC	5-methylcytosine	4	0.01058201
NC_003197.2	CDS	1497343	1497718	+	375	EBBPGFGJ_01437		hypothetical protein	m	5mC	5-methylcytosine	6	0.01600000
NC_003197.2	CDS	1497698	1498667	+	969	EBBPGFGJ_01438		hypothetical protein	m	5mC	5-methylcytosine	5	0.00515996
NC_003197.2	CDS	1498734	1499382	+	648	EBBPGFGJ_01439	spaP_1	Surface presentation of antigens protein SpaP	m	5mC	5-methylcytosine	7	0.01080247
NC_003197.2	CDS	1499645	1500425	+	780	EBBPGFGJ_01441	spaR_1	Surface presentation of antigens protein SpaR	m	5mC	5-methylcytosine	7	0.00897436
NC_003197.2	CDS	1500421	1501480	+	1059	EBBPGFGJ_01442	yscU	Yop proteins translocation protein U	m	5mC	5-methylcytosine	9	0.00849858
NC_003197.2	CDS	1501952	1503326	-	1374	EBBPGFGJ_01445	mdtK	Multidrug resistance protein MdtK	m	5mC	5-methylcytosine	24	0.01746725
NC_003197.2	CDS	1503542	1504184	+	642	EBBPGFGJ_01446	ribC	Riboflavin synthase	m	5mC	5-methylcytosine	3	0.00467290
NC_003197.2	CDS	1504225	1505374	-	1149	EBBPGFGJ_01447	cfa	Cyclopropane-fatty-acyl-phospholipid synthase	m	5mC	5-methylcytosine	22	0.01914708
NC_003197.2	CDS	1505663	1506869	-	1206	EBBPGFGJ_01448	ydhC	Inner membrane transport protein YdhC	m	5mC	5-methylcytosine	10	0.00829187
NC_003197.2	CDS	1506981	1507914	+	933	EBBPGFGJ_01449	yahB	Uncharacterized HTH-type transcriptional regulator YahB	m	5mC	5-methylcytosine	50	0.05359057
NC_003197.2	CDS	1507910	1508936	-	1026	EBBPGFGJ_01450	purR	HTH-type transcriptional repressor PurR	m	5mC	5-methylcytosine	50	0.04873294
NC_003197.2	CDS	1509403	1509985	-	582	EBBPGFGJ_01452	sodB	Superoxide dismutase [Fe]	m	5mC	5-methylcytosine	3	0.00515464
NC_003197.2	CDS	1510111	1510933	-	822	EBBPGFGJ_01453	mepH	Murein DD-endopeptidase MepH	m	5mC	5-methylcytosine	2	0.00243309
NC_003197.2	CDS	1511267	1511615	+	348	EBBPGFGJ_01454	grxD	Glutaredoxin 4	m	5mC	5-methylcytosine	9	0.02586207
NC_003197.2	CDS	1511692	1512340	-	648	EBBPGFGJ_01455	rnt	Ribonuclease T	m	5mC	5-methylcytosine	5	0.00771605
NC_003197.2	CDS	1512440	1512848	-	408	EBBPGFGJ_01456	gloA	Lactoylglutathione lyase	m	5mC	5-methylcytosine	2	0.00490196
NC_003197.2	CDS	1512916	1514014	-	1098	EBBPGFGJ_01457	nemA	N-ethylmaleimide reductase	m	5mC	5-methylcytosine	75	0.06830601
NC_003197.2	CDS	1514072	1514672	-	600	EBBPGFGJ_01458	nemR	HTH-type transcriptional repressor NemR	m	5mC	5-methylcytosine	14	0.02333333
NC_003197.2	CDS	1514774	1515014	+	240	EBBPGFGJ_01459		hypothetical protein	m	5mC	5-methylcytosine	1	0.00416667
NC_003197.2	CDS	1515064	1515961	+	897	EBBPGFGJ_01460	ydhF	Oxidoreductase YdhF	m	5mC	5-methylcytosine	20	0.02229654
NC_003197.2	CDS	1516040	1516562	+	522	EBBPGFGJ_01461	sodC	Superoxide dismutase [Cu-Zn]	m	5mC	5-methylcytosine	16	0.03065134
NC_003197.2	CDS	1516537	1518577	-	2040	EBBPGFGJ_01462	aaeB_1	p-hydroxybenzoic acid efflux pump subunit AaeB	m	5mC	5-methylcytosine	89	0.04362745
NC_003197.2	CDS	1518576	1519437	-	861	EBBPGFGJ_01463	aaeA_1	p-hydroxybenzoic acid efflux pump subunit AaeA	m	5mC	5-methylcytosine	17	0.01974448
NC_003197.2	CDS	1519876	1520311	+	435	EBBPGFGJ_01465	slyA	Transcriptional regulator SlyA	m	5mC	5-methylcytosine	3	0.00689655
NC_003197.2	CDS	1520358	1520826	-	468	EBBPGFGJ_01466	slyB	Outer membrane lipoprotein SlyB	m	5mC	5-methylcytosine	6	0.01282051
NC_003197.2	CDS	1521097	1522219	+	1122	EBBPGFGJ_01467	anmK	Anhydro-N-acetylmuramic acid kinase	m	5mC	5-methylcytosine	38	0.03386809
NC_003197.2	CDS	1522273	1522636	+	363	EBBPGFGJ_01468	mliC	Membrane-bound lysozyme inhibitor of C-type lysozyme	m	5mC	5-methylcytosine	5	0.01377410
NC_003197.2	CDS	1522694	1523351	+	657	EBBPGFGJ_01469	pdxH	Pyridoxine/pyridoxamine 5'-phosphate oxidase	m	5mC	5-methylcytosine	20	0.03044140
NC_003197.2	CDS	1523477	1524752	+	1275	EBBPGFGJ_01470	tyrS	Tyrosine--tRNA ligase	m	5mC	5-methylcytosine	19	0.01490196
NC_003197.2	CDS	1524811	1525672	+	861	EBBPGFGJ_01471	pdxY	Pyridoxal kinase PdxY	m	5mC	5-methylcytosine	17	0.01974448
NC_003197.2	CDS	1525730	1526336	-	606	EBBPGFGJ_01472	gstA	Glutathione S-transferase GstA	m	5mC	5-methylcytosine	6	0.00990099
NC_003197.2	CDS	1526440	1527946	-	1506	EBBPGFGJ_01473	dtpA	Dipeptide and tripeptide permease A	m	5mC	5-methylcytosine	24	0.01593625
NC_003197.2	CDS	1528547	1529183	-	636	EBBPGFGJ_01474	nth	Endonuclease III	m	5mC	5-methylcytosine	14	0.02201258
NC_003197.2	CDS	1529182	1529875	-	693	EBBPGFGJ_01475	rsxE	Ion-translocating oxidoreductase complex subunit E	m	5mC	5-methylcytosine	11	0.01587302
NC_003197.2	CDS	1529877	1530498	-	621	EBBPGFGJ_01476	rsxG	Ion-translocating oxidoreductase complex subunit G	m	5mC	5-methylcytosine	3	0.00483092
NC_003197.2	CDS	1530501	1531560	-	1059	EBBPGFGJ_01477	rsxD	Ion-translocating oxidoreductase complex subunit D	m	5mC	5-methylcytosine	36	0.03399433
NC_003197.2	CDS	1531560	1533768	-	2208	EBBPGFGJ_01478	rsxC_1	Ion-translocating oxidoreductase complex subunit C	m	5mC	5-methylcytosine	188	0.08514493
NC_003197.2	CDS	1533760	1534339	-	579	EBBPGFGJ_01479	rsxB_2	Ion-translocating oxidoreductase complex subunit B	m	5mC	5-methylcytosine	25	0.04317789
NC_003197.2	CDS	1534338	1534920	-	582	EBBPGFGJ_01480	rsxA	Ion-translocating oxidoreductase complex subunit A	m	5mC	5-methylcytosine	1	0.00171821
NC_003197.2	CDS	1536371	1537412	+	1041	EBBPGFGJ_01483	ydgJ	Uncharacterized oxidoreductase YdgJ	m	5mC	5-methylcytosine	39	0.03746398
NC_003197.2	CDS	1537486	1538488	-	1002	EBBPGFGJ_01484	add	Adenosine deaminase	m	5mC	5-methylcytosine	38	0.03792415
NC_003197.2	CDS	1539191	1540700	-	1509	EBBPGFGJ_01485	ydgA	Protein YdgA	m	5mC	5-methylcytosine	20	0.01325381
NC_003197.2	CDS	1540802	1541978	-	1176	EBBPGFGJ_01486	manA	Mannose-6-phosphate isomerase	m	5mC	5-methylcytosine	33	0.02806122
NC_003197.2	CDS	1542177	1543824	+	1647	EBBPGFGJ_01487	fumA	Fumarate hydratase class I%2C aerobic	m	5mC	5-methylcytosine	15	0.00910747
NC_003197.2	CDS	1543991	1545395	+	1404	EBBPGFGJ_01488	fumC	Fumarate hydratase class II	m	5mC	5-methylcytosine	40	0.02849003
NC_003197.2	CDS	1545391	1546321	-	930	EBBPGFGJ_01489	tus	DNA replication terminus site-binding protein	m	5mC	5-methylcytosine	24	0.02580645
NC_003197.2	CDS	1546396	1547698	-	1302	EBBPGFGJ_01490	rstB	Sensor protein RstB	m	5mC	5-methylcytosine	12	0.00921659
NC_003197.2	CDS	1547808	1549509	-	1701	EBBPGFGJ_01491	nfdA	N-substituted formamide deformylase	m	5mC	5-methylcytosine	42	0.02469136
NC_003197.2	CDS	1549667	1550801	-	1134	EBBPGFGJ_01492	ompN_1	Outer membrane porin N	m	5mC	5-methylcytosine	4	0.00352734
NC_003197.2	CDS	1551280	1552012	-	732	EBBPGFGJ_01493	rstA	Transcriptional regulatory protein RstA	m	5mC	5-methylcytosine	17	0.02322404
NC_003197.2	CDS	1552138	1552474	+	336	EBBPGFGJ_01494	ydgC	Inner membrane protein YdgC	m	5mC	5-methylcytosine	1	0.00297619
NC_003197.2	CDS	1552535	1553918	-	1383	EBBPGFGJ_01495	ydgI	Putative arginine/ornithine antiporter	m	5mC	5-methylcytosine	14	0.01012292
NC_003197.2	CDS	1554216	1555161	-	945	EBBPGFGJ_01496	ydgH	Protein YdgH	m	5mC	5-methylcytosine	28	0.02962963
NC_003197.2	CDS	1555687	1557217	+	1530	EBBPGFGJ_01497	pntA	NAD(P) transhydrogenase subunit alpha	m	5mC	5-methylcytosine	130	0.08496732
NC_003197.2	CDS	1557227	1558616	+	1389	EBBPGFGJ_01498	pntB	NAD(P) transhydrogenase subunit beta	m	5mC	5-methylcytosine	32	0.02303816
NC_003197.2	CDS	1558790	1559825	-	1035	EBBPGFGJ_01499	tqsA	AI-2 transport protein TqsA	m	5mC	5-methylcytosine	10	0.00966184
NC_003197.2	CDS	1560242	1560605	+	363	EBBPGFGJ_01500	mdtJ	Spermidine export protein MdtJ	m	5mC	5-methylcytosine	6	0.01652893
NC_003197.2	CDS	1560591	1560921	+	330	EBBPGFGJ_01501	mdtI	Spermidine export protein MdtI	m	5mC	5-methylcytosine	9	0.02727273
NC_003197.2	CDS	1560960	1561782	-	822	EBBPGFGJ_01502		hypothetical protein	m	5mC	5-methylcytosine	35	0.04257908
NC_003197.2	CDS	1562050	1562299	-	249	EBBPGFGJ_01503	asr	Acid shock protein	m	5mC	5-methylcytosine	3	0.01204819
NC_003197.2	CDS	1562693	1563947	-	1254	EBBPGFGJ_01504	ynfM_2	Inner membrane transport protein YnfM	m	5mC	5-methylcytosine	25	0.01993620
NC_003197.2	CDS	1564066	1564966	+	900	EBBPGFGJ_01505	benM_1	HTH-type transcriptional regulator BenM	m	5mC	5-methylcytosine	45	0.05000000
NC_003197.2	CDS	1565093	1566314	+	1221	EBBPGFGJ_01506	mlc	Protein mlc	m	5mC	5-methylcytosine	9	0.00737101
NC_003197.2	CDS	1566439	1567135	+	696	EBBPGFGJ_01507	bioD1_2	ATP-dependent dethiobiotin synthetase BioD 1	m	5mC	5-methylcytosine	1	0.00143678
NC_003197.2	CDS	1567090	1568344	-	1254	EBBPGFGJ_01508	clcB	Voltage-gated ClC-type chloride channel ClcB	m	5mC	5-methylcytosine	24	0.01913876
NC_003197.2	CDS	1568515	1569664	-	1149	EBBPGFGJ_01509	osmV	Osmoprotectant import ATP-binding protein OsmV	m	5mC	5-methylcytosine	32	0.02785030
NC_003197.2	CDS	1569663	1570311	-	648	EBBPGFGJ_01510	osmW	Osmoprotectant import permease protein OsmW	m	5mC	5-methylcytosine	9	0.01388889
NC_003197.2	CDS	1570320	1571223	-	903	EBBPGFGJ_01511	osmX	Osmoprotectant-binding protein OsmX	m	5mC	5-methylcytosine	38	0.04208195
NC_003197.2	CDS	1571251	1571962	-	711	EBBPGFGJ_01512	osmY_1	Osmoprotectant import permease protein OsmY	m	5mC	5-methylcytosine	54	0.07594937
NC_003197.2	CDS	1572266	1572881	-	615	EBBPGFGJ_01513	dmsD_1	Tat proofreading chaperone DmsD	m	5mC	5-methylcytosine	11	0.01788618
NC_003197.2	CDS	1572923	1573781	-	858	EBBPGFGJ_01514	dmsC_2	Anaerobic dimethyl sulfoxide reductase chain C	m	5mC	5-methylcytosine	32	0.03729604
NC_003197.2	CDS	1573782	1574400	-	618	EBBPGFGJ_01515	dmsB_2	Anaerobic dimethyl sulfoxide reductase chain B	m	5mC	5-methylcytosine	5	0.00809061
NC_003197.2	CDS	1574410	1576846	-	2436	EBBPGFGJ_01516	ynfF	Probable dimethyl sulfoxide reductase chain YnfF	m	5mC	5-methylcytosine	40	0.01642036
NC_003197.2	CDS	1576944	1579383	-	2439	EBBPGFGJ_01517	ynfE_2	Putative dimethyl sulfoxide reductase chain YnfE	m	5mC	5-methylcytosine	44	0.01804018
NC_003197.2	CDS	1579539	1579845	-	306	EBBPGFGJ_01518	ynfD	Uncharacterized protein YnfD	m	5mC	5-methylcytosine	2	0.00653595
NC_003197.2	CDS	1579942	1580662	+	720	EBBPGFGJ_01519		hypothetical protein	m	5mC	5-methylcytosine	22	0.03055556
NC_003197.2	CDS	1580702	1581263	-	561	EBBPGFGJ_01520	speG	Spermidine N(1)-acetyltransferase	m	5mC	5-methylcytosine	6	0.01069519
NC_003197.2	CDS	1582240	1583455	+	1215	EBBPGFGJ_01523	rspA_1	D-galactonate dehydratase family member RspA	m	5mC	5-methylcytosine	22	0.01810700
NC_003197.2	CDS	1583465	1584485	+	1020	EBBPGFGJ_01524	rspB	Starvation-sensing protein RspB	m	5mC	5-methylcytosine	5	0.00490196
NC_003197.2	CDS	1584538	1585516	+	978	EBBPGFGJ_01525	ydfJ_1	Putative transporter YdfJ	m	5mC	5-methylcytosine	18	0.01840491
NC_003197.2	CDS	1585519	1585918	+	399	EBBPGFGJ_01526	ydfJ_2	Putative transporter YdfJ	m	5mC	5-methylcytosine	6	0.01503759
NC_003197.2	CDS	1586061	1587528	+	1467	EBBPGFGJ_01527	por_1	Polyol:NADP oxidoreductase	m	5mC	5-methylcytosine	72	0.04907975
NC_003197.2	CDS	1587978	1588665	-	687	EBBPGFGJ_01529	rspR	HTH-type transcriptional repressor RspR	m	5mC	5-methylcytosine	11	0.01601164
NC_003197.2	CDS	1588794	1589541	-	747	EBBPGFGJ_01530	ydfG	NADP-dependent 3-hydroxy acid dehydrogenase YdfG	m	5mC	5-methylcytosine	12	0.01606426
NC_003197.2	CDS	1589679	1591722	+	2043	EBBPGFGJ_01531	dcp	Dipeptidyl carboxypeptidase	m	5mC	5-methylcytosine	79	0.03866862
NC_003197.2	CDS	1592066	1592249	+	183	EBBPGFGJ_01532		hypothetical protein	m	5mC	5-methylcytosine	3	0.01639344
NC_003197.2	CDS	1592368	1592896	-	528	EBBPGFGJ_01533	pncC_1	Nicotinamide-nucleotide amidohydrolase PncC	m	5mC	5-methylcytosine	7	0.01325758
NC_003197.2	CDS	1593322	1593715	+	393	EBBPGFGJ_01534	ygiW_1	Protein YgiW	m	5mC	5-methylcytosine	2	0.00508906
NC_003197.2	CDS	1594406	1595594	-	1188	EBBPGFGJ_01536	mdrP	Na(+)%2C Li(+)%2C K(+)/H(+) antiporter	m	5mC	5-methylcytosine	15	0.01262626
NC_003197.2	CDS	1595824	1596724	+	900	EBBPGFGJ_01537	eamA	Probable amino-acid metabolite efflux pump	m	5mC	5-methylcytosine	6	0.00666667
NC_003197.2	CDS	1596842	1597052	-	210	EBBPGFGJ_01538		hypothetical protein	m	5mC	5-methylcytosine	1	0.00476190
NC_003197.2	CDS	1598182	1598848	+	666	EBBPGFGJ_01541	marC_1	UPF0056 inner membrane protein MarC	m	5mC	5-methylcytosine	9	0.01351351
NC_003197.2	CDS	1598894	1600085	-	1191	EBBPGFGJ_01542	sotB	Sugar efflux transporter	m	5mC	5-methylcytosine	15	0.01259446
NC_003197.2	CDS	1600200	1601073	-	873	EBBPGFGJ_01543	gltR	HTH-type transcriptional regulator GltR	m	5mC	5-methylcytosine	21	0.02405498
NC_003197.2	CDS	1601175	1602564	+	1389	EBBPGFGJ_01544	sad_1	Succinate semialdehyde dehydrogenase [NAD(P)+] Sad	m	5mC	5-methylcytosine	52	0.03743701
NC_003197.2	CDS	1602636	1603563	+	927	EBBPGFGJ_01545	glsA2	Glutaminase 2	m	5mC	5-methylcytosine	32	0.03451996
NC_003197.2	CDS	1603562	1603922	+	360	EBBPGFGJ_01546		hypothetical protein	m	5mC	5-methylcytosine	13	0.03611111
NC_003197.2	CDS	1604145	1605093	+	948	EBBPGFGJ_01547		hypothetical protein	m	5mC	5-methylcytosine	1	0.00105485
NC_003197.2	CDS	1605148	1605676	-	528	EBBPGFGJ_01548		hypothetical protein	m	5mC	5-methylcytosine	5	0.00946970
NC_003197.2	CDS	1606407	1607526	+	1119	EBBPGFGJ_01549	ompC_1	Outer membrane porin C	m	5mC	5-methylcytosine	6	0.00536193
NC_003197.2	CDS	1607666	1608008	-	342	EBBPGFGJ_01550	hybF_1	Hydrogenase maturation factor HybF	m	5mC	5-methylcytosine	4	0.01169591
NC_003197.2	CDS	1608020	1608908	-	888	EBBPGFGJ_01551		hypothetical protein	m	5mC	5-methylcytosine	25	0.02815315
NC_003197.2	CDS	1608895	1609957	-	1062	EBBPGFGJ_01552	norV_1	Anaerobic nitric oxide reductase flavorubredoxin	m	5mC	5-methylcytosine	16	0.01506591
NC_003197.2	CDS	1609974	1610385	-	411	EBBPGFGJ_01553		hypothetical protein	m	5mC	5-methylcytosine	3	0.00729927
NC_003197.2	CDS	1610381	1610681	-	300	EBBPGFGJ_01554		hypothetical protein	m	5mC	5-methylcytosine	23	0.07666667
NC_003197.2	CDS	1610680	1611289	-	609	EBBPGFGJ_01555	hyaD_1	Hydrogenase 1 maturation protease	m	5mC	5-methylcytosine	8	0.01313629
NC_003197.2	CDS	1611294	1611969	-	675	EBBPGFGJ_01556	hyaC_1	Probable Ni/Fe-hydrogenase 1 B-type cytochrome subunit	m	5mC	5-methylcytosine	13	0.01925926
NC_003197.2	CDS	1611988	1613791	-	1803	EBBPGFGJ_01557	hyaB_1	Hydrogenase-1 large chain	m	5mC	5-methylcytosine	45	0.02495840
NC_003197.2	CDS	1613793	1614897	-	1104	EBBPGFGJ_01558	hoxK	Uptake hydrogenase small subunit	m	5mC	5-methylcytosine	20	0.01811594
NC_003197.2	CDS	1615024	1615177	-	153	EBBPGFGJ_01559		hypothetical protein	m	5mC	5-methylcytosine	2	0.01307190
NC_003197.2	CDS	1615328	1616417	+	1089	EBBPGFGJ_01560		hypothetical protein	m	5mC	5-methylcytosine	27	0.02479339
NC_003197.2	CDS	1616582	1617254	+	672	EBBPGFGJ_01561	pdhR_2	Pyruvate dehydrogenase complex repressor	m	5mC	5-methylcytosine	2	0.00297619
NC_003197.2	CDS	1617312	1618338	-	1026	EBBPGFGJ_01562	yjmD	Uncharacterized zinc-type alcohol dehydrogenase-like protein YjmD	m	5mC	5-methylcytosine	6	0.00584795
NC_003197.2	CDS	1618312	1619599	-	1287	EBBPGFGJ_01563	exuT_1	Hexuronate transporter	m	5mC	5-methylcytosine	19	0.01476301
NC_003197.2	CDS	1619775	1621266	-	1491	EBBPGFGJ_01564		hypothetical protein	m	5mC	5-methylcytosine	6	0.00402414
NC_003197.2	CDS	1621401	1622643	-	1242	EBBPGFGJ_01565	tetA	Tetracycline resistance protein%2C class C	m	5mC	5-methylcytosine	33	0.02657005
NC_003197.2	CDS	1622632	1624141	-	1509	EBBPGFGJ_01566	tetX	Flavin-dependent monooxygenase	m	5mC	5-methylcytosine	35	0.02319417
NC_003197.2	CDS	1624185	1624674	+	489	EBBPGFGJ_01567		hypothetical protein	m	5mC	5-methylcytosine	26	0.05316973
NC_003197.2	CDS	1624866	1625946	+	1080	EBBPGFGJ_01568	queA_2	S-adenosylmethionine:tRNA ribosyltransferase-isomerase	m	5mC	5-methylcytosine	6	0.00555556
NC_003197.2	CDS	1625997	1626387	-	390	EBBPGFGJ_01569	yjgH	RutC family protein YjgH	m	5mC	5-methylcytosine	4	0.01025641
NC_003197.2	CDS	1626557	1626842	-	285	EBBPGFGJ_01570	relE_1	mRNA interferase toxin RelE	m	5mC	5-methylcytosine	3	0.01052632
NC_003197.2	CDS	1626831	1627080	-	249	EBBPGFGJ_01571		hypothetical protein	m	5mC	5-methylcytosine	1	0.00401606
NC_003197.2	CDS	1627890	1628820	+	930	EBBPGFGJ_01573		hypothetical protein	m	5mC	5-methylcytosine	5	0.00537634
NC_003197.2	CDS	1629227	1629581	-	354	EBBPGFGJ_01574		ISNCY family transposase ISBcen27	m	5mC	5-methylcytosine	7	0.01977401
NC_003197.2	CDS	1629918	1630116	-	198	EBBPGFGJ_01575		hypothetical protein	m	5mC	5-methylcytosine	3	0.01515152
NC_003197.2	CDS	1630397	1631861	-	1464	EBBPGFGJ_01576		hypothetical protein	m	5mC	5-methylcytosine	11	0.00751366
NC_003197.2	CDS	1632149	1633130	+	981	EBBPGFGJ_01577	galS_1	HTH-type transcriptional regulator GalS	m	5mC	5-methylcytosine	11	0.01121305
NC_003197.2	CDS	1633273	1634725	+	1452	EBBPGFGJ_01578	mleN	Malate-2H(+)/Na(+)-lactate antiporter	m	5mC	5-methylcytosine	6	0.00413223
NC_003197.2	CDS	1634737	1635940	+	1203	EBBPGFGJ_01579	patB	Cystathionine beta-lyase PatB	m	5mC	5-methylcytosine	25	0.02078138
NC_003197.2	CDS	1636052	1638128	-	2076	EBBPGFGJ_01580	glgX_1	Glycogen operon protein GlgX homolog	m	5mC	5-methylcytosine	27	0.01300578
NC_003197.2	CDS	1638184	1640713	-	2529	EBBPGFGJ_01581	treY	Maltooligosyl trehalose synthase	m	5mC	5-methylcytosine	79	0.03123764
NC_003197.2	CDS	1640709	1642494	-	1785	EBBPGFGJ_01582	treZ	Malto-oligosyltrehalose trehalohydrolase	m	5mC	5-methylcytosine	42	0.02352941
NC_003197.2	CDS	1642622	1643408	-	786	EBBPGFGJ_01583		hypothetical protein	m	5mC	5-methylcytosine	36	0.04580153
NC_003197.2	CDS	1643550	1643880	-	330	EBBPGFGJ_01584	hdeB	Acid stress chaperone HdeB	m	5mC	5-methylcytosine	2	0.00606061
NC_003197.2	CDS	1645483	1645627	+	144	EBBPGFGJ_01587	sra	Stationary-phase-induced ribosome-associated protein	m	5mC	5-methylcytosine	1	0.00694444
NC_003197.2	CDS	1645803	1647501	+	1698	EBBPGFGJ_01588	maeA	NAD-dependent malic enzyme	m	5mC	5-methylcytosine	45	0.02650177
NC_003197.2	CDS	1647786	1648797	+	1011	EBBPGFGJ_01589	adhP	Alcohol dehydrogenase%2C propanol-preferring	m	5mC	5-methylcytosine	18	0.01780415
NC_003197.2	CDS	1649536	1650421	-	885	EBBPGFGJ_01591	fdnH_1	Formate dehydrogenase%2C nitrate-inducible%2C iron-sulfur subunit	m	5mC	5-methylcytosine	18	0.02033898
NC_003197.2	CDS	1650434	1652846	-	2412	EBBPGFGJ_01592	fdnG_1	Formate dehydrogenase%2C nitrate-inducible%2C major subunit	m	5mC	5-methylcytosine	100	0.04145937
NC_003197.2	CDS	1652894	1653482	-	588	EBBPGFGJ_01593	fdnG_2	Formate dehydrogenase%2C nitrate-inducible%2C major subunit	m	5mC	5-methylcytosine	15	0.02551020
NC_003197.2	CDS	1653759	1654641	+	882	EBBPGFGJ_01594	yddG	Methyl viologen resistance protein YddG	m	5mC	5-methylcytosine	3	0.00340136
NC_003197.2	CDS	1655165	1656254	+	1089	EBBPGFGJ_01595	ompD	Outer membrane porin protein OmpD	m	5mC	5-methylcytosine	10	0.00918274
NC_003197.2	CDS	1656337	1656778	+	441	EBBPGFGJ_01596		hypothetical protein	m	5mC	5-methylcytosine	7	0.01587302
NC_003197.2	CDS	1656802	1658290	-	1488	EBBPGFGJ_01597	smvA	Methyl viologen resistance protein SmvA	m	5mC	5-methylcytosine	104	0.06989247
NC_003197.2	CDS	1658407	1658986	+	579	EBBPGFGJ_01598		hypothetical protein	m	5mC	5-methylcytosine	25	0.04317789
NC_003197.2	CDS	1659200	1660589	+	1389	EBBPGFGJ_01599	narU	Nitrate/nitrite transporter NarU	m	5mC	5-methylcytosine	28	0.02015839
NC_003197.2	CDS	1660680	1664421	+	3741	EBBPGFGJ_01600	narZ	Respiratory nitrate reductase 2 alpha chain	m	5mC	5-methylcytosine	59	0.01577118
NC_003197.2	CDS	1664417	1665962	+	1545	EBBPGFGJ_01601	narY	Respiratory nitrate reductase 2 beta chain	m	5mC	5-methylcytosine	41	0.02653722
NC_003197.2	CDS	1665961	1666657	+	696	EBBPGFGJ_01602	narW	Probable nitrate reductase molybdenum cofactor assembly chaperone NarW	m	5mC	5-methylcytosine	19	0.02729885
NC_003197.2	CDS	1666653	1667334	+	681	EBBPGFGJ_01603	narV	Respiratory nitrate reductase 2 gamma chain	m	5mC	5-methylcytosine	15	0.02202643
NC_003197.2	CDS	1667439	1668333	+	894	EBBPGFGJ_01604	yddE	Uncharacterized isomerase YddE	m	5mC	5-methylcytosine	6	0.00671141
NC_003197.2	CDS	1668368	1669214	-	846	EBBPGFGJ_01605	nhoA	Arylamine N-acetyltransferase / N-hydroxyarylamine O-acetyltransferase	m	5mC	5-methylcytosine	16	0.01891253
NC_003197.2	CDS	1669497	1670130	-	633	EBBPGFGJ_01606		hypothetical protein	m	5mC	5-methylcytosine	4	0.00631912
NC_003197.2	CDS	1670642	1672136	+	1494	EBBPGFGJ_01607	ansP2	L-asparagine permease 2	m	5mC	5-methylcytosine	34	0.02275770
NC_003197.2	CDS	1672578	1673640	-	1062	EBBPGFGJ_01609	yncE	Uncharacterized protein YncE	m	5mC	5-methylcytosine	31	0.02919021
NC_003197.2	CDS	1673858	1676024	+	2166	EBBPGFGJ_01610	fecA	Fe(3+) dicitrate transport protein FecA	m	5mC	5-methylcytosine	44	0.02031394
NC_003197.2	CDS	1676090	1676756	-	666	EBBPGFGJ_01611	mcbR	HTH-type transcriptional regulator McbR	m	5mC	5-methylcytosine	6	0.00900901
NC_003197.2	CDS	1677089	1678127	-	1038	EBBPGFGJ_01612	curA	NADPH-dependent curcumin reductase	m	5mC	5-methylcytosine	10	0.00963391
NC_003197.2	CDS	1678338	1678854	+	516	EBBPGFGJ_01613	yncA	L-methionine sulfoximine/L-methionine sulfone acetyltransferase	m	5mC	5-methylcytosine	9	0.01744186
NC_003197.2	CDS	1678853	1679303	+	450	EBBPGFGJ_01614	ydcZ	Inner membrane protein YdcZ	m	5mC	5-methylcytosine	16	0.03555556
NC_003197.2	CDS	1679307	1679541	-	234	EBBPGFGJ_01615	ydcY	Uncharacterized protein YdcY	m	5mC	5-methylcytosine	3	0.01282051
NC_003197.2	CDS	1679764	1681084	+	1320	EBBPGFGJ_01616		hypothetical protein	m	5mC	5-methylcytosine	24	0.01818182
NC_003197.2	CDS	1681088	1684070	+	2982	EBBPGFGJ_01617		hypothetical protein	m	5mC	5-methylcytosine	54	0.01810865
NC_003197.2	CDS	1684066	1686211	+	2145	EBBPGFGJ_01618		hypothetical protein	m	5mC	5-methylcytosine	44	0.02051282
NC_003197.2	CDS	1686255	1686429	-	174	EBBPGFGJ_01619	ortT	Orphan toxin OrtT	m	5mC	5-methylcytosine	1	0.00574713
NC_003197.2	CDS	1686827	1688252	-	1425	EBBPGFGJ_01620	prr	Gamma-aminobutyraldehyde dehydrogenase	m	5mC	5-methylcytosine	25	0.01754386
NC_003197.2	CDS	1688387	1689812	-	1425	EBBPGFGJ_01621	lysN	2-aminoadipate transaminase	m	5mC	5-methylcytosine	32	0.02245614
NC_003197.2	CDS	1689947	1690718	-	771	EBBPGFGJ_01622	vanX	D-alanyl-D-alanine dipeptidase	m	5mC	5-methylcytosine	6	0.00778210
NC_003197.2	CDS	1691239	1691638	-	399	EBBPGFGJ_01623		hypothetical protein	m	5mC	5-methylcytosine	1	0.00250627
NC_003197.2	CDS	1692334	1692508	+	174	EBBPGFGJ_01624		hypothetical protein	m	5mC	5-methylcytosine	1	0.00574713
NC_003197.2	CDS	1692504	1693125	+	621	EBBPGFGJ_01625		hypothetical protein	m	5mC	5-methylcytosine	3	0.00483092
NC_003197.2	CDS	1693398	1693629	+	231	EBBPGFGJ_01626		hypothetical protein	m	5mC	5-methylcytosine	9	0.03896104
NC_003197.2	CDS	1693629	1695594	-	1965	EBBPGFGJ_01627	rlhA_1	23S rRNA 5-hydroxycytidine C2501 synthase	m	5mC	5-methylcytosine	37	0.01882952
NC_003197.2	CDS	1695672	1696209	-	537	EBBPGFGJ_01628	sutR_1	HTH-type transcriptional regulator SutR	m	5mC	5-methylcytosine	15	0.02793296
NC_003197.2	CDS	1696299	1697478	+	1179	EBBPGFGJ_01629	ydcO	Inner membrane protein YdcO	m	5mC	5-methylcytosine	100	0.08481764
NC_003197.2	CDS	1697531	1698200	-	669	EBBPGFGJ_01630		hypothetical protein	m	5mC	5-methylcytosine	9	0.01345291
NC_003197.2	CDS	1698355	1698952	-	597	EBBPGFGJ_01631	tehB	Tellurite methyltransferase	m	5mC	5-methylcytosine	5	0.00837521
NC_003197.2	CDS	1698938	1699952	-	1014	EBBPGFGJ_01632	tehA	Tellurite resistance protein TehA	m	5mC	5-methylcytosine	15	0.01479290
NC_003197.2	CDS	1700058	1701039	+	981	EBBPGFGJ_01633		hypothetical protein	m	5mC	5-methylcytosine	10	0.01019368
NC_003197.2	CDS	1701035	1701575	-	540	EBBPGFGJ_01634	rimL	Ribosomal-protein-serine acetyltransferase	m	5mC	5-methylcytosine	11	0.02037037
NC_003197.2	CDS	1701791	1702910	+	1119	EBBPGFGJ_01635	ysdC	Putative aminopeptidase YsdC	m	5mC	5-methylcytosine	19	0.01697945
NC_003197.2	CDS	1702906	1703188	+	282	EBBPGFGJ_01636	gatB_1	PTS system galactitol-specific EIIB component	m	5mC	5-methylcytosine	1	0.00354610
NC_003197.2	CDS	1703198	1704512	+	1314	EBBPGFGJ_01637	gatC_1	PTS system galactitol-specific EIIC component	m	5mC	5-methylcytosine	11	0.00837139
NC_003197.2	CDS	1704525	1705332	+	807	EBBPGFGJ_01638		hypothetical protein	m	5mC	5-methylcytosine	11	0.01363073
NC_003197.2	CDS	1705463	1705901	+	438	EBBPGFGJ_01639	ulaC_1	Ascorbate-specific PTS system EIIA component	m	5mC	5-methylcytosine	37	0.08447489
NC_003197.2	CDS	1705912	1706545	+	633	EBBPGFGJ_01640	rpe_1	Ribulose-phosphate 3-epimerase	m	5mC	5-methylcytosine	19	0.03001580
NC_003197.2	CDS	1706560	1707352	+	792	EBBPGFGJ_01641	srlR_1	Glucitol operon repressor	m	5mC	5-methylcytosine	8	0.01010101
NC_003197.2	CDS	1707351	1707789	+	438	EBBPGFGJ_01642		Aminoglycoside N(6')-acetyltransferase type 1	m	5mC	5-methylcytosine	2	0.00456621
NC_003197.2	CDS	1707835	1709041	-	1206	EBBPGFGJ_01643		Lactate 2-monooxygenase	m	5mC	5-methylcytosine	8	0.00663350
NC_003197.2	CDS	1709049	1709616	-	567	EBBPGFGJ_01644	yceI_2	Protein YceI	m	5mC	5-methylcytosine	4	0.00705467
NC_003197.2	CDS	1709820	1711440	-	1620	EBBPGFGJ_01645	mdoD	Glucans biosynthesis protein D	m	5mC	5-methylcytosine	88	0.05432099
NC_003197.2	CDS	1711695	1713204	-	1509	EBBPGFGJ_01646	pnbA	Para-nitrobenzyl esterase	m	5mC	5-methylcytosine	77	0.05102717
NC_003197.2	CDS	1713252	1714596	-	1344	EBBPGFGJ_01647		Uncharacterized protein Rv3292	m	5mC	5-methylcytosine	38	0.02827381
NC_003197.2	CDS	1714888	1715812	+	924	EBBPGFGJ_01648	gbpR_1	HTH-type transcriptional regulator GbpR	m	5mC	5-methylcytosine	16	0.01731602
NC_003197.2	CDS	1715872	1717498	-	1626	EBBPGFGJ_01649	trg_1	Methyl-accepting chemotaxis protein III	m	5mC	5-methylcytosine	36	0.02214022
NC_003197.2	CDS	1717666	1718785	-	1119	EBBPGFGJ_01650	frmA	S-(hydroxymethyl)glutathione dehydrogenase	m	5mC	5-methylcytosine	13	0.01161752
NC_003197.2	CDS	1718816	1719092	-	276	EBBPGFGJ_01651	frmR	Transcriptional repressor FrmR	m	5mC	5-methylcytosine	12	0.04347826
NC_003197.2	CDS	1719854	1719980	-	126	EBBPGFGJ_01652		hypothetical protein	m	5mC	5-methylcytosine	1	0.00793651
NC_003197.2	CDS	1720144	1720861	-	717	EBBPGFGJ_01653		hypothetical protein	m	5mC	5-methylcytosine	10	0.01394700
NC_003197.2	CDS	1721286	1722513	+	1227	EBBPGFGJ_01654	sseJ	Secreted effector protein SseJ	m	5mC	5-methylcytosine	10	0.00814996
NC_003197.2	CDS	1722633	1722978	-	345	EBBPGFGJ_01655		hypothetical protein	m	5mC	5-methylcytosine	5	0.01449275
NC_003197.2	CDS	1723884	1724646	+	762	EBBPGFGJ_01656	fliY_1	L-cystine-binding protein FliY	m	5mC	5-methylcytosine	7	0.00918635
NC_003197.2	CDS	1724667	1725300	+	633	EBBPGFGJ_01657	yecS_1	L-cystine transport system permease protein YecS	m	5mC	5-methylcytosine	10	0.01579779
NC_003197.2	CDS	1725324	1726056	+	732	EBBPGFGJ_01658	glnQ_3	Glutamine transport ATP-binding protein GlnQ	m	5mC	5-methylcytosine	18	0.02459016
NC_003197.2	CDS	1726052	1726733	+	681	EBBPGFGJ_01659	yecS_2	L-cystine transport system permease protein YecS	m	5mC	5-methylcytosine	5	0.00734214
NC_003197.2	CDS	1726869	1728420	+	1551	EBBPGFGJ_01660		hypothetical protein	m	5mC	5-methylcytosine	20	0.01289491
NC_003197.2	CDS	1728420	1728516	-	96	EBBPGFGJ_01661		hypothetical protein	m	5mC	5-methylcytosine	1	0.01041667
NC_003197.2	CDS	1728883	1729546	+	663	EBBPGFGJ_01662		hypothetical protein	m	5mC	5-methylcytosine	8	0.01206637
NC_003197.2	CDS	1729816	1730347	-	531	EBBPGFGJ_01663	cybB	Cytochrome b561	m	5mC	5-methylcytosine	7	0.01318267
NC_003197.2	CDS	1730463	1731264	-	801	EBBPGFGJ_01664	ydcF	Protein YdcF	m	5mC	5-methylcytosine	26	0.03245943
NC_003197.2	CDS	1731327	1735230	-	3903	EBBPGFGJ_01665		hypothetical protein	m	5mC	5-methylcytosine	123	0.03151422
NC_003197.2	CDS	1735430	1736036	+	606	EBBPGFGJ_01666	azoR	FMN-dependent NADH-azoreductase	m	5mC	5-methylcytosine	3	0.00495050
NC_003197.2	CDS	1736032	1736482	-	450	EBBPGFGJ_01667		hypothetical protein	m	5mC	5-methylcytosine	5	0.01111111
NC_003197.2	CDS	1736624	1736948	-	324	EBBPGFGJ_01668		hypothetical protein	m	5mC	5-methylcytosine	7	0.02160494
NC_003197.2	CDS	1737146	1739783	-	2637	EBBPGFGJ_01670		hypothetical protein	m	5mC	5-methylcytosine	82	0.03109594
NC_003197.2	CDS	1740022	1741012	+	990	EBBPGFGJ_01671	ldhA	D-lactate dehydrogenase	m	5mC	5-methylcytosine	5	0.00505051
NC_003197.2	CDS	1741122	1741533	+	411	EBBPGFGJ_01672	hslJ	Heat shock protein HslJ	m	5mC	5-methylcytosine	4	0.00973236
NC_003197.2	CDS	1741576	1741843	-	267	EBBPGFGJ_01673		hypothetical protein	m	5mC	5-methylcytosine	5	0.01872659
NC_003197.2	CDS	1742118	1745643	+	3525	EBBPGFGJ_01674	nifJ	Pyruvate-flavodoxin oxidoreductase	m	5mC	5-methylcytosine	119	0.03375887
NC_003197.2	CDS	1746124	1746559	+	435	EBBPGFGJ_01675	uspF	Universal stress protein F	m	5mC	5-methylcytosine	6	0.01379310
NC_003197.2	CDS	1746608	1746947	-	339	EBBPGFGJ_01676	emrE	Multidrug transporter EmrE	m	5mC	5-methylcytosine	1	0.00294985
NC_003197.2	CDS	1747302	1748238	+	936	EBBPGFGJ_01677	ttcA	tRNA-cytidine(32) 2-sulfurtransferase	m	5mC	5-methylcytosine	13	0.01388889
NC_003197.2	CDS	1748281	1749655	-	1374	EBBPGFGJ_01678	dbpA	ATP-dependent RNA helicase DbpA	m	5mC	5-methylcytosine	66	0.04803493
NC_003197.2	CDS	1750141	1751125	-	984	EBBPGFGJ_01679	zntB	Zinc transport protein ZntB	m	5mC	5-methylcytosine	26	0.02642276
NC_003197.2	CDS	1751270	1752425	-	1155	EBBPGFGJ_01680	tap	Methyl-accepting chemotaxis protein IV	m	5mC	5-methylcytosine	25	0.02164502
NC_003197.2	CDS	1752835	1753399	-	564	EBBPGFGJ_01681	smrA	Probable DNA endonuclease SmrA	m	5mC	5-methylcytosine	3	0.00531915
NC_003197.2	CDS	1753656	1754172	+	516	EBBPGFGJ_01682	ogt	Methylated-DNA--protein-cysteine methyltransferase	m	5mC	5-methylcytosine	9	0.01744186
NC_003197.2	CDS	1754367	1755120	+	753	EBBPGFGJ_01683	fnr	Fumarate and nitrate reduction regulatory protein	m	5mC	5-methylcytosine	6	0.00796813
NC_003197.2	CDS	1755270	1756218	+	948	EBBPGFGJ_01684	uspE	Universal stress protein E	m	5mC	5-methylcytosine	15	0.01582278
NC_003197.2	CDS	1756765	1757797	+	1032	EBBPGFGJ_01686	ynaI	Low conductance mechanosensitive channel YnaI	m	5mC	5-methylcytosine	13	0.01259690
NC_003197.2	CDS	1757882	1758485	-	603	EBBPGFGJ_01687	sutR_2	HTH-type transcriptional regulator SutR	m	5mC	5-methylcytosine	12	0.01990050
NC_003197.2	CDS	1758528	1759215	+	687	EBBPGFGJ_01688		hypothetical protein	m	5mC	5-methylcytosine	41	0.05967977
NC_003197.2	CDS	1759686	1760205	-	519	EBBPGFGJ_01689	tpx_1	Thiol peroxidase	m	5mC	5-methylcytosine	3	0.00578035
NC_003197.2	CDS	1760342	1761167	-	825	EBBPGFGJ_01690		hypothetical protein	m	5mC	5-methylcytosine	3	0.00363636
NC_003197.2	CDS	1761193	1763176	-	1983	EBBPGFGJ_01691		hypothetical protein	m	5mC	5-methylcytosine	39	0.01966717
NC_003197.2	CDS	1763250	1764096	-	846	EBBPGFGJ_01692		hypothetical protein	m	5mC	5-methylcytosine	4	0.00472813
NC_003197.2	CDS	1764395	1765247	+	852	EBBPGFGJ_01693	rob_1	Right origin-binding protein	m	5mC	5-methylcytosine	4	0.00469484
NC_003197.2	CDS	1765691	1766747	+	1056	EBBPGFGJ_01694		hypothetical protein	m	5mC	5-methylcytosine	11	0.01041667
NC_003197.2	CDS	1766960	1767197	-	237	EBBPGFGJ_01695	ygdR_3	Uncharacterized lipoprotein YgdR	m	5mC	5-methylcytosine	1	0.00421941
NC_003197.2	CDS	1767325	1767916	-	591	EBBPGFGJ_01696	bdcR	HTH-type transcriptional repressor BdcR	m	5mC	5-methylcytosine	11	0.01861252
NC_003197.2	CDS	1767993	1768707	+	714	EBBPGFGJ_01697	bdcA	Cyclic-di-GMP-binding biofilm dispersal mediator protein	m	5mC	5-methylcytosine	57	0.07983193
NC_003197.2	CDS	1768797	1769634	-	837	EBBPGFGJ_01698	ytbE	Uncharacterized oxidoreductase YtbE	m	5mC	5-methylcytosine	3	0.00358423
NC_003197.2	CDS	1769940	1770846	-	906	EBBPGFGJ_01699	pgrR	HTH-type transcriptional regulator PgrR	m	5mC	5-methylcytosine	31	0.03421634
NC_003197.2	CDS	1770964	1771894	+	930	EBBPGFGJ_01700		hypothetical protein	m	5mC	5-methylcytosine	22	0.02365591
NC_003197.2	CDS	1771990	1773604	-	1614	EBBPGFGJ_01701	mppA	Periplasmic murein peptide-binding protein	m	5mC	5-methylcytosine	19	0.01177200
NC_003197.2	CDS	1773793	1774522	+	729	EBBPGFGJ_01702	mpaA	Murein peptide amidase A	m	5mC	5-methylcytosine	68	0.09327846
NC_003197.2	CDS	1774496	1775462	-	966	EBBPGFGJ_01703	ycjG	L-Ala-D/L-Glu epimerase	m	5mC	5-methylcytosine	44	0.04554865
NC_003197.2	CDS	1775577	1776084	+	507	EBBPGFGJ_01704	tpx_2	Thiol peroxidase	m	5mC	5-methylcytosine	17	0.03353057
NC_003197.2	CDS	1776173	1777715	-	1542	EBBPGFGJ_01705	tyrR	Transcriptional regulatory protein TyrR	m	5mC	5-methylcytosine	27	0.01750973
NC_003197.2	CDS	1777862	1778924	-	1062	EBBPGFGJ_01706	ycjF	UPF0283 membrane protein YcjF	m	5mC	5-methylcytosine	22	0.02071563
NC_003197.2	CDS	1778920	1780318	-	1398	EBBPGFGJ_01707	ycjX	Uncharacterized protein YcjX	m	5mC	5-methylcytosine	20	0.01430615
NC_003197.2	CDS	1780466	1780781	-	315	EBBPGFGJ_01708	pspE	Thiosulfate sulfurtransferase PspE	m	5mC	5-methylcytosine	1	0.00317460
NC_003197.2	CDS	1780856	1781075	-	219	EBBPGFGJ_01709	pspD	Phage shock protein D	m	5mC	5-methylcytosine	7	0.03196347
NC_003197.2	CDS	1781456	1781681	-	225	EBBPGFGJ_01711	pspB	Phage shock protein B	m	5mC	5-methylcytosine	2	0.00888889
NC_003197.2	CDS	1781740	1782409	-	669	EBBPGFGJ_01712	pspA	Phage shock protein A	m	5mC	5-methylcytosine	4	0.00597907
NC_003197.2	CDS	1782579	1783560	+	981	EBBPGFGJ_01713	pspF	Psp operon transcriptional activator	m	5mC	5-methylcytosine	18	0.01834862
NC_003197.2	CDS	1783671	1785321	+	1650	EBBPGFGJ_01714	sapA	Peptide transport periplasmic protein SapA	m	5mC	5-methylcytosine	44	0.02666667
NC_003197.2	CDS	1785317	1786283	+	966	EBBPGFGJ_01715	sapB	Peptide transport system permease protein SapB	m	5mC	5-methylcytosine	8	0.00828157
NC_003197.2	CDS	1786269	1787160	+	891	EBBPGFGJ_01716	sapC	Peptide transport system permease protein SapC	m	5mC	5-methylcytosine	26	0.02918070
NC_003197.2	CDS	1787159	1788152	+	993	EBBPGFGJ_01717	sapD	Peptide transport system ATP-binding protein SapD	m	5mC	5-methylcytosine	16	0.01611279
NC_003197.2	CDS	1788153	1788960	+	807	EBBPGFGJ_01718	sapF	Peptide transport system ATP-binding protein SapF	m	5mC	5-methylcytosine	14	0.01734820
NC_003197.2	CDS	1789088	1789685	-	597	EBBPGFGJ_01720	ydiV_2	Putative anti-FlhC(2)FlhD(4) factor YdiV	m	5mC	5-methylcytosine	9	0.01507538
NC_003197.2	CDS	1790150	1791524	-	1374	EBBPGFGJ_01721	steC	Secreted effector kinase SteC	m	5mC	5-methylcytosine	2	0.00145560
NC_003197.2	CDS	1792129	1792918	+	789	EBBPGFGJ_01722	fabI	Enoyl-[acyl-carrier-protein] reductase [NADH] FabI	m	5mC	5-methylcytosine	19	0.02408112
NC_003197.2	CDS	1793117	1794098	+	981	EBBPGFGJ_01723		hypothetical protein	m	5mC	5-methylcytosine	25	0.02548420
NC_003197.2	CDS	1794339	1796274	+	1935	EBBPGFGJ_01724	rnb	Exoribonuclease 2	m	5mC	5-methylcytosine	88	0.04547804
NC_003197.2	CDS	1796535	1798518	+	1983	EBBPGFGJ_01725	pdeR	Cyclic di-GMP phosphodiesterase PdeR	m	5mC	5-methylcytosine	35	0.01765003
NC_003197.2	CDS	1798639	1798819	+	180	EBBPGFGJ_01726	yciZ	UPF0509 protein YciZ	m	5mC	5-methylcytosine	2	0.01111111
NC_003197.2	CDS	1798935	1799658	+	723	EBBPGFGJ_01727	srlR_2	Glucitol operon repressor	m	5mC	5-methylcytosine	12	0.01659751
NC_003197.2	CDS	1799916	1800135	+	219	EBBPGFGJ_01728	osmB	Osmotically-inducible lipoprotein B	m	5mC	5-methylcytosine	1	0.00456621
NC_003197.2	CDS	1800254	1800581	-	327	EBBPGFGJ_01729	yciH	Uncharacterized protein YciH	m	5mC	5-methylcytosine	22	0.06727829
NC_003197.2	CDS	1800580	1801318	-	738	EBBPGFGJ_01730	pyrF	Orotidine 5'-phosphate decarboxylase	m	5mC	5-methylcytosine	56	0.07588076
NC_003197.2	CDS	1801508	1802678	-	1170	EBBPGFGJ_01731	lapB	Lipopolysaccharide assembly protein B	m	5mC	5-methylcytosine	27	0.02307692
NC_003197.2	CDS	1802684	1802993	-	309	EBBPGFGJ_01732	lapA	Lipopolysaccharide assembly protein A	m	5mC	5-methylcytosine	4	0.01294498
NC_003197.2	CDS	1803142	1803907	-	765	EBBPGFGJ_01733	pgpB	Phosphatidylglycerophosphatase B	m	5mC	5-methylcytosine	33	0.04313725
NC_003197.2	CDS	1804102	1804693	+	591	EBBPGFGJ_01734	ribA	GTP cyclohydrolase-2	m	5mC	5-methylcytosine	8	0.01353638
NC_003197.2	CDS	1804748	1807424	-	2676	EBBPGFGJ_01735	acnA	Aconitate hydratase A	m	5mC	5-methylcytosine	145	0.05418535
NC_003197.2	CDS	1807979	1808108	-	129	EBBPGFGJ_01736	ymiA	Protein YmiA	m	5mC	5-methylcytosine	1	0.00775194
NC_003197.2	CDS	1808400	1809375	-	975	EBBPGFGJ_01737	cysB	HTH-type transcriptional regulator CysB	m	5mC	5-methylcytosine	4	0.00410256
NC_003197.2	CDS	1809785	1812383	-	2598	EBBPGFGJ_01738	topA_1	DNA topoisomerase 1	m	5mC	5-methylcytosine	78	0.03002309
NC_003197.2	CDS	1812785	1813037	+	252	EBBPGFGJ_01739	yciN	Protein YciN	m	5mC	5-methylcytosine	5	0.01984127
NC_003197.2	CDS	1813078	1814119	-	1041	EBBPGFGJ_01740	sohB	Probable protease SohB	m	5mC	5-methylcytosine	22	0.02113353
NC_003197.2	CDS	1814362	1815124	+	762	EBBPGFGJ_01741	yciK	Uncharacterized oxidoreductase YciK	m	5mC	5-methylcytosine	4	0.00524934
NC_003197.2	CDS	1815120	1815711	+	591	EBBPGFGJ_01742	btuR	Corrinoid adenosyltransferase	m	5mC	5-methylcytosine	9	0.01522843
NC_003197.2	CDS	1815797	1816673	-	876	EBBPGFGJ_01743	rluB	Ribosomal large subunit pseudouridine synthase B	m	5mC	5-methylcytosine	16	0.01826484
NC_003197.2	CDS	1816773	1817394	-	621	EBBPGFGJ_01744	yciO	Uncharacterized protein YciO	m	5mC	5-methylcytosine	5	0.00805153
NC_003197.2	CDS	1817401	1818271	-	870	EBBPGFGJ_01745	yciV	5'-3' exoribonuclease	m	5mC	5-methylcytosine	11	0.01264368
NC_003197.2	CDS	1818543	1820106	+	1563	EBBPGFGJ_01746	trpE	Anthranilate synthase component 1	m	5mC	5-methylcytosine	39	0.02495202
NC_003197.2	CDS	1820105	1821701	+	1596	EBBPGFGJ_01747	trpGD	Bifunctional protein TrpGD	m	5mC	5-methylcytosine	69	0.04323308
NC_003197.2	CDS	1821704	1823063	+	1359	EBBPGFGJ_01748	trpC	Tryptophan biosynthesis protein TrpCF	m	5mC	5-methylcytosine	59	0.04341428
NC_003197.2	CDS	1823072	1824266	+	1194	EBBPGFGJ_01749	trpB	Tryptophan synthase beta chain	m	5mC	5-methylcytosine	14	0.01172529
NC_003197.2	CDS	1824265	1825072	+	807	EBBPGFGJ_01750	trpA	Tryptophan synthase alpha chain	m	5mC	5-methylcytosine	36	0.04460967
NC_003197.2	CDS	1825551	1825734	+	183	EBBPGFGJ_01751		hypothetical protein	m	5mC	5-methylcytosine	1	0.00546448
NC_003197.2	CDS	1825823	1826327	+	504	EBBPGFGJ_01752	yciF	Protein YciF	m	5mC	5-methylcytosine	1	0.00198413
NC_003197.2	CDS	1826926	1827805	+	879	EBBPGFGJ_01754		Manganese catalase	m	5mC	5-methylcytosine	4	0.00455063
NC_003197.2	CDS	1827886	1828525	-	639	EBBPGFGJ_01755	ompW	Outer membrane protein W	m	5mC	5-methylcytosine	6	0.00938967
NC_003197.2	CDS	1828862	1829267	+	405	EBBPGFGJ_01756		hypothetical protein	m	5mC	5-methylcytosine	10	0.02469136
NC_003197.2	CDS	1829292	1830036	+	744	EBBPGFGJ_01757	yciC	UPF0259 membrane protein YciC	m	5mC	5-methylcytosine	8	0.01075269
NC_003197.2	CDS	1830092	1830632	+	540	EBBPGFGJ_01758	yciB	Probable intracellular septation protein A	m	5mC	5-methylcytosine	2	0.00370370
NC_003197.2	CDS	1830792	1831194	+	402	EBBPGFGJ_01759		Uncharacterized acyl-CoA thioester hydrolase HI_0827	m	5mC	5-methylcytosine	13	0.03233831
NC_003197.2	CDS	1831253	1831982	-	729	EBBPGFGJ_01760	tonB	Protein TonB	m	5mC	5-methylcytosine	30	0.04115226
NC_003197.2	CDS	1832205	1832502	+	297	EBBPGFGJ_01761	yciI	Protein YciI	m	5mC	5-methylcytosine	1	0.00336700
NC_003197.2	CDS	1832545	1832719	-	174	EBBPGFGJ_01762		hypothetical protein	m	5mC	5-methylcytosine	1	0.00574713
NC_003197.2	CDS	1832861	1834322	+	1461	EBBPGFGJ_01763	clsA	Cardiolipin synthase A	m	5mC	5-methylcytosine	39	0.02669405
NC_003197.2	CDS	1834355	1834685	+	330	EBBPGFGJ_01764	yciU	UPF0263 protein YciU	m	5mC	5-methylcytosine	2	0.00606061
NC_003197.2	CDS	1834732	1835569	-	837	EBBPGFGJ_01765		hypothetical protein	m	5mC	5-methylcytosine	11	0.01314217
NC_003197.2	CDS	1835616	1836621	-	1005	EBBPGFGJ_01766	btuD_4	Vitamin B12 import ATP-binding protein BtuD	m	5mC	5-methylcytosine	32	0.03184080
NC_003197.2	CDS	1836617	1837625	-	1008	EBBPGFGJ_01767	oppD	Oligopeptide transport ATP-binding protein OppD	m	5mC	5-methylcytosine	13	0.01289683
NC_003197.2	CDS	1837636	1838545	-	909	EBBPGFGJ_01768	oppC	Oligopeptide transport system permease protein OppC	m	5mC	5-methylcytosine	6	0.00660066
NC_003197.2	CDS	1838559	1839480	-	921	EBBPGFGJ_01769	oppB	Oligopeptide transport system permease protein OppB	m	5mC	5-methylcytosine	21	0.02280130
NC_003197.2	CDS	1839601	1841233	-	1632	EBBPGFGJ_01770	oppA	Periplasmic oligopeptide-binding protein	m	5mC	5-methylcytosine	24	0.01470588
NC_003197.2	CDS	1841997	1842645	-	648	EBBPGFGJ_01771	marC_2	UPF0056 inner membrane protein MarC	m	5mC	5-methylcytosine	14	0.02160494
NC_003197.2	CDS	1843121	1845800	+	2679	EBBPGFGJ_01772	adhE_1	Aldehyde-alcohol dehydrogenase	m	5mC	5-methylcytosine	74	0.02762225
NC_003197.2	CDS	1845996	1846614	-	618	EBBPGFGJ_01773	tdk	Thymidine kinase	m	5mC	5-methylcytosine	2	0.00323625
NC_003197.2	CDS	1847276	1847690	+	414	EBBPGFGJ_01774	hns	DNA-binding protein H-NS	m	5mC	5-methylcytosine	3	0.00724638
NC_003197.2	CDS	1847821	1848730	-	909	EBBPGFGJ_01775	galU	UTP--glucose-1-phosphate uridylyltransferase	m	5mC	5-methylcytosine	10	0.01100110
NC_003197.2	CDS	1848932	1849946	-	1014	EBBPGFGJ_01776	rssB	Regulator of RpoS	m	5mC	5-methylcytosine	8	0.00788955
NC_003197.2	CDS	1850036	1850933	-	897	EBBPGFGJ_01777		Uncharacterized NTE family protein Rv1063c	m	5mC	5-methylcytosine	6	0.00668896
NC_003197.2	CDS	1851052	1851511	+	459	EBBPGFGJ_01778	ychJ	UPF0225 protein YchJ	m	5mC	5-methylcytosine	10	0.02178649
NC_003197.2	CDS	1851561	1852404	+	843	EBBPGFGJ_01779	purU	Formyltetrahydrofolate deformylase	m	5mC	5-methylcytosine	8	0.00948992
NC_003197.2	tRNA	1852562	1852647	+	85	EBBPGFGJ_01780		tRNA-Tyr(gta)	m	5mC	5-methylcytosine	2	0.02352941
NC_003197.2	tRNA	1852851	1852936	+	85	EBBPGFGJ_01781		tRNA-Tyr(gta)	m	5mC	5-methylcytosine	1	0.01176471
NC_003197.2	CDS	1853719	1855249	-	1530	EBBPGFGJ_01782		hypothetical protein	m	5mC	5-methylcytosine	12	0.00784314
NC_003197.2	CDS	1855490	1856168	-	678	EBBPGFGJ_01783	narI	Respiratory nitrate reductase 1 gamma chain	m	5mC	5-methylcytosine	13	0.01917404
NC_003197.2	CDS	1856167	1856878	-	711	EBBPGFGJ_01784	narJ	Nitrate reductase molybdenum cofactor assembly chaperone NarJ	m	5mC	5-methylcytosine	19	0.02672293
NC_003197.2	CDS	1856874	1858410	-	1536	EBBPGFGJ_01785	narH	Respiratory nitrate reductase 1 beta chain	m	5mC	5-methylcytosine	65	0.04231771
NC_003197.2	CDS	1858406	1862150	-	3744	EBBPGFGJ_01786	narG	Respiratory nitrate reductase 1 alpha chain	m	5mC	5-methylcytosine	109	0.02911325
NC_003197.2	CDS	1862537	1863935	-	1398	EBBPGFGJ_01787	narK	Nitrate/nitrite transporter NarK	m	5mC	5-methylcytosine	13	0.00929900
NC_003197.2	CDS	1864275	1866072	+	1797	EBBPGFGJ_01788	narX	Nitrate/nitrite sensor protein NarX	m	5mC	5-methylcytosine	45	0.02504174
NC_003197.2	CDS	1866064	1866715	+	651	EBBPGFGJ_01789	narL_1	Nitrate/nitrite response regulator protein NarL	m	5mC	5-methylcytosine	19	0.02918587
NC_003197.2	CDS	1866715	1868140	-	1425	EBBPGFGJ_01790		Invasin	m	5mC	5-methylcytosine	36	0.02526316
NC_003197.2	CDS	1868316	1868670	+	354	EBBPGFGJ_01791	ychN	Protein YchN	m	5mC	5-methylcytosine	8	0.02259887
NC_003197.2	CDS	1868749	1868980	-	231	EBBPGFGJ_01792	chaB	Putative cation transport regulator ChaB	m	5mC	5-methylcytosine	1	0.00432900
NC_003197.2	CDS	1869246	1870347	+	1101	EBBPGFGJ_01793	chaA	Sodium-potassium/proton antiporter ChaA	m	5mC	5-methylcytosine	12	0.01089918
NC_003197.2	CDS	1870400	1871255	-	855	EBBPGFGJ_01794	kdsA	2-dehydro-3-deoxyphosphooctonate aldolase	m	5mC	5-methylcytosine	14	0.01637427
NC_003197.2	CDS	1871292	1872102	-	810	EBBPGFGJ_01795		hypothetical protein	m	5mC	5-methylcytosine	3	0.00370370
NC_003197.2	CDS	1872491	1873325	-	834	EBBPGFGJ_01797	prmC	Release factor glutamine methyltransferase	m	5mC	5-methylcytosine	33	0.03956835
NC_003197.2	CDS	1873324	1874407	-	1083	EBBPGFGJ_01798	prfA	Peptide chain release factor RF1	m	5mC	5-methylcytosine	64	0.05909511
NC_003197.2	CDS	1874447	1875704	-	1257	EBBPGFGJ_01799	hemA	Glutamyl-tRNA reductase	m	5mC	5-methylcytosine	85	0.06762132
NC_003197.2	CDS	1876017	1876641	+	624	EBBPGFGJ_01800	lolB	Outer-membrane lipoprotein LolB	m	5mC	5-methylcytosine	41	0.06570513
NC_003197.2	CDS	1876637	1877489	+	852	EBBPGFGJ_01801	ispE	4-diphosphocytidyl-2-C-methyl-D-erythritol kinase	m	5mC	5-methylcytosine	28	0.03286385
NC_003197.2	CDS	1877754	1878702	+	948	EBBPGFGJ_01802	prs_1	Ribose-phosphate pyrophosphokinase	m	5mC	5-methylcytosine	39	0.04113924
NC_003197.2	CDS	1878853	1880512	+	1659	EBBPGFGJ_01803	dauA	C4-dicarboxylic acid transporter DauA	m	5mC	5-methylcytosine	38	0.02290536
NC_003197.2	CDS	1880556	1880835	-	279	EBBPGFGJ_01804		hypothetical protein	m	5mC	5-methylcytosine	2	0.00716846
NC_003197.2	CDS	1881110	1881695	+	585	EBBPGFGJ_01805	pth	Peptidyl-tRNA hydrolase	m	5mC	5-methylcytosine	20	0.03418803
NC_003197.2	CDS	1881811	1882903	+	1092	EBBPGFGJ_01806	ychF	Ribosome-binding ATPase YchF	m	5mC	5-methylcytosine	20	0.01831502
NC_003197.2	CDS	1884821	1885940	+	1119	EBBPGFGJ_01808	hyaA	Hydrogenase-1 small chain	m	5mC	5-methylcytosine	12	0.01072386
NC_003197.2	CDS	1885936	1887730	+	1794	EBBPGFGJ_01809	hyaB_2	Hydrogenase-1 large chain	m	5mC	5-methylcytosine	37	0.02062430
NC_003197.2	CDS	1887748	1888480	+	732	EBBPGFGJ_01810	hyaC_2	Probable Ni/Fe-hydrogenase 1 B-type cytochrome subunit	m	5mC	5-methylcytosine	9	0.01229508
NC_003197.2	CDS	1888476	1889073	+	597	EBBPGFGJ_01811	hyaD_2	Hydrogenase 1 maturation protease	m	5mC	5-methylcytosine	19	0.03182580
NC_003197.2	CDS	1889011	1889467	+	456	EBBPGFGJ_01812	hyaE	Hydrogenase-1 operon protein HyaE	m	5mC	5-methylcytosine	14	0.03070175
NC_003197.2	CDS	1889463	1890312	+	849	EBBPGFGJ_01813		hypothetical protein	m	5mC	5-methylcytosine	37	0.04358068
NC_003197.2	CDS	1890386	1891931	+	1545	EBBPGFGJ_01814	appC	Cytochrome bd-II ubiquinol oxidase subunit 1	m	5mC	5-methylcytosine	39	0.02524272
NC_003197.2	CDS	1891942	1893079	+	1137	EBBPGFGJ_01815	appB_2	Cytochrome bd-II ubiquinol oxidase subunit 2	m	5mC	5-methylcytosine	23	0.02022867
NC_003197.2	CDS	1893091	1893181	+	90	EBBPGFGJ_01816	appX	Putative cytochrome bd-II ubiquinol oxidase subunit AppX	m	5mC	5-methylcytosine	2	0.02222222
NC_003197.2	CDS	1893575	1894850	+	1275	EBBPGFGJ_01817	gdhA_2	Glutamate dehydrogenase	m	5mC	5-methylcytosine	55	0.04313725
NC_003197.2	CDS	1895063	1896776	+	1713	EBBPGFGJ_01818	treA	Periplasmic trehalase	m	5mC	5-methylcytosine	26	0.01517805
NC_003197.2	CDS	1896838	1897093	-	255	EBBPGFGJ_01819		hypothetical protein	m	5mC	5-methylcytosine	2	0.00784314
NC_003197.2	CDS	1897261	1897996	+	735	EBBPGFGJ_01820	ycgR	Flagellar brake protein YcgR	m	5mC	5-methylcytosine	10	0.01360544
NC_003197.2	CDS	1898009	1898621	-	612	EBBPGFGJ_01821	emtA	Endo-type membrane-bound lytic murein transglycosylase A	m	5mC	5-methylcytosine	2	0.00326797
NC_003197.2	CDS	1898791	1899706	+	915	EBBPGFGJ_01822	ldcA	Murein tetrapeptide carboxypeptidase	m	5mC	5-methylcytosine	23	0.02513661
NC_003197.2	CDS	1899802	1901536	+	1734	EBBPGFGJ_01823	cvrA	K(+)/H(+) antiporter NhaP2	m	5mC	5-methylcytosine	36	0.02076125
NC_003197.2	CDS	1901598	1902669	-	1071	EBBPGFGJ_01824	dadX	Alanine racemase%2C catabolic	m	5mC	5-methylcytosine	12	0.01120448
NC_003197.2	CDS	1902682	1903981	-	1299	EBBPGFGJ_01825	dadA_3	D-amino acid dehydrogenase	m	5mC	5-methylcytosine	55	0.04234026
NC_003197.2	CDS	1904303	1905836	+	1533	EBBPGFGJ_01826		hypothetical protein	m	5mC	5-methylcytosine	11	0.00717547
NC_003197.2	CDS	1905882	1906602	-	720	EBBPGFGJ_01827	fadR	Fatty acid metabolism regulator protein	m	5mC	5-methylcytosine	7	0.00972222
NC_003197.2	CDS	1906821	1908366	+	1545	EBBPGFGJ_01828	nhaB	Na(+)/H(+) antiporter NhaB	m	5mC	5-methylcytosine	34	0.02200647
NC_003197.2	CDS	1908507	1909038	+	531	EBBPGFGJ_01829	dsbB	Disulfide bond formation protein B	m	5mC	5-methylcytosine	30	0.05649718
NC_003197.2	CDS	1909146	1909488	+	342	EBBPGFGJ_01830	yeaR_2	Uncharacterized protein YeaR	m	5mC	5-methylcytosine	9	0.02631579
NC_003197.2	CDS	1909559	1909733	-	174	EBBPGFGJ_01831	gnsA	Protein GnsA	m	5mC	5-methylcytosine	1	0.00574713
NC_003197.2	CDS	1909924	1910062	-	138	EBBPGFGJ_01832		hypothetical protein	m	5mC	5-methylcytosine	1	0.00724638
NC_003197.2	CDS	1910413	1910860	-	447	EBBPGFGJ_01833		hypothetical protein	m	5mC	5-methylcytosine	5	0.01118568
NC_003197.2	CDS	1910952	1911612	-	660	EBBPGFGJ_01834	ycgM	Uncharacterized protein YcgM	m	5mC	5-methylcytosine	9	0.01363636
NC_003197.2	CDS	1912080	1912788	+	708	EBBPGFGJ_01836	minC	Septum site-determining protein MinC	m	5mC	5-methylcytosine	17	0.02401130
NC_003197.2	CDS	1912811	1913624	+	813	EBBPGFGJ_01837	minD	Septum site-determining protein MinD	m	5mC	5-methylcytosine	8	0.00984010
NC_003197.2	CDS	1913627	1913894	+	267	EBBPGFGJ_01838	minE	Cell division topological specificity factor	m	5mC	5-methylcytosine	3	0.01123596
NC_003197.2	CDS	1914015	1915131	-	1116	EBBPGFGJ_01839	rnd	Ribonuclease D	m	5mC	5-methylcytosine	29	0.02598566
NC_003197.2	CDS	1915215	1916967	-	1752	EBBPGFGJ_01840	fadD	Long-chain-fatty-acid--CoA ligase	m	5mC	5-methylcytosine	10	0.00570776
NC_003197.2	CDS	1917105	1917687	-	582	EBBPGFGJ_01841	slp	Outer membrane protein Slp	m	5mC	5-methylcytosine	28	0.04810997
NC_003197.2	CDS	1917758	1918454	-	696	EBBPGFGJ_01842	tsaB	tRNA threonylcarbamoyladenosine biosynthesis protein TsaB	m	5mC	5-methylcytosine	16	0.02298851
NC_003197.2	CDS	1918511	1920422	-	1911	EBBPGFGJ_01843	yoaA	Probable ATP-dependent DNA helicase YoaA	m	5mC	5-methylcytosine	72	0.03767661
NC_003197.2	CDS	1920552	1920897	+	345	EBBPGFGJ_01844	yabJ	2-iminobutanoate/2-iminopropanoate deaminase	m	5mC	5-methylcytosine	3	0.00869565
NC_003197.2	CDS	1920902	1921082	-	180	EBBPGFGJ_01845		hypothetical protein	m	5mC	5-methylcytosine	1	0.00555556
NC_003197.2	CDS	1921162	1922527	+	1365	EBBPGFGJ_01846	pabB	Aminodeoxychorismate synthase component 1	m	5mC	5-methylcytosine	23	0.01684982
NC_003197.2	CDS	1922530	1923109	+	579	EBBPGFGJ_01847	nudL	Uncharacterized Nudix hydrolase NudL	m	5mC	5-methylcytosine	38	0.06563040
NC_003197.2	CDS	1923372	1924737	+	1365	EBBPGFGJ_01848	sdaA_1	L-serine dehydratase 1	m	5mC	5-methylcytosine	64	0.04688645
NC_003197.2	CDS	1924874	1926476	+	1602	EBBPGFGJ_01849	pdeD	Probable cyclic di-GMP phosphodiesterase PdeD	m	5mC	5-methylcytosine	11	0.00686642
NC_003197.2	CDS	1926497	1928057	-	1560	EBBPGFGJ_01850	yoaE_1	UPF0053 inner membrane protein YoaE	m	5mC	5-methylcytosine	31	0.01987179
NC_003197.2	CDS	1928529	1929498	+	969	EBBPGFGJ_01851	manX	PTS system mannose-specific EIIAB component	m	5mC	5-methylcytosine	25	0.02579979
NC_003197.2	CDS	1929550	1930351	+	801	EBBPGFGJ_01852	manY	PTS system mannose-specific EIIC component	m	5mC	5-methylcytosine	22	0.02746567
NC_003197.2	CDS	1930363	1931215	+	852	EBBPGFGJ_01853	manZ_2	PTS system mannose-specific EIID component	m	5mC	5-methylcytosine	8	0.00938967
NC_003197.2	CDS	1932140	1932707	+	567	EBBPGFGJ_01855	mntP	Probable manganese efflux pump MntP	m	5mC	5-methylcytosine	6	0.01058201
NC_003197.2	CDS	1932703	1933513	-	810	EBBPGFGJ_01856	rlmA	23S rRNA (guanine(745)-N(1))-methyltransferase	m	5mC	5-methylcytosine	51	0.06296296
NC_003197.2	CDS	1933578	1935324	-	1746	EBBPGFGJ_01857	ftsI_2	Peptidoglycan D%2CD-transpeptidase FtsI	m	5mC	5-methylcytosine	50	0.02863688
NC_003197.2	CDS	1935543	1935753	-	210	EBBPGFGJ_01858	cspC	Cold shock-like protein CspC	m	5mC	5-methylcytosine	1	0.00476190
NC_003197.2	CDS	1936557	1936845	-	288	EBBPGFGJ_01859		hypothetical protein	m	5mC	5-methylcytosine	2	0.00694444
NC_003197.2	CDS	1936915	1937059	-	144	EBBPGFGJ_01860	mgrB	PhoP/PhoQ regulator MgrB	m	5mC	5-methylcytosine	1	0.00694444
NC_003197.2	CDS	1937216	1937456	+	240	EBBPGFGJ_01861		hypothetical protein	m	5mC	5-methylcytosine	3	0.01250000
NC_003197.2	CDS	1937667	1938459	-	792	EBBPGFGJ_01862	kdgR	Transcriptional regulator KdgR	m	5mC	5-methylcytosine	7	0.00883838
NC_003197.2	CDS	1938634	1940008	+	1374	EBBPGFGJ_01863	ribZ	Riboflavin transporter RibZ	m	5mC	5-methylcytosine	50	0.03639010
NC_003197.2	CDS	1940055	1940937	-	882	EBBPGFGJ_01864	htpX	Protease HtpX	m	5mC	5-methylcytosine	17	0.01927438
NC_003197.2	CDS	1941130	1943179	-	2049	EBBPGFGJ_01865	prc	Tail-specific protease	m	5mC	5-methylcytosine	32	0.01561737
NC_003197.2	CDS	1943198	1943885	-	687	EBBPGFGJ_01866	proQ	RNA chaperone ProQ	m	5mC	5-methylcytosine	23	0.03347889
NC_003197.2	CDS	1943982	1944552	-	570	EBBPGFGJ_01867	msrC	Free methionine-R-sulfoxide reductase	m	5mC	5-methylcytosine	19	0.03333333
NC_003197.2	CDS	1944608	1945892	+	1284	EBBPGFGJ_01868	yebS	Intermembrane transport protein YebS	m	5mC	5-methylcytosine	27	0.02102804
NC_003197.2	CDS	1945860	1948494	+	2634	EBBPGFGJ_01869	yebT	Intermembrane transport protein YebT	m	5mC	5-methylcytosine	49	0.01860289
NC_003197.2	CDS	1948469	1950011	+	1542	EBBPGFGJ_01870	rsmF	Ribosomal RNA small subunit methyltransferase F	m	5mC	5-methylcytosine	97	0.06290532
NC_003197.2	CDS	1950125	1950365	+	240	EBBPGFGJ_01871	yebV	Uncharacterized protein YebV	m	5mC	5-methylcytosine	6	0.02500000
NC_003197.2	CDS	1950685	1951336	-	651	EBBPGFGJ_01873	pphA	Serine/threonine-protein phosphatase 1	m	5mC	5-methylcytosine	5	0.00768049
NC_003197.2	CDS	1951353	1951587	-	234	EBBPGFGJ_01874		hypothetical protein	m	5mC	5-methylcytosine	1	0.00427350
NC_003197.2	CDS	1952008	1952731	-	723	EBBPGFGJ_01876	sopE2	Guanine nucleotide exchange factor sopE2	m	5mC	5-methylcytosine	4	0.00553250
NC_003197.2	CDS	1953414	1953810	+	396	EBBPGFGJ_01877	ydfO	Uncharacterized protein YdfO	m	5mC	5-methylcytosine	3	0.00757576
NC_003197.2	CDS	1954139	1954616	+	477	EBBPGFGJ_01878		hypothetical protein	m	5mC	5-methylcytosine	14	0.02935010
NC_003197.2	CDS	1955003	1955423	-	420	EBBPGFGJ_01879		hypothetical protein	m	5mC	5-methylcytosine	6	0.01428571
NC_003197.2	CDS	1956704	1956851	-	147	EBBPGFGJ_01880		hypothetical protein	m	5mC	5-methylcytosine	8	0.05442177
NC_003197.2	CDS	1956850	1957708	-	858	EBBPGFGJ_01881		IS256 family transposase IS285	m	5mC	5-methylcytosine	22	0.02564103
NC_003197.2	CDS	1957831	1958200	+	369	EBBPGFGJ_01882		hypothetical protein	m	5mC	5-methylcytosine	12	0.03252033
NC_003197.2	CDS	1959503	1960418	+	915	EBBPGFGJ_01883		hypothetical protein	m	5mC	5-methylcytosine	14	0.01530055
NC_003197.2	CDS	1960550	1960709	+	159	EBBPGFGJ_01884		hypothetical protein	m	5mC	5-methylcytosine	1	0.00628931
NC_003197.2	CDS	1960718	1961333	+	615	EBBPGFGJ_01885		hypothetical protein	m	5mC	5-methylcytosine	6	0.00975610
NC_003197.2	CDS	1961781	1961904	-	123	EBBPGFGJ_01886		hypothetical protein	m	5mC	5-methylcytosine	4	0.03252033
NC_003197.2	CDS	1962504	1962663	+	159	EBBPGFGJ_01887		hypothetical protein	m	5mC	5-methylcytosine	2	0.01257862
NC_003197.2	CDS	1963472	1964354	-	882	EBBPGFGJ_01888		hypothetical protein	m	5mC	5-methylcytosine	18	0.02040816
NC_003197.2	CDS	1964508	1964772	-	264	EBBPGFGJ_01889		hypothetical protein	m	5mC	5-methylcytosine	9	0.03409091
NC_003197.2	CDS	1965559	1965814	-	255	EBBPGFGJ_01891		hypothetical protein	m	5mC	5-methylcytosine	12	0.04705882
NC_003197.2	CDS	1966090	1966321	-	231	EBBPGFGJ_01892		hypothetical protein	m	5mC	5-methylcytosine	6	0.02597403
NC_003197.2	CDS	1966351	1967005	+	654	EBBPGFGJ_01893		hypothetical protein	m	5mC	5-methylcytosine	8	0.01223242
NC_003197.2	CDS	1967064	1967919	+	855	EBBPGFGJ_01894		hypothetical protein	m	5mC	5-methylcytosine	14	0.01637427
NC_003197.2	CDS	1968292	1968646	-	354	EBBPGFGJ_01895		hypothetical protein	m	5mC	5-methylcytosine	1	0.00282486
NC_003197.2	CDS	1968662	1969538	-	876	EBBPGFGJ_01896	yebZ	Inner membrane protein YebZ	m	5mC	5-methylcytosine	18	0.02054795
NC_003197.2	CDS	1969538	1969913	-	375	EBBPGFGJ_01897	yobA	Protein YobA	m	5mC	5-methylcytosine	16	0.04266667
NC_003197.2	CDS	1970050	1970281	+	231	EBBPGFGJ_01898	holE	DNA polymerase III subunit theta	m	5mC	5-methylcytosine	5	0.02164502
NC_003197.2	CDS	1970388	1971045	+	657	EBBPGFGJ_01899		hypothetical protein	m	5mC	5-methylcytosine	22	0.03348554
NC_003197.2	CDS	1971068	1971767	+	699	EBBPGFGJ_01900	exoX	Exodeoxyribonuclease 10	m	5mC	5-methylcytosine	7	0.01001431
NC_003197.2	CDS	1971801	1973853	-	2052	EBBPGFGJ_01901	ptrB	Protease 2	m	5mC	5-methylcytosine	27	0.01315789
NC_003197.2	CDS	1974065	1974725	-	660	EBBPGFGJ_01902	yebE	Inner membrane protein YebE	m	5mC	5-methylcytosine	14	0.02121212
NC_003197.2	CDS	1974818	1975172	-	354	EBBPGFGJ_01903	yebF	Protein YebF	m	5mC	5-methylcytosine	7	0.01977401
NC_003197.2	CDS	1975239	1975530	-	291	EBBPGFGJ_01904		hypothetical protein	m	5mC	5-methylcytosine	3	0.01030928
NC_003197.2	CDS	1975660	1976839	+	1179	EBBPGFGJ_01905	purT	Formate-dependent phosphoribosylglycinamide formyltransferase	m	5mC	5-methylcytosine	28	0.02374894
NC_003197.2	CDS	1976938	1977580	-	642	EBBPGFGJ_01906	eda	KHG/KDPG aldolase	m	5mC	5-methylcytosine	8	0.01246106
NC_003197.2	CDS	1977617	1979429	-	1812	EBBPGFGJ_01907	edd	Phosphogluconate dehydratase	m	5mC	5-methylcytosine	53	0.02924945
NC_003197.2	CDS	1979663	1981139	-	1476	EBBPGFGJ_01908	zwf	Glucose-6-phosphate 1-dehydrogenase	m	5mC	5-methylcytosine	11	0.00745257
NC_003197.2	CDS	1981480	1982350	+	870	EBBPGFGJ_01909	hexR_1	HTH-type transcriptional regulator HexR	m	5mC	5-methylcytosine	10	0.01149425
NC_003197.2	CDS	1982473	1983916	+	1443	EBBPGFGJ_01910	pykA	Pyruvate kinase II	m	5mC	5-methylcytosine	45	0.03118503
NC_003197.2	CDS	1983988	1984960	-	972	EBBPGFGJ_01911	lpxM	Lipid A biosynthesis myristoyltransferase	m	5mC	5-methylcytosine	11	0.01131687
NC_003197.2	CDS	1985076	1986396	-	1320	EBBPGFGJ_01912	mepM	Murein DD-endopeptidase MepM	m	5mC	5-methylcytosine	30	0.02272727
NC_003197.2	CDS	1986411	1987413	-	1002	EBBPGFGJ_01913	znuA	High-affinity zinc uptake system protein ZnuA	m	5mC	5-methylcytosine	4	0.00399202
NC_003197.2	CDS	1987434	1988190	+	756	EBBPGFGJ_01914	znuC	Zinc import ATP-binding protein ZnuC	m	5mC	5-methylcytosine	12	0.01587302
NC_003197.2	CDS	1988186	1988972	+	786	EBBPGFGJ_01915	znuB	High-affinity zinc uptake system membrane protein ZnuB	m	5mC	5-methylcytosine	4	0.00508906
NC_003197.2	CDS	1989050	1990061	-	1011	EBBPGFGJ_01916	ruvB	Holliday junction ATP-dependent DNA helicase RuvB	m	5mC	5-methylcytosine	28	0.02769535
NC_003197.2	CDS	1990069	1990681	-	612	EBBPGFGJ_01917	ruvA	Holliday junction ATP-dependent DNA helicase RuvA	m	5mC	5-methylcytosine	14	0.02287582
NC_003197.2	CDS	1991013	1991997	+	984	EBBPGFGJ_01918		hypothetical protein	m	5mC	5-methylcytosine	5	0.00508130
NC_003197.2	CDS	1992623	1993223	+	600	EBBPGFGJ_01919		hypothetical protein	m	5mC	5-methylcytosine	5	0.00833333
NC_003197.2	CDS	1993224	1993746	-	522	EBBPGFGJ_01920	ruvC	Crossover junction endodeoxyribonuclease RuvC	m	5mC	5-methylcytosine	27	0.05172414
NC_003197.2	CDS	1993782	1994523	-	741	EBBPGFGJ_01921	yebC	Probable transcriptional regulatory protein YebC	m	5mC	5-methylcytosine	10	0.01349528
NC_003197.2	CDS	1994552	1995005	-	453	EBBPGFGJ_01922	nudB	Dihydroneopterin triphosphate diphosphatase	m	5mC	5-methylcytosine	12	0.02649007
NC_003197.2	CDS	1995107	1996880	-	1773	EBBPGFGJ_01923	aspS	Aspartate--tRNA ligase	m	5mC	5-methylcytosine	42	0.02368866
NC_003197.2	CDS	1997204	1997771	+	567	EBBPGFGJ_01924	yecD	Isochorismatase family protein YecD	m	5mC	5-methylcytosine	24	0.04232804
NC_003197.2	CDS	1997767	1998586	+	819	EBBPGFGJ_01925		hypothetical protein	m	5mC	5-methylcytosine	42	0.05128205
NC_003197.2	CDS	1998638	1999034	+	396	EBBPGFGJ_01926	yecN	Inner membrane protein YecN	m	5mC	5-methylcytosine	1	0.00252525
NC_003197.2	CDS	1999074	1999818	+	744	EBBPGFGJ_01927	cmoA	Carboxy-S-adenosyl-L-methionine synthase	m	5mC	5-methylcytosine	2	0.00268817
NC_003197.2	CDS	1999814	2000786	+	972	EBBPGFGJ_01928	cmoB	tRNA U34 carboxymethyltransferase	m	5mC	5-methylcytosine	15	0.01543210
NC_003197.2	CDS	2001021	2001768	-	747	EBBPGFGJ_01929	cutC_1	Copper homeostasis protein CutC	m	5mC	5-methylcytosine	7	0.00937082
NC_003197.2	CDS	2001787	2002357	-	570	EBBPGFGJ_01930	yecM	Protein YecM	m	5mC	5-methylcytosine	3	0.00526316
NC_003197.2	CDS	2002593	2004327	+	1734	EBBPGFGJ_01931	argS	Arginine--tRNA ligase	m	5mC	5-methylcytosine	45	0.02595156
NC_003197.2	CDS	2004515	2006387	+	1872	EBBPGFGJ_01932	mrdA_2	Peptidoglycan D%2CD-transpeptidase MrdA	m	5mC	5-methylcytosine	26	0.01388889
NC_003197.2	CDS	2006440	2007580	-	1140	EBBPGFGJ_01933	yesR	Unsaturated rhamnogalacturonyl hydrolase YesR	m	5mC	5-methylcytosine	24	0.02105263
NC_003197.2	CDS	2007816	2008209	-	393	EBBPGFGJ_01934	flhE	Flagellar protein FlhE	m	5mC	5-methylcytosine	17	0.04325700
NC_003197.2	CDS	2008208	2010287	-	2079	EBBPGFGJ_01935	flhA	Flagellar biosynthesis protein FlhA	m	5mC	5-methylcytosine	59	0.02837903
NC_003197.2	CDS	2010279	2011431	-	1152	EBBPGFGJ_01936	flhB	Flagellar biosynthetic protein FlhB	m	5mC	5-methylcytosine	40	0.03472222
NC_003197.2	CDS	2011624	2012272	-	648	EBBPGFGJ_01937	cheZ	Protein phosphatase CheZ	m	5mC	5-methylcytosine	11	0.01697531
NC_003197.2	CDS	2012279	2012669	-	390	EBBPGFGJ_01938	cheY	Chemotaxis protein CheY	m	5mC	5-methylcytosine	4	0.01025641
NC_003197.2	CDS	2012686	2013736	-	1050	EBBPGFGJ_01939	cheB	Protein-glutamate methylesterase/protein-glutamine glutaminase	m	5mC	5-methylcytosine	25	0.02380952
NC_003197.2	CDS	2013732	2014599	-	867	EBBPGFGJ_01940	cheR	Chemotaxis protein methyltransferase	m	5mC	5-methylcytosine	13	0.01499423
NC_003197.2	CDS	2014752	2016414	-	1662	EBBPGFGJ_01941	tar	Methyl-accepting chemotaxis protein II	m	5mC	5-methylcytosine	18	0.01083032
NC_003197.2	CDS	2016650	2017154	-	504	EBBPGFGJ_01942	cheW	Chemotaxis protein CheW	m	5mC	5-methylcytosine	9	0.01785714
NC_003197.2	CDS	2017174	2019190	-	2016	EBBPGFGJ_01943	cheA	Chemotaxis protein CheA	m	5mC	5-methylcytosine	54	0.02678571
NC_003197.2	CDS	2019194	2020124	-	930	EBBPGFGJ_01944	motB	Motility protein B	m	5mC	5-methylcytosine	10	0.01075269
NC_003197.2	CDS	2020120	2021008	-	888	EBBPGFGJ_01945	motA	Motility protein A	m	5mC	5-methylcytosine	13	0.01463964
NC_003197.2	CDS	2021132	2021711	-	579	EBBPGFGJ_01946	flhC	Flagellar transcriptional regulator FlhC	m	5mC	5-methylcytosine	7	0.01208981
NC_003197.2	CDS	2021713	2022055	-	342	EBBPGFGJ_01947	flhD	Flagellar transcriptional regulator FlhD	m	5mC	5-methylcytosine	3	0.00877193
NC_003197.2	CDS	2022850	2023279	+	429	EBBPGFGJ_01948	uspC	Universal stress protein C	m	5mC	5-methylcytosine	17	0.03962704
NC_003197.2	CDS	2023296	2024718	-	1422	EBBPGFGJ_01949	otsA	Trehalose-6-phosphate synthase	m	5mC	5-methylcytosine	40	0.02812940
NC_003197.2	CDS	2024692	2025595	-	903	EBBPGFGJ_01950	otsB	Trehalose-6-phosphate phosphatase	m	5mC	5-methylcytosine	14	0.01550388
NC_003197.2	CDS	2026128	2026686	-	558	EBBPGFGJ_01951	yajL_2	Protein/nucleic acid deglycase 3	m	5mC	5-methylcytosine	4	0.00716846
NC_003197.2	CDS	2027236	2027740	+	504	EBBPGFGJ_01952	ftnA_1	Bacterial non-heme ferritin	m	5mC	5-methylcytosine	4	0.00793651
NC_003197.2	CDS	2027918	2028557	-	639	EBBPGFGJ_01953		hypothetical protein	m	5mC	5-methylcytosine	8	0.01251956
NC_003197.2	CDS	2028812	2029148	+	336	EBBPGFGJ_01954		hypothetical protein	m	5mC	5-methylcytosine	17	0.05059524
NC_003197.2	CDS	2029387	2029885	+	498	EBBPGFGJ_01955	ftnA_2	Bacterial non-heme ferritin	m	5mC	5-methylcytosine	6	0.01204819
NC_003197.2	CDS	2029930	2030170	-	240	EBBPGFGJ_01956		hypothetical protein	m	5mC	5-methylcytosine	3	0.01250000
NC_003197.2	CDS	2030339	2031608	+	1269	EBBPGFGJ_01957	tyrP	Tyrosine-specific transport protein	m	5mC	5-methylcytosine	41	0.03230890
NC_003197.2	CDS	2031682	2032348	-	666	EBBPGFGJ_01958		hypothetical protein	m	5mC	5-methylcytosine	12	0.01801802
NC_003197.2	CDS	2032585	2032912	-	327	EBBPGFGJ_01959		hypothetical protein	m	5mC	5-methylcytosine	2	0.00611621
NC_003197.2	CDS	2033124	2034558	-	1434	EBBPGFGJ_01960		hypothetical protein	m	5mC	5-methylcytosine	26	0.01813110
NC_003197.2	CDS	2034776	2035061	-	285	EBBPGFGJ_01961		hypothetical protein	m	5mC	5-methylcytosine	1	0.00350877
NC_003197.2	tRNA	2035358	2035445	-	87	EBBPGFGJ_01962		tRNA-Leu(taa)	m	5mC	5-methylcytosine	2	0.02298851
NC_003197.2	tRNA	2035582	2035658	-	76	EBBPGFGJ_01964		tRNA-Gly(gcc)	m	5mC	5-methylcytosine	1	0.01315789
NC_003197.2	CDS	2035809	2036358	-	549	EBBPGFGJ_01965	pgsA	CDP-diacylglycerol--glycerol-3-phosphate 3-phosphatidyltransferase	m	5mC	5-methylcytosine	5	0.00910747
NC_003197.2	CDS	2036414	2038247	-	1833	EBBPGFGJ_01966	uvrC	UvrABC system protein C	m	5mC	5-methylcytosine	32	0.01745772
NC_003197.2	CDS	2038243	2038900	-	657	EBBPGFGJ_01967	uvrY	Response regulator UvrY	m	5mC	5-methylcytosine	8	0.01217656
NC_003197.2	CDS	2039363	2039588	+	225	EBBPGFGJ_01968		hypothetical protein	m	5mC	5-methylcytosine	6	0.02666667
NC_003197.2	CDS	2039654	2040377	-	723	EBBPGFGJ_01969	sdiA	Regulatory protein SdiA	m	5mC	5-methylcytosine	4	0.00553250
NC_003197.2	CDS	2040608	2041361	-	753	EBBPGFGJ_01970	artM_2	Arginine transport ATP-binding protein ArtM	m	5mC	5-methylcytosine	17	0.02257636
NC_003197.2	CDS	2041357	2042026	-	669	EBBPGFGJ_01971	yecS_3	L-cystine transport system permease protein YecS	m	5mC	5-methylcytosine	8	0.01195815
NC_003197.2	CDS	2042046	2043033	-	987	EBBPGFGJ_01972	dcyD	D-cysteine desulfhydrase	m	5mC	5-methylcytosine	14	0.01418440
NC_003197.2	CDS	2043186	2043987	-	801	EBBPGFGJ_01973	fliY_2	L-cystine-binding protein FliY	m	5mC	5-methylcytosine	5	0.00624220
NC_003197.2	CDS	2044133	2044685	-	552	EBBPGFGJ_01974	fliZ	Regulator of sigma S factor FliZ	m	5mC	5-methylcytosine	20	0.03623188
NC_003197.2	CDS	2044743	2045463	-	720	EBBPGFGJ_01975	fliA	RNA polymerase sigma factor FliA	m	5mC	5-methylcytosine	20	0.02777778
NC_003197.2	CDS	2045731	2046190	-	459	EBBPGFGJ_01976		IS200/IS605 family transposase IS200F	m	5mC	5-methylcytosine	5	0.01089325
NC_003197.2	CDS	2046370	2047576	-	1206	EBBPGFGJ_01977		hypothetical protein	m	5mC	5-methylcytosine	10	0.00829187
NC_003197.2	CDS	2047654	2049142	-	1488	EBBPGFGJ_01978	fliC	Flagellin	m	5mC	5-methylcytosine	13	0.00873656
NC_003197.2	CDS	2049398	2050802	+	1404	EBBPGFGJ_01979	fliD	Flagellar hook-associated protein 2	m	5mC	5-methylcytosine	11	0.00783476
NC_003197.2	CDS	2050816	2051224	+	408	EBBPGFGJ_01980	fliS	Flagellar secretion chaperone FliS	m	5mC	5-methylcytosine	5	0.01225490
NC_003197.2	CDS	2051223	2051592	+	369	EBBPGFGJ_01981	fliT	Flagellar protein FliT	m	5mC	5-methylcytosine	8	0.02168022
NC_003197.2	CDS	2051663	2053148	+	1485	EBBPGFGJ_01982	amyA	Cytoplasmic alpha-amylase	m	5mC	5-methylcytosine	11	0.00740741
NC_003197.2	CDS	2053187	2053613	-	426	EBBPGFGJ_01983		hypothetical protein	m	5mC	5-methylcytosine	19	0.04460094
NC_003197.2	CDS	2053798	2055004	+	1206	EBBPGFGJ_01984	yedE	UPF0394 inner membrane protein YedE	m	5mC	5-methylcytosine	47	0.03897181
NC_003197.2	CDS	2055000	2055234	+	234	EBBPGFGJ_01985	yedF	Putative sulfur carrier protein YedF	m	5mC	5-methylcytosine	1	0.00427350
NC_003197.2	CDS	2056004	2056319	-	315	EBBPGFGJ_01986	fliE	Flagellar hook-basal body complex protein FliE	m	5mC	5-methylcytosine	9	0.02857143
NC_003197.2	CDS	2056535	2058218	+	1683	EBBPGFGJ_01987	fliF	Flagellar M-ring protein	m	5mC	5-methylcytosine	45	0.02673797
NC_003197.2	CDS	2058210	2059206	+	996	EBBPGFGJ_01988	fliG	Flagellar motor switch protein FliG	m	5mC	5-methylcytosine	11	0.01104418
NC_003197.2	CDS	2059198	2059906	+	708	EBBPGFGJ_01989	fliH	Flagellar assembly protein FliH	m	5mC	5-methylcytosine	40	0.05649718
NC_003197.2	CDS	2059905	2061276	+	1371	EBBPGFGJ_01990	fliI	Flagellum-specific ATP synthase	m	5mC	5-methylcytosine	91	0.06637491
NC_003197.2	CDS	2061297	2061741	+	444	EBBPGFGJ_01991	fliJ	Flagellar FliJ protein	m	5mC	5-methylcytosine	2	0.00450450
NC_003197.2	CDS	2061737	2062955	+	1218	EBBPGFGJ_01992	fliK	Flagellar hook-length control protein	m	5mC	5-methylcytosine	30	0.02463054
NC_003197.2	CDS	2063059	2063527	+	468	EBBPGFGJ_01993		hypothetical protein	m	5mC	5-methylcytosine	7	0.01495726
NC_003197.2	CDS	2063531	2064536	+	1005	EBBPGFGJ_01994	fliM	Flagellar motor switch protein FliM	m	5mC	5-methylcytosine	21	0.02089552
NC_003197.2	CDS	2064532	2064946	+	414	EBBPGFGJ_01995	fliN	Flagellar motor switch protein FliN	m	5mC	5-methylcytosine	12	0.02898551
NC_003197.2	CDS	2064945	2065323	+	378	EBBPGFGJ_01996	fliO	Flagellar protein FliO	m	5mC	5-methylcytosine	24	0.06349206
NC_003197.2	CDS	2065322	2066060	+	738	EBBPGFGJ_01997	fliP	Flagellar biosynthetic protein FliP	m	5mC	5-methylcytosine	12	0.01626016
NC_003197.2	CDS	2066069	2066339	+	270	EBBPGFGJ_01998	fliQ	Flagellar biosynthetic protein FliQ	m	5mC	5-methylcytosine	4	0.01481481
NC_003197.2	CDS	2066347	2067142	+	795	EBBPGFGJ_01999	fliR	Flagellar biosynthetic protein FliR	m	5mC	5-methylcytosine	11	0.01383648
NC_003197.2	CDS	2067423	2068047	+	624	EBBPGFGJ_02000	rcsA_1	Transcriptional regulatory protein RcsA	m	5mC	5-methylcytosine	1	0.00160256
NC_003197.2	CDS	2068408	2068636	+	228	EBBPGFGJ_02002		hypothetical protein	m	5mC	5-methylcytosine	4	0.01754386
NC_003197.2	CDS	2068945	2069761	+	816	EBBPGFGJ_02003	yedP	Mannosyl-3-phosphoglycerate phosphatase	m	5mC	5-methylcytosine	16	0.01960784
NC_003197.2	CDS	2069739	2071452	-	1713	EBBPGFGJ_02004	dgcQ	Probable diguanylate cyclase DgcQ	m	5mC	5-methylcytosine	33	0.01926445
NC_003197.2	CDS	2071616	2071802	-	186	EBBPGFGJ_02005		hypothetical protein	m	5mC	5-methylcytosine	3	0.01612903
NC_003197.2	CDS	2071878	2072790	-	912	EBBPGFGJ_02006	yedI	Inner membrane protein YedI	m	5mC	5-methylcytosine	20	0.02192982
NC_003197.2	CDS	2072965	2073886	+	921	EBBPGFGJ_02007	yedA	Uncharacterized inner membrane transporter YedA	m	5mC	5-methylcytosine	24	0.02605863
NC_003197.2	CDS	2073874	2074345	-	471	EBBPGFGJ_02008	vsr	Very short patch repair protein	m	5mC	5-methylcytosine	13	0.02760085
NC_003197.2	CDS	2074325	2075756	-	1431	EBBPGFGJ_02009	dcm	DNA-cytosine methyltransferase	m	5mC	5-methylcytosine	20	0.01397624
NC_003197.2	CDS	2075829	2076525	-	696	EBBPGFGJ_02010	yedJ	Uncharacterized protein YedJ	m	5mC	5-methylcytosine	38	0.05459770
NC_003197.2	CDS	2076616	2076916	-	300	EBBPGFGJ_02011	yedR	Inner membrane protein YedR	m	5mC	5-methylcytosine	10	0.03333333
NC_003197.2	CDS	2077565	2078762	+	1197	EBBPGFGJ_02012	ompN_2	Outer membrane porin N	m	5mC	5-methylcytosine	22	0.01837928
NC_003197.2	CDS	2079221	2079434	-	213	EBBPGFGJ_02013	cspJ	Cold shock-like protein CspJ	m	5mC	5-methylcytosine	1	0.00469484
NC_003197.2	CDS	2079888	2081157	-	1269	EBBPGFGJ_02014	umuC_1	Protein UmuC	m	5mC	5-methylcytosine	39	0.03073286
NC_003197.2	CDS	2081159	2081579	-	420	EBBPGFGJ_02015	umuD_1	Protein UmuD	m	5mC	5-methylcytosine	4	0.00952381
NC_003197.2	tRNA	2082169	2082259	-	90	EBBPGFGJ_02016		tRNA-Ser(cga)	m	5mC	5-methylcytosine	2	0.02222222
NC_003197.2	CDS	2082347	2083145	+	798	EBBPGFGJ_02017	mtfA	Protein MtfA	m	5mC	5-methylcytosine	15	0.01879699
NC_003197.2	tRNA	2084215	2084291	+	76	EBBPGFGJ_02019		tRNA-Asn(gtt)	m	5mC	5-methylcytosine	1	0.01315789
NC_003197.2	CDS	2084454	2084928	+	474	EBBPGFGJ_02020		hypothetical protein	m	5mC	5-methylcytosine	20	0.04219409
NC_003197.2	CDS	2085402	2086101	+	699	EBBPGFGJ_02021		hypothetical protein	m	5mC	5-methylcytosine	35	0.05007153
NC_003197.2	CDS	2086443	2088612	+	2169	EBBPGFGJ_02022		hypothetical protein	m	5mC	5-methylcytosine	8	0.00368834
NC_003197.2	CDS	2088668	2090399	+	1731	EBBPGFGJ_02023		hypothetical protein	m	5mC	5-methylcytosine	12	0.00693241
NC_003197.2	CDS	2090608	2090782	+	174	EBBPGFGJ_02024		hypothetical protein	m	5mC	5-methylcytosine	5	0.02873563
NC_003197.2	CDS	2091303	2092758	-	1455	EBBPGFGJ_02025	amn	AMP nucleosidase	m	5mC	5-methylcytosine	47	0.03230241
NC_003197.2	CDS	2092953	2093280	-	327	EBBPGFGJ_02026		hypothetical protein	m	5mC	5-methylcytosine	1	0.00305810
NC_003197.2	CDS	2094373	2095798	-	1425	EBBPGFGJ_02028	yeeO	Probable FMN/FAD exporter YeeO	m	5mC	5-methylcytosine	20	0.01403509
NC_003197.2	CDS	2096292	2097222	-	930	EBBPGFGJ_02030	erfK	Probable L%2CD-transpeptidase ErfK/SrfK	m	5mC	5-methylcytosine	8	0.00860215
NC_003197.2	CDS	2097299	2098370	-	1071	EBBPGFGJ_02031	cobT	Nicotinate-nucleotide--dimethylbenzimidazole phosphoribosyltransferase	m	5mC	5-methylcytosine	30	0.02801120
NC_003197.2	CDS	2098396	2099140	-	744	EBBPGFGJ_02032	cobS	Adenosylcobinamide-GDP ribazoletransferase	m	5mC	5-methylcytosine	12	0.01612903
NC_003197.2	CDS	2099136	2099682	-	546	EBBPGFGJ_02033	cobU	Bifunctional adenosylcobalamin biosynthesis protein CobU	m	5mC	5-methylcytosine	3	0.00549451
NC_003197.2	CDS	2099678	2101199	-	1521	EBBPGFGJ_02034	cobQ	Cobyric acid synthase	m	5mC	5-methylcytosine	19	0.01249178
NC_003197.2	CDS	2101195	2102011	-	816	EBBPGFGJ_02035	cbiO	Cobalt import ATP-binding protein CbiO	m	5mC	5-methylcytosine	5	0.00612745
NC_003197.2	CDS	2102019	2102697	-	678	EBBPGFGJ_02036	cbiQ	Cobalt transport protein CbiQ	m	5mC	5-methylcytosine	2	0.00294985
NC_003197.2	CDS	2102683	2102965	-	282	EBBPGFGJ_02037	cbiN	Cobalt transport protein CbiN	m	5mC	5-methylcytosine	2	0.00709220
NC_003197.2	CDS	2102966	2103704	-	738	EBBPGFGJ_02038	cbiM	Cobalt transport protein CbiM	m	5mC	5-methylcytosine	7	0.00948509
NC_003197.2	CDS	2103700	2104414	-	714	EBBPGFGJ_02039	cbiL	Cobalt-precorrin-2 C(20)-methyltransferase	m	5mC	5-methylcytosine	26	0.03641457
NC_003197.2	CDS	2104410	2105205	-	795	EBBPGFGJ_02040	cbiK	Sirohydrochlorin cobaltochelatase	m	5mC	5-methylcytosine	27	0.03396226
NC_003197.2	CDS	2105207	2105999	-	792	EBBPGFGJ_02041	cbiJ	Cobalt-precorrin-6A reductase	m	5mC	5-methylcytosine	45	0.05681818
NC_003197.2	CDS	2105995	2106721	-	726	EBBPGFGJ_02042	cbiH	Probable cobalt-factor III C(17)-methyltransferase	m	5mC	5-methylcytosine	11	0.01515152
NC_003197.2	CDS	2106720	2107776	-	1056	EBBPGFGJ_02043	cbiG	Cobalt-precorrin-5A hydrolase	m	5mC	5-methylcytosine	17	0.01609848
NC_003197.2	CDS	2107756	2108530	-	774	EBBPGFGJ_02044	cbiF	Cobalt-precorrin-4 C(11)-methyltransferase	m	5mC	5-methylcytosine	18	0.02325581
NC_003197.2	CDS	2108513	2109092	-	579	EBBPGFGJ_02045	cbiT	Cobalt-precorrin-6B C(15)-methyltransferase (decarboxylating)	m	5mC	5-methylcytosine	5	0.00863558
NC_003197.2	CDS	2109081	2109687	-	606	EBBPGFGJ_02046	cbiE	Cobalt-precorrin-7 C(5)-methyltransferase	m	5mC	5-methylcytosine	2	0.00330033
NC_003197.2	CDS	2109680	2110820	-	1140	EBBPGFGJ_02047	cbiD	Cobalt-precorrin-5B C(1)-methyltransferase	m	5mC	5-methylcytosine	77	0.06754386
NC_003197.2	CDS	2110819	2111452	-	633	EBBPGFGJ_02048	cbiC	Cobalt-precorrin-8 methylmutase	m	5mC	5-methylcytosine	19	0.03001580
NC_003197.2	CDS	2111462	2112422	-	960	EBBPGFGJ_02049	cobD_2	Cobalamin biosynthesis protein CobD	m	5mC	5-methylcytosine	28	0.02916667
NC_003197.2	CDS	2112418	2113798	-	1380	EBBPGFGJ_02050	cbiA	Cobyrinate a%2Cc-diamide synthase	m	5mC	5-methylcytosine	43	0.03115942
NC_003197.2	CDS	2114395	2115307	-	912	EBBPGFGJ_02051	rhaS_2	HTH-type transcriptional activator RhaS	m	5mC	5-methylcytosine	1	0.00109649
NC_003197.2	CDS	2117123	2117936	+	813	EBBPGFGJ_02054	pduB	Propanediol utilization protein PduB	m	5mC	5-methylcytosine	60	0.07380074
NC_003197.2	CDS	2117954	2119619	+	1665	EBBPGFGJ_02055	pduC	Propanediol dehydratase large subunit	m	5mC	5-methylcytosine	41	0.02462462
NC_003197.2	CDS	2119629	2120304	+	675	EBBPGFGJ_02056	pduD	Propanediol dehydratase medium subunit	m	5mC	5-methylcytosine	12	0.01777778
NC_003197.2	CDS	2120318	2120840	+	522	EBBPGFGJ_02057	pduE	Propanediol dehydratase small subunit	m	5mC	5-methylcytosine	1	0.00191571
NC_003197.2	CDS	2120849	2122682	+	1833	EBBPGFGJ_02058	ddrA_3	Diol dehydratase-reactivating factor alpha subunit	m	5mC	5-methylcytosine	143	0.07801418
NC_003197.2	CDS	2122671	2123022	+	351	EBBPGFGJ_02059		hypothetical protein	m	5mC	5-methylcytosine	5	0.01424501
NC_003197.2	CDS	2123040	2123316	+	276	EBBPGFGJ_02060	pduA_2	Propanediol utilization protein PduA	m	5mC	5-methylcytosine	1	0.00362319
NC_003197.2	CDS	2123340	2123802	+	462	EBBPGFGJ_02061		hypothetical protein	m	5mC	5-methylcytosine	1	0.00216450
NC_003197.2	CDS	2123801	2124434	+	633	EBBPGFGJ_02062	pduL	Phosphate propanoyltransferase	m	5mC	5-methylcytosine	41	0.06477093
NC_003197.2	CDS	2124430	2124922	+	492	EBBPGFGJ_02063		hypothetical protein	m	5mC	5-methylcytosine	19	0.03861789
NC_003197.2	CDS	2124925	2125201	+	276	EBBPGFGJ_02064	ccmL	Carbon dioxide concentrating mechanism protein CcmL	m	5mC	5-methylcytosine	5	0.01811594
NC_003197.2	CDS	2125210	2126221	+	1011	EBBPGFGJ_02065		hypothetical protein	m	5mC	5-methylcytosine	23	0.02274975
NC_003197.2	CDS	2126217	2127612	+	1395	EBBPGFGJ_02066	adhE_2	Aldehyde-alcohol dehydrogenase	m	5mC	5-methylcytosine	35	0.02508961
NC_003197.2	CDS	2127623	2128736	+	1113	EBBPGFGJ_02067	adhE_3	Aldehyde-alcohol dehydrogenase	m	5mC	5-methylcytosine	72	0.06469003
NC_003197.2	CDS	2128732	2130088	+	1356	EBBPGFGJ_02068	rsxC_2	Ion-translocating oxidoreductase complex subunit C	m	5mC	5-methylcytosine	63	0.04646018
NC_003197.2	CDS	2130090	2130645	+	555	EBBPGFGJ_02069		hypothetical protein	m	5mC	5-methylcytosine	6	0.01081081
NC_003197.2	CDS	2130644	2130995	+	351	EBBPGFGJ_02070	pduU	Propanediol utilization protein PduU	m	5mC	5-methylcytosine	1	0.00284900
NC_003197.2	CDS	2130999	2131452	+	453	EBBPGFGJ_02071	pduV_1	Propanediol utilization protein PduV	m	5mC	5-methylcytosine	17	0.03752759
NC_003197.2	CDS	2131436	2132651	+	1215	EBBPGFGJ_02072	pduW	Probable propionate kinase	m	5mC	5-methylcytosine	3	0.00246914
NC_003197.2	CDS	2132708	2133611	+	903	EBBPGFGJ_02073	pduX	L-threonine kinase	m	5mC	5-methylcytosine	34	0.03765227
NC_003197.2	CDS	2133644	2133980	-	336	EBBPGFGJ_02074	yeeX	UPF0265 protein YeeX	m	5mC	5-methylcytosine	2	0.00595238
NC_003197.2	CDS	2134224	2135283	-	1059	EBBPGFGJ_02075	yeeA	Inner membrane protein YeeA	m	5mC	5-methylcytosine	6	0.00566572
NC_003197.2	CDS	2135401	2135869	-	468	EBBPGFGJ_02076	sbmC	DNA gyrase inhibitor	m	5mC	5-methylcytosine	16	0.03418803
NC_003197.2	CDS	2136021	2137188	-	1167	EBBPGFGJ_02077	dacD	D-alanyl-D-alanine carboxypeptidase DacD	m	5mC	5-methylcytosine	29	0.02485004
NC_003197.2	CDS	2137317	2138082	-	765	EBBPGFGJ_02078	phsC	Thiosulfate reductase cytochrome B subunit PhsC	m	5mC	5-methylcytosine	2	0.00261438
NC_003197.2	CDS	2138078	2138657	-	579	EBBPGFGJ_02079	phsB	Thiosulfate reductase electron transfer subunit PhsB	m	5mC	5-methylcytosine	25	0.04317789
NC_003197.2	CDS	2138671	2140948	-	2277	EBBPGFGJ_02080	phsA	Thiosulfate reductase molybdopterin-containing subunit PhsA	m	5mC	5-methylcytosine	33	0.01449275
NC_003197.2	CDS	2141566	2143915	+	2349	EBBPGFGJ_02081	sopA	E3 ubiquitin-protein ligase SopA	m	5mC	5-methylcytosine	23	0.00979140
NC_003197.2	CDS	2144257	2145688	+	1431	EBBPGFGJ_02082	sbcB	Exodeoxyribonuclease I	m	5mC	5-methylcytosine	53	0.03703704
NC_003197.2	CDS	2145823	2147182	-	1359	EBBPGFGJ_02083	plaP	Low-affinity putrescine importer PlaP	m	5mC	5-methylcytosine	12	0.00883002
NC_003197.2	CDS	2147467	2148382	-	915	EBBPGFGJ_02084	yhaJ_1	HTH-type transcriptional regulator YhaJ	m	5mC	5-methylcytosine	9	0.00983607
NC_003197.2	CDS	2148427	2149252	-	825	EBBPGFGJ_02085	yeeZ	Protein YeeZ	m	5mC	5-methylcytosine	12	0.01454545
NC_003197.2	CDS	2149611	2150511	+	900	EBBPGFGJ_02086	hisG	ATP phosphoribosyltransferase	m	5mC	5-methylcytosine	12	0.01333333
NC_003197.2	CDS	2150613	2151918	+	1305	EBBPGFGJ_02087	hisD	Histidinol dehydrogenase	m	5mC	5-methylcytosine	38	0.02911877
NC_003197.2	CDS	2151914	2152994	+	1080	EBBPGFGJ_02088	hisC	Histidinol-phosphate aminotransferase	m	5mC	5-methylcytosine	5	0.00462963
NC_003197.2	CDS	2152990	2154058	+	1068	EBBPGFGJ_02089	hisB	Histidine biosynthesis bifunctional protein HisB	m	5mC	5-methylcytosine	11	0.01029963
NC_003197.2	CDS	2154057	2154648	+	591	EBBPGFGJ_02090	hisH	Imidazole glycerol phosphate synthase subunit HisH	m	5mC	5-methylcytosine	6	0.01015228
NC_003197.2	CDS	2154647	2155385	+	738	EBBPGFGJ_02091	hisA	1-(5-phosphoribosyl)-5-[(5-phosphoribosylamino)methylideneamino] imidazole-4-carboxamide isomerase	m	5mC	5-methylcytosine	17	0.02303523
NC_003197.2	CDS	2155366	2156143	+	777	EBBPGFGJ_02092	hisF	Imidazole glycerol phosphate synthase subunit HisF	m	5mC	5-methylcytosine	11	0.01415701
NC_003197.2	CDS	2156136	2156748	+	612	EBBPGFGJ_02093	hisI	Histidine biosynthesis bifunctional protein HisIE	m	5mC	5-methylcytosine	3	0.00490196
NC_003197.2	CDS	2156828	2157812	-	984	EBBPGFGJ_02094	wzzB	Chain length determinant protein	m	5mC	5-methylcytosine	7	0.00711382
NC_003197.2	CDS	2157954	2159121	-	1167	EBBPGFGJ_02095	ugd	UDP-glucose 6-dehydrogenase	m	5mC	5-methylcytosine	6	0.00514139
NC_003197.2	CDS	2159357	2160764	-	1407	EBBPGFGJ_02096	gnd	6-phosphogluconate dehydrogenase%2C decarboxylating	m	5mC	5-methylcytosine	27	0.01918977
NC_003197.2	CDS	2160927	2162358	-	1431	EBBPGFGJ_02097		hypothetical protein	m	5mC	5-methylcytosine	14	0.00978337
NC_003197.2	CDS	2162429	2163863	-	1434	EBBPGFGJ_02098	glmM_1	Phosphoglucosamine mutase	m	5mC	5-methylcytosine	9	0.00627615
NC_003197.2	CDS	2163849	2165289	-	1440	EBBPGFGJ_02099	rfbM	Mannose-1-phosphate guanylyltransferase RfbM	m	5mC	5-methylcytosine	12	0.00833333
NC_003197.2	CDS	2165289	2166234	-	945	EBBPGFGJ_02100		hypothetical protein	m	5mC	5-methylcytosine	23	0.02433862
NC_003197.2	CDS	2166234	2167296	-	1062	EBBPGFGJ_02101	mshA_1	D-inositol-3-phosphate glycosyltransferase	m	5mC	5-methylcytosine	8	0.00753296
NC_003197.2	CDS	2167615	2168617	-	1002	EBBPGFGJ_02102	rfbV	Abequosyltransferase RfbV	m	5mC	5-methylcytosine	9	0.00898204
NC_003197.2	CDS	2168621	2169527	-	906	EBBPGFGJ_02103		hypothetical protein	m	5mC	5-methylcytosine	6	0.00662252
NC_003197.2	CDS	2169995	2170895	-	900	EBBPGFGJ_02104	rfbJ	CDP-abequose synthase	m	5mC	5-methylcytosine	7	0.00777778
NC_003197.2	CDS	2170922	2172236	-	1314	EBBPGFGJ_02105	spnQ	dTDP-4-dehydro-2%2C6-dideoxy-D-glucose 3-dehydratase	m	5mC	5-methylcytosine	17	0.01293760
NC_003197.2	CDS	2172262	2173342	-	1080	EBBPGFGJ_02106	rfbG	CDP-glucose 4%2C6-dehydratase	m	5mC	5-methylcytosine	8	0.00740741
NC_003197.2	CDS	2173346	2174120	-	774	EBBPGFGJ_02107	rfbF	Glucose-1-phosphate cytidylyltransferase	m	5mC	5-methylcytosine	16	0.02067183
NC_003197.2	CDS	2174116	2175109	-	993	EBBPGFGJ_02108	ascD	CDP-6-deoxy-L-threo-D-glycero-4-hexulose-3-dehydrase reductase	m	5mC	5-methylcytosine	8	0.00805639
NC_003197.2	CDS	2175666	2176545	-	879	EBBPGFGJ_02110	rmlA	Glucose-1-phosphate thymidylyltransferase	m	5mC	5-methylcytosine	6	0.00682594
NC_003197.2	CDS	2176592	2177492	-	900	EBBPGFGJ_02111	rfbD_2	dTDP-4-dehydrorhamnose reductase	m	5mC	5-methylcytosine	17	0.01888889
NC_003197.2	CDS	2177491	2178577	-	1086	EBBPGFGJ_02112	rfbB	dTDP-glucose 4%2C6-dehydratase	m	5mC	5-methylcytosine	3	0.00276243
NC_003197.2	CDS	2178953	2179847	-	894	EBBPGFGJ_02113	galF	UTP--glucose-1-phosphate uridylyltransferase	m	5mC	5-methylcytosine	17	0.01901566
NC_003197.2	CDS	2180024	2181428	-	1404	EBBPGFGJ_02114		hypothetical protein	m	5mC	5-methylcytosine	16	0.01139601
NC_003197.2	CDS	2181438	2182659	-	1221	EBBPGFGJ_02115	mshA_2	D-inositol-3-phosphate glycosyltransferase	m	5mC	5-methylcytosine	45	0.03685504
NC_003197.2	CDS	2182655	2183936	-	1281	EBBPGFGJ_02116		hypothetical protein	m	5mC	5-methylcytosine	44	0.03434817
NC_003197.2	CDS	2183957	2185436	-	1479	EBBPGFGJ_02117	wzxC	Lipopolysaccharide biosynthesis protein WzxC	m	5mC	5-methylcytosine	6	0.00405680
NC_003197.2	CDS	2185568	2186963	-	1395	EBBPGFGJ_02118	wcaJ	UDP-glucose:undecaprenyl-phosphate glucose-1-phosphate transferase	m	5mC	5-methylcytosine	7	0.00501792
NC_003197.2	CDS	2187016	2188387	-	1371	EBBPGFGJ_02119	algC	Phosphomannomutase/phosphoglucomutase	m	5mC	5-methylcytosine	62	0.04522247
NC_003197.2	CDS	2188497	2189934	-	1437	EBBPGFGJ_02120	manC1	Mannose-1-phosphate guanylyltransferase 1	m	5mC	5-methylcytosine	66	0.04592902
NC_003197.2	CDS	2189936	2191160	-	1224	EBBPGFGJ_02121		hypothetical protein	m	5mC	5-methylcytosine	22	0.01797386
NC_003197.2	CDS	2191156	2191630	-	474	EBBPGFGJ_02122	gmm	GDP-mannose mannosyl hydrolase	m	5mC	5-methylcytosine	16	0.03375527
NC_003197.2	CDS	2191632	2192598	-	966	EBBPGFGJ_02123	fcl	GDP-L-fucose synthase	m	5mC	5-methylcytosine	48	0.04968944
NC_003197.2	CDS	2192600	2193722	-	1122	EBBPGFGJ_02124	gmd	GDP-mannose 4%2C6-dehydratase	m	5mC	5-methylcytosine	13	0.01158645
NC_003197.2	CDS	2193745	2194300	-	555	EBBPGFGJ_02125		hypothetical protein	m	5mC	5-methylcytosine	1	0.00180180
NC_003197.2	CDS	2194315	2195062	-	747	EBBPGFGJ_02126		hypothetical protein	m	5mC	5-methylcytosine	1	0.00133869
NC_003197.2	CDS	2195074	2196289	-	1215	EBBPGFGJ_02127		hypothetical protein	m	5mC	5-methylcytosine	4	0.00329218
NC_003197.2	CDS	2196263	2197481	-	1218	EBBPGFGJ_02128		hypothetical protein	m	5mC	5-methylcytosine	70	0.05747126
NC_003197.2	CDS	2197477	2197966	-	489	EBBPGFGJ_02129	cysE_1	Serine acetyltransferase	m	5mC	5-methylcytosine	6	0.01226994
NC_003197.2	CDS	2197968	2198880	-	912	EBBPGFGJ_02130		hypothetical protein	m	5mC	5-methylcytosine	7	0.00767544
NC_003197.2	CDS	2198897	2201057	-	2160	EBBPGFGJ_02131	wzc	Tyrosine-protein kinase wzc	m	5mC	5-methylcytosine	19	0.00879630
NC_003197.2	CDS	2201053	2201503	-	450	EBBPGFGJ_02132	wzb	Low molecular weight protein-tyrosine-phosphatase Wzb	m	5mC	5-methylcytosine	6	0.01333333
NC_003197.2	CDS	2201508	2202648	-	1140	EBBPGFGJ_02133		hypothetical protein	m	5mC	5-methylcytosine	20	0.01754386
NC_003197.2	CDS	2203322	2204903	+	1581	EBBPGFGJ_02134	yoaE_2	UPF0053 inner membrane protein YoaE	m	5mC	5-methylcytosine	32	0.02024035
NC_003197.2	CDS	2204988	2206845	-	1857	EBBPGFGJ_02135		hypothetical protein	m	5mC	5-methylcytosine	42	0.02261712
NC_003197.2	CDS	2206883	2207465	-	582	EBBPGFGJ_02136	dcd	dCTP deaminase	m	5mC	5-methylcytosine	19	0.03264605
NC_003197.2	CDS	2207555	2208197	-	642	EBBPGFGJ_02137	udk	Uridine kinase	m	5mC	5-methylcytosine	1	0.00155763
NC_003197.2	CDS	2208527	2211518	+	2991	EBBPGFGJ_02138		hypothetical protein	m	5mC	5-methylcytosine	38	0.01270478
NC_003197.2	CDS	2211485	2212355	-	870	EBBPGFGJ_02139	alkA	DNA-3-methyladenine glycosylase 2	m	5mC	5-methylcytosine	38	0.04367816
NC_003197.2	CDS	2212488	2213841	+	1353	EBBPGFGJ_02140	dnaK_2	Chaperone protein DnaK	m	5mC	5-methylcytosine	92	0.06799704
NC_003197.2	CDS	2214281	2215523	+	1242	EBBPGFGJ_02142	mdtA	Multidrug resistance protein MdtA	m	5mC	5-methylcytosine	26	0.02093398
NC_003197.2	CDS	2215522	2218645	+	3123	EBBPGFGJ_02143	mdtB	Multidrug resistance protein MdtB	m	5mC	5-methylcytosine	148	0.04739033
NC_003197.2	CDS	2218645	2221726	+	3081	EBBPGFGJ_02144	mdtC	Multidrug resistance protein MdtC	m	5mC	5-methylcytosine	32	0.01038624
NC_003197.2	CDS	2221722	2223135	+	1413	EBBPGFGJ_02145	mdtD	Putative multidrug resistance protein MdtD	m	5mC	5-methylcytosine	8	0.00566171
NC_003197.2	CDS	2223134	2224538	+	1404	EBBPGFGJ_02146	baeS	Signal transduction histidine-protein kinase BaeS	m	5mC	5-methylcytosine	64	0.04558405
NC_003197.2	CDS	2224534	2225257	+	723	EBBPGFGJ_02147	baeR	Transcriptional regulatory protein BaeR	m	5mC	5-methylcytosine	9	0.01244813
NC_003197.2	CDS	2225525	2226728	+	1203	EBBPGFGJ_02148		hypothetical protein	m	5mC	5-methylcytosine	5	0.00415628
NC_003197.2	CDS	2226727	2227444	+	717	EBBPGFGJ_02149		hypothetical protein	m	5mC	5-methylcytosine	33	0.04602510
NC_003197.2	CDS	2227454	2229566	+	2112	EBBPGFGJ_02150		hypothetical protein	m	5mC	5-methylcytosine	94	0.04450758
NC_003197.2	CDS	2229681	2231043	+	1362	EBBPGFGJ_02151	rlhA_2	23S rRNA 5-hydroxycytidine C2501 synthase	m	5mC	5-methylcytosine	66	0.04845815
NC_003197.2	CDS	2231532	2232540	+	1008	EBBPGFGJ_02152		hypothetical protein	m	5mC	5-methylcytosine	6	0.00595238
NC_003197.2	CDS	2233113	2233449	-	336	EBBPGFGJ_02154		hypothetical protein	m	5mC	5-methylcytosine	4	0.01190476
NC_003197.2	CDS	2234010	2234910	+	900	EBBPGFGJ_02155	yegS	Probable lipid kinase YegS	m	5mC	5-methylcytosine	47	0.05222222
NC_003197.2	CDS	2234962	2236015	-	1053	EBBPGFGJ_02156	fbaB	Fructose-bisphosphate aldolase class 1	m	5mC	5-methylcytosine	19	0.01804368
NC_003197.2	CDS	2236268	2237540	+	1272	EBBPGFGJ_02157	yegT	Putative nucleoside transporter YegT	m	5mC	5-methylcytosine	25	0.01965409
NC_003197.2	CDS	2237536	2238541	+	1005	EBBPGFGJ_02158	draG	ADP-ribosyl-[dinitrogen reductase] glycohydrolase	m	5mC	5-methylcytosine	83	0.08258706
NC_003197.2	CDS	2238537	2239503	+	966	EBBPGFGJ_02159	iolC_1	5-dehydro-2-deoxygluconokinase	m	5mC	5-methylcytosine	103	0.10662526
NC_003197.2	CDS	2239476	2240223	-	747	EBBPGFGJ_02160	frlR	Probable fructoselysine utilization operon transcriptional repressor	m	5mC	5-methylcytosine	24	0.03212851
NC_003197.2	CDS	2240258	2241059	-	801	EBBPGFGJ_02161	thiD	Hydroxymethylpyrimidine/phosphomethylpyrimidine kinase	m	5mC	5-methylcytosine	60	0.07490637
NC_003197.2	CDS	2241045	2241843	-	798	EBBPGFGJ_02162	thiM	Hydroxyethylthiazole kinase	m	5mC	5-methylcytosine	55	0.06892231
NC_003197.2	CDS	2242829	2243837	-	1008	EBBPGFGJ_02164	yehA	Uncharacterized fimbrial-like protein YehA	m	5mC	5-methylcytosine	2	0.00198413
NC_003197.2	CDS	2243852	2246342	-	2490	EBBPGFGJ_02165	yehB	Outer membrane usher protein YehB	m	5mC	5-methylcytosine	16	0.00642570
NC_003197.2	CDS	2246355	2247039	-	684	EBBPGFGJ_02166	yehC	Probable fimbrial chaperone YehC	m	5mC	5-methylcytosine	5	0.00730994
NC_003197.2	CDS	2247903	2248185	-	282	EBBPGFGJ_02168		hypothetical protein	m	5mC	5-methylcytosine	1	0.00354610
NC_003197.2	CDS	2248462	2249572	-	1110	EBBPGFGJ_02169	apbC	Iron-sulfur cluster carrier protein	m	5mC	5-methylcytosine	65	0.05855856
NC_003197.2	CDS	2249736	2251770	+	2034	EBBPGFGJ_02170	metG	Methionine--tRNA ligase	m	5mC	5-methylcytosine	66	0.03244838
NC_003197.2	CDS	2252010	2252469	+	459	EBBPGFGJ_02171	yehR	Uncharacterized lipoprotein YehR	m	5mC	5-methylcytosine	4	0.00871460
NC_003197.2	CDS	2252640	2253171	+	531	EBBPGFGJ_02172		hypothetical protein	m	5mC	5-methylcytosine	2	0.00376648
NC_003197.2	CDS	2253227	2253695	-	468	EBBPGFGJ_02173		hypothetical protein	m	5mC	5-methylcytosine	5	0.01068376
NC_003197.2	CDS	2253741	2254461	-	720	EBBPGFGJ_02174	btsR	Transcriptional regulatory protein BtsR	m	5mC	5-methylcytosine	3	0.00416667
NC_003197.2	CDS	2254457	2256143	-	1686	EBBPGFGJ_02175	btsS	Sensor histidine kinase BtsS	m	5mC	5-methylcytosine	18	0.01067616
NC_003197.2	CDS	2256365	2257097	+	732	EBBPGFGJ_02176	mlrA_2	HTH-type transcriptional regulator MlrA	m	5mC	5-methylcytosine	19	0.02595628
NC_003197.2	CDS	2257244	2257976	-	732	EBBPGFGJ_02178	yehW	Glycine betaine uptake system permease protein YehW	m	5mC	5-methylcytosine	38	0.05191257
NC_003197.2	CDS	2257959	2258907	-	948	EBBPGFGJ_02179	yehX	Glycine betaine uptake system ATP-binding protein YehX	m	5mC	5-methylcytosine	57	0.06012658
NC_003197.2	CDS	2258899	2260069	-	1170	EBBPGFGJ_02180	yehY	Glycine betaine uptake system permease protein YehY	m	5mC	5-methylcytosine	18	0.01538462
NC_003197.2	CDS	2260072	2260990	-	918	EBBPGFGJ_02181	yehZ	Glycine betaine-binding protein YehZ	m	5mC	5-methylcytosine	26	0.02832244
NC_003197.2	CDS	2261170	2263468	-	2298	EBBPGFGJ_02182		Beta-xylosidase	m	5mC	5-methylcytosine	27	0.01174935
NC_003197.2	CDS	2263734	2265465	+	1731	EBBPGFGJ_02183	dld	Quinone-dependent D-lactate dehydrogenase	m	5mC	5-methylcytosine	31	0.01790872
NC_003197.2	CDS	2265522	2266431	-	909	EBBPGFGJ_02184	pbpG	D-alanyl-D-alanine endopeptidase	m	5mC	5-methylcytosine	24	0.02640264
NC_003197.2	CDS	2266635	2267223	-	588	EBBPGFGJ_02185	yohC	Inner membrane protein YohC	m	5mC	5-methylcytosine	5	0.00850340
NC_003197.2	CDS	2267381	2267951	+	570	EBBPGFGJ_02186	yohD	Inner membrane protein YohD	m	5mC	5-methylcytosine	16	0.02807018
NC_003197.2	CDS	2267999	2268761	-	762	EBBPGFGJ_02187	yohF	Uncharacterized oxidoreductase YohF	m	5mC	5-methylcytosine	31	0.04068241
NC_003197.2	CDS	2268826	2270263	-	1437	EBBPGFGJ_02188	ttgI	Toluene efflux pump outer membrane protein TtgI	m	5mC	5-methylcytosine	15	0.01043841
NC_003197.2	CDS	2270721	2271660	-	939	EBBPGFGJ_02189	dusC	tRNA-dihydrouridine(16) synthase	m	5mC	5-methylcytosine	14	0.01490948
NC_003197.2	CDS	2271768	2272962	-	1194	EBBPGFGJ_02190	mhbM	3-hydroxybenzoate 6-hydroxylase	m	5mC	5-methylcytosine	96	0.08040201
NC_003197.2	CDS	2272976	2273621	-	645	EBBPGFGJ_02191	nagL	Maleylpyruvate isomerase	m	5mC	5-methylcytosine	25	0.03875969
NC_003197.2	CDS	2273629	2274331	-	702	EBBPGFGJ_02192	nagK_2	Fumarylpyruvate hydrolase	m	5mC	5-methylcytosine	3	0.00427350
NC_003197.2	CDS	2274346	2275384	-	1038	EBBPGFGJ_02193	nagI	Gentisate 1%2C2-dioxygenase	m	5mC	5-methylcytosine	14	0.01348748
NC_003197.2	CDS	2275395	2276754	-	1359	EBBPGFGJ_02194	mhbT	3-hydroxybenzoate transporter MhbT	m	5mC	5-methylcytosine	22	0.01618837
NC_003197.2	CDS	2276879	2277788	+	909	EBBPGFGJ_02195	gbpR_2	HTH-type transcriptional regulator GbpR	m	5mC	5-methylcytosine	14	0.01540154
NC_003197.2	CDS	2277919	2278318	+	399	EBBPGFGJ_02196	yohJ	UPF0299 membrane protein YohJ	m	5mC	5-methylcytosine	1	0.00250627
NC_003197.2	CDS	2278314	2279010	+	696	EBBPGFGJ_02197	yohK_1	Inner membrane protein YohK	m	5mC	5-methylcytosine	23	0.03304598
NC_003197.2	CDS	2279163	2280048	+	885	EBBPGFGJ_02198	cdd	Cytidine deaminase	m	5mC	5-methylcytosine	85	0.09604520
NC_003197.2	CDS	2280224	2280944	+	720	EBBPGFGJ_02199		hypothetical protein	m	5mC	5-methylcytosine	5	0.00694444
NC_003197.2	CDS	2280946	2281186	+	240	EBBPGFGJ_02200		hypothetical protein	m	5mC	5-methylcytosine	2	0.00833333
NC_003197.2	CDS	2281390	2282632	+	1242	EBBPGFGJ_02201	preT	NAD-dependent dihydropyrimidine dehydrogenase subunit PreT	m	5mC	5-methylcytosine	14	0.01127214
NC_003197.2	CDS	2282625	2283861	+	1236	EBBPGFGJ_02202	preA	NAD-dependent dihydropyrimidine dehydrogenase subunit PreA	m	5mC	5-methylcytosine	41	0.03317152
NC_003197.2	CDS	2283935	2284946	-	1011	EBBPGFGJ_02203	mglC	Galactoside transport system permease protein MglC	m	5mC	5-methylcytosine	5	0.00494560
NC_003197.2	CDS	2284961	2286482	-	1521	EBBPGFGJ_02204	mglA	Galactose/methyl galactoside import ATP-binding protein MglA	m	5mC	5-methylcytosine	10	0.00657462
NC_003197.2	CDS	2286615	2287614	-	999	EBBPGFGJ_02205	mglB	D-galactose-binding periplasmic protein	m	5mC	5-methylcytosine	18	0.01801802
NC_003197.2	CDS	2288112	2289135	-	1023	EBBPGFGJ_02206	galS_2	HTH-type transcriptional regulator GalS	m	5mC	5-methylcytosine	27	0.02639296
NC_003197.2	CDS	2289284	2290445	-	1161	EBBPGFGJ_02207		hypothetical protein	m	5mC	5-methylcytosine	25	0.02153316
NC_003197.2	CDS	2290441	2291110	-	669	EBBPGFGJ_02208	folE	GTP cyclohydrolase 1	m	5mC	5-methylcytosine	10	0.01494768
NC_003197.2	CDS	2291439	2292297	+	858	EBBPGFGJ_02209	yeiG	S-formylglutathione hydrolase YeiG	m	5mC	5-methylcytosine	17	0.01981352
NC_003197.2	CDS	2292285	2292675	-	390	EBBPGFGJ_02210		hypothetical protein	m	5mC	5-methylcytosine	20	0.05128205
NC_003197.2	CDS	2292679	2294047	-	1368	EBBPGFGJ_02211	sdaA_2	L-serine dehydratase 1	m	5mC	5-methylcytosine	45	0.03289474
NC_003197.2	CDS	2294263	2295151	+	888	EBBPGFGJ_02212		hypothetical protein	m	5mC	5-methylcytosine	4	0.00450450
NC_003197.2	CDS	2295183	2296506	+	1323	EBBPGFGJ_02213	uhpC_1	Membrane sensor protein UhpC	m	5mC	5-methylcytosine	12	0.00907029
NC_003197.2	CDS	2296549	2298541	-	1992	EBBPGFGJ_02214	cirA	Colicin I receptor	m	5mC	5-methylcytosine	42	0.02108434
NC_003197.2	CDS	2298886	2300356	-	1470	EBBPGFGJ_02215	lysP	Lysine-specific permease	m	5mC	5-methylcytosine	6	0.00408163
NC_003197.2	CDS	2300545	2301409	-	864	EBBPGFGJ_02216	cmpR	HTH-type transcriptional activator CmpR	m	5mC	5-methylcytosine	11	0.01273148
NC_003197.2	CDS	2301529	2302579	+	1050	EBBPGFGJ_02217	yeiH	UPF0324 inner membrane protein YeiH	m	5mC	5-methylcytosine	27	0.02571429
NC_003197.2	CDS	2302657	2303515	+	858	EBBPGFGJ_02218	nfo	Endonuclease 4	m	5mC	5-methylcytosine	5	0.00582751
NC_003197.2	CDS	2303579	2305268	-	1689	EBBPGFGJ_02219	fruA_1	PTS system fructose-specific EIIB'BC component	m	5mC	5-methylcytosine	36	0.02131439
NC_003197.2	CDS	2305284	2306223	-	939	EBBPGFGJ_02220	lacC_1	Tagatose-6-phosphate kinase	m	5mC	5-methylcytosine	23	0.02449414
NC_003197.2	CDS	2306222	2307353	-	1131	EBBPGFGJ_02221	fruB	Multiphosphoryl transfer protein	m	5mC	5-methylcytosine	76	0.06719717
NC_003197.2	CDS	2307420	2307528	-	108	EBBPGFGJ_02222		hypothetical protein	m	5mC	5-methylcytosine	1	0.00925926
NC_003197.2	CDS	2307721	2308903	+	1182	EBBPGFGJ_02223	setB	Sugar efflux transporter B	m	5mC	5-methylcytosine	36	0.03045685
NC_003197.2	CDS	2308967	2309633	-	666	EBBPGFGJ_02224		hypothetical protein	m	5mC	5-methylcytosine	2	0.00300300
NC_003197.2	CDS	2310722	2311295	+	573	EBBPGFGJ_02226	yeiP	Elongation factor P-like protein	m	5mC	5-methylcytosine	24	0.04188482
NC_003197.2	CDS	2311507	2312494	+	987	EBBPGFGJ_02227	yeiR	Zinc-binding GTPase YeiR	m	5mC	5-methylcytosine	45	0.04559271
NC_003197.2	CDS	2312523	2313243	+	720	EBBPGFGJ_02228	lpxT	Lipid A 1-diphosphate synthase	m	5mC	5-methylcytosine	10	0.01388889
NC_003197.2	CDS	2313656	2314229	+	573	EBBPGFGJ_02229	mepS_2	Murein DD-endopeptidase MepS/Murein LD-carboxypeptidase	m	5mC	5-methylcytosine	5	0.00872600
NC_003197.2	CDS	2314554	2316111	+	1557	EBBPGFGJ_02230	pdeN_2	Probable cyclic di-GMP phosphodiesterase PdeN	m	5mC	5-methylcytosine	28	0.01798330
NC_003197.2	CDS	2316217	2318023	+	1806	EBBPGFGJ_02231		hypothetical protein	m	5mC	5-methylcytosine	15	0.00830565
NC_003197.2	CDS	2318032	2319127	+	1095	EBBPGFGJ_02232	yejB	Inner membrane ABC transporter permease protein YejB	m	5mC	5-methylcytosine	22	0.02009132
NC_003197.2	CDS	2319126	2320152	+	1026	EBBPGFGJ_02233	yejE	Inner membrane ABC transporter permease protein YejE	m	5mC	5-methylcytosine	4	0.00389864
NC_003197.2	CDS	2320153	2321743	+	1590	EBBPGFGJ_02234	yejF	Uncharacterized ABC transporter ATP-binding protein YejF	m	5mC	5-methylcytosine	50	0.03144654
NC_003197.2	CDS	2321746	2322091	-	345	EBBPGFGJ_02235	yejG	Uncharacterized protein YejG	m	5mC	5-methylcytosine	6	0.01739130
NC_003197.2	CDS	2322481	2323672	-	1191	EBBPGFGJ_02236	bcr	Bicyclomycin resistance protein	m	5mC	5-methylcytosine	16	0.01343409
NC_003197.2	CDS	2323699	2324395	-	696	EBBPGFGJ_02237	rsuA	Ribosomal small subunit pseudouridine synthase A	m	5mC	5-methylcytosine	7	0.01005747
NC_003197.2	CDS	2324546	2326307	+	1761	EBBPGFGJ_02238	radD	Putative DNA repair helicase RadD	m	5mC	5-methylcytosine	125	0.07098240
NC_003197.2	CDS	2326431	2326716	+	285	EBBPGFGJ_02239	rplY	50S ribosomal protein L25	m	5mC	5-methylcytosine	5	0.01754386
NC_003197.2	CDS	2326824	2327445	-	621	EBBPGFGJ_02240		hypothetical protein	m	5mC	5-methylcytosine	2	0.00322061
NC_003197.2	CDS	2327472	2328480	-	1008	EBBPGFGJ_02241	yejK	Nucleoid-associated protein YejK	m	5mC	5-methylcytosine	47	0.04662698
NC_003197.2	CDS	2328659	2328887	+	228	EBBPGFGJ_02242	yejL	UPF0352 protein YejL	m	5mC	5-methylcytosine	7	0.03070175
NC_003197.2	CDS	2328918	2330679	+	1761	EBBPGFGJ_02243	yejM	Inner membrane protein YejM	m	5mC	5-methylcytosine	45	0.02555366
NC_003197.2	tRNA	2330752	2330829	+	77	EBBPGFGJ_02244		tRNA-Pro(ggg)	m	5mC	5-methylcytosine	6	0.07792208
NC_003197.2	CDS	2330959	2331631	-	672	EBBPGFGJ_02245		hypothetical protein	m	5mC	5-methylcytosine	6	0.00892857
NC_003197.2	CDS	2332128	2333958	+	1830	EBBPGFGJ_02246		hypothetical protein	m	5mC	5-methylcytosine	10	0.00546448
NC_003197.2	CDS	2334011	2334455	-	444	EBBPGFGJ_02247		hypothetical protein	m	5mC	5-methylcytosine	3	0.00675676
NC_003197.2	CDS	2334832	2335360	-	528	EBBPGFGJ_02248		hypothetical protein	m	5mC	5-methylcytosine	9	0.01704545
NC_003197.2	CDS	2335362	2336604	-	1242	EBBPGFGJ_02249		hypothetical protein	m	5mC	5-methylcytosine	14	0.01127214
NC_003197.2	CDS	2336664	2337183	-	519	EBBPGFGJ_02250		hypothetical protein	m	5mC	5-methylcytosine	23	0.04431599
NC_003197.2	CDS	2337196	2337526	-	330	EBBPGFGJ_02251		hypothetical protein	m	5mC	5-methylcytosine	8	0.02424242
NC_003197.2	CDS	2337822	2339154	+	1332	EBBPGFGJ_02252		hypothetical protein	m	5mC	5-methylcytosine	7	0.00525526
NC_003197.2	CDS	2339182	2339548	-	366	EBBPGFGJ_02253		hypothetical protein	m	5mC	5-methylcytosine	1	0.00273224
NC_003197.2	CDS	2339565	2340555	-	990	EBBPGFGJ_02254		hypothetical protein	m	5mC	5-methylcytosine	49	0.04949495
NC_003197.2	CDS	2340562	2340793	-	231	EBBPGFGJ_02255		hypothetical protein	m	5mC	5-methylcytosine	7	0.03030303
NC_003197.2	CDS	2340782	2340884	-	102	EBBPGFGJ_02256		hypothetical protein	m	5mC	5-methylcytosine	2	0.01960784
NC_003197.2	CDS	2340883	2343250	-	2367	EBBPGFGJ_02257	sspH2	E3 ubiquitin-protein ligase SspH2	m	5mC	5-methylcytosine	47	0.01985636
NC_003197.2	CDS	2343918	2344710	-	792	EBBPGFGJ_02258		hypothetical protein	m	5mC	5-methylcytosine	34	0.04292929
NC_003197.2	CDS	2344838	2345216	+	378	EBBPGFGJ_02259		hypothetical protein	m	5mC	5-methylcytosine	13	0.03439153
NC_003197.2	CDS	2345407	2345965	-	558	EBBPGFGJ_02260		hypothetical protein	m	5mC	5-methylcytosine	3	0.00537634
NC_003197.2	CDS	2346700	2347348	+	648	EBBPGFGJ_02261	narL_2	Nitrate/nitrite response regulator protein NarL	m	5mC	5-methylcytosine	12	0.01851852
NC_003197.2	CDS	2347391	2348435	-	1044	EBBPGFGJ_02262	ccmH_1	Cytochrome c-type biogenesis protein CcmH	m	5mC	5-methylcytosine	85	0.08141762
NC_003197.2	CDS	2348431	2348989	-	558	EBBPGFGJ_02263	dsbE_1	Thiol:disulfide interchange protein DsbE	m	5mC	5-methylcytosine	4	0.00716846
NC_003197.2	CDS	2348985	2350917	-	1932	EBBPGFGJ_02264	ccmF_1	Cytochrome c-type biogenesis protein CcmF	m	5mC	5-methylcytosine	124	0.06418219
NC_003197.2	CDS	2350913	2351393	-	480	EBBPGFGJ_02265	ccmE_1	Cytochrome c-type biogenesis protein CcmE	m	5mC	5-methylcytosine	29	0.06041667
NC_003197.2	CDS	2351389	2351563	-	174	EBBPGFGJ_02266	ccmD_1	Heme exporter protein D	m	5mC	5-methylcytosine	6	0.03448276
NC_003197.2	CDS	2351598	2352345	-	747	EBBPGFGJ_02267	ccmC_1	Heme exporter protein C	m	5mC	5-methylcytosine	59	0.07898260
NC_003197.2	CDS	2352387	2353044	-	657	EBBPGFGJ_02268	ccmB_1	Heme exporter protein B	m	5mC	5-methylcytosine	18	0.02739726
NC_003197.2	CDS	2353043	2353661	-	618	EBBPGFGJ_02269	ccmA_1	Cytochrome c biogenesis ATP-binding export protein CcmA	m	5mC	5-methylcytosine	80	0.12944984
NC_003197.2	CDS	2353681	2354284	-	603	EBBPGFGJ_02270	napC	Cytochrome c-type protein NapC	m	5mC	5-methylcytosine	1	0.00165837
NC_003197.2	CDS	2354858	2355728	-	870	EBBPGFGJ_02272	napH	Ferredoxin-type protein NapH	m	5mC	5-methylcytosine	5	0.00574713
NC_003197.2	CDS	2355714	2356410	-	696	EBBPGFGJ_02273	napG	Ferredoxin-type protein NapG	m	5mC	5-methylcytosine	39	0.05603448
NC_003197.2	CDS	2356416	2358903	-	2487	EBBPGFGJ_02274	napA	Periplasmic nitrate reductase	m	5mC	5-methylcytosine	73	0.02935263
NC_003197.2	CDS	2358899	2359163	-	264	EBBPGFGJ_02275	napD	Chaperone NapD	m	5mC	5-methylcytosine	8	0.03030303
NC_003197.2	CDS	2359152	2359644	-	492	EBBPGFGJ_02276	napF_1	Ferredoxin-type protein NapF	m	5mC	5-methylcytosine	3	0.00609756
NC_003197.2	CDS	2359755	2359887	+	132	EBBPGFGJ_02277		hypothetical protein	m	5mC	5-methylcytosine	2	0.01515152
NC_003197.2	CDS	2360045	2360552	+	507	EBBPGFGJ_02278	eco	Ecotin	m	5mC	5-methylcytosine	3	0.00591716
NC_003197.2	CDS	2360760	2362404	-	1644	EBBPGFGJ_02279	yojI	ABC transporter ATP-binding/permease protein YojI	m	5mC	5-methylcytosine	4	0.00243309
NC_003197.2	CDS	2362479	2363130	-	651	EBBPGFGJ_02280	alkB	Alpha-ketoglutarate-dependent dioxygenase AlkB	m	5mC	5-methylcytosine	52	0.07987711
NC_003197.2	CDS	2363132	2364191	-	1059	EBBPGFGJ_02281	ada	Bifunctional transcriptional activator/DNA repair enzyme Ada	m	5mC	5-methylcytosine	87	0.08215297
NC_003197.2	CDS	2364274	2365327	-	1053	EBBPGFGJ_02282	apbE	FAD:protein FMN transferase	m	5mC	5-methylcytosine	20	0.01899335
NC_003197.2	CDS	2365441	2366578	-	1137	EBBPGFGJ_02283	ompC_2	Outer membrane porin C	m	5mC	5-methylcytosine	18	0.01583113
NC_003197.2	CDS	2367306	2369976	+	2670	EBBPGFGJ_02284	rcsD	Phosphotransferase RcsD	m	5mC	5-methylcytosine	30	0.01123596
NC_003197.2	CDS	2369992	2370643	+	651	EBBPGFGJ_02285	rcsB_1	Transcriptional regulatory protein RcsB	m	5mC	5-methylcytosine	5	0.00768049
NC_003197.2	CDS	2370745	2373592	-	2847	EBBPGFGJ_02286	rcsC_2	Sensor histidine kinase RcsC	m	5mC	5-methylcytosine	21	0.00737619
NC_003197.2	CDS	2373709	2376346	-	2637	EBBPGFGJ_02287	gyrA	DNA gyrase subunit A	m	5mC	5-methylcytosine	146	0.05536595
NC_003197.2	CDS	2376755	2377958	-	1203	EBBPGFGJ_02288	rspA_2	D-galactonate dehydratase family member RspA	m	5mC	5-methylcytosine	3	0.00249377
NC_003197.2	CDS	2377972	2379298	-	1326	EBBPGFGJ_02289	ttuB_2	Putative tartrate transporter	m	5mC	5-methylcytosine	5	0.00377074
NC_003197.2	CDS	2380314	2381043	+	729	EBBPGFGJ_02291	ubiG	Ubiquinone biosynthesis O-methyltransferase	m	5mC	5-methylcytosine	18	0.02469136
NC_003197.2	CDS	2381398	2383684	+	2286	EBBPGFGJ_02292	nrdA	Ribonucleoside-diphosphate reductase 1 subunit alpha	m	5mC	5-methylcytosine	45	0.01968504
NC_003197.2	CDS	2383796	2384927	+	1131	EBBPGFGJ_02293	nrdB	Ribonucleoside-diphosphate reductase 1 subunit beta	m	5mC	5-methylcytosine	19	0.01679929
NC_003197.2	CDS	2384926	2385181	+	255	EBBPGFGJ_02294		hypothetical protein	m	5mC	5-methylcytosine	18	0.07058824
NC_003197.2	CDS	2385182	2386400	-	1218	EBBPGFGJ_02295	cntE	Staphylopine export protein	m	5mC	5-methylcytosine	6	0.00492611
NC_003197.2	CDS	2386534	2387413	+	879	EBBPGFGJ_02296	gltC_1	HTH-type transcriptional regulator GltC	m	5mC	5-methylcytosine	13	0.01478953
NC_003197.2	CDS	2387528	2388599	-	1071	EBBPGFGJ_02297	glpQ	Glycerophosphodiester phosphodiesterase%2C periplasmic	m	5mC	5-methylcytosine	6	0.00560224
NC_003197.2	CDS	2388603	2389962	-	1359	EBBPGFGJ_02298	glpT	Glycerol-3-phosphate transporter	m	5mC	5-methylcytosine	29	0.02133922
NC_003197.2	CDS	2390234	2391863	+	1629	EBBPGFGJ_02299	glpA	Anaerobic glycerol-3-phosphate dehydrogenase subunit A	m	5mC	5-methylcytosine	61	0.03744629
NC_003197.2	CDS	2391852	2393112	+	1260	EBBPGFGJ_02300	glpB	Anaerobic glycerol-3-phosphate dehydrogenase subunit B	m	5mC	5-methylcytosine	73	0.05793651
NC_003197.2	CDS	2393108	2394299	+	1191	EBBPGFGJ_02301	glpC	Anaerobic glycerol-3-phosphate dehydrogenase subunit C	m	5mC	5-methylcytosine	23	0.01931150
NC_003197.2	CDS	2394724	2395747	+	1023	EBBPGFGJ_02302	sseL	Deubiquitinase SseL	m	5mC	5-methylcytosine	7	0.00684262
NC_003197.2	CDS	2396038	2396842	-	804	EBBPGFGJ_02304	rhmA	2-keto-3-deoxy-L-rhamnonate aldolase	m	5mC	5-methylcytosine	15	0.01865672
NC_003197.2	CDS	2396867	2398157	-	1290	EBBPGFGJ_02305	rhmT	Inner membrane transport protein RhmT	m	5mC	5-methylcytosine	17	0.01317829
NC_003197.2	CDS	2398212	2399418	-	1206	EBBPGFGJ_02306	rhmD	L-rhamnonate dehydratase	m	5mC	5-methylcytosine	7	0.00580431
NC_003197.2	CDS	2399431	2400214	-	783	EBBPGFGJ_02307	rhmR_1	Uncharacterized HTH-type transcriptional regulator RhmR	m	5mC	5-methylcytosine	2	0.00255428
NC_003197.2	CDS	2400463	2401660	-	1197	EBBPGFGJ_02308	pncC_2	Nicotinamide-nucleotide amidohydrolase PncC	m	5mC	5-methylcytosine	87	0.07268170
NC_003197.2	CDS	2401774	2402341	-	567	EBBPGFGJ_02309		hypothetical protein	m	5mC	5-methylcytosine	23	0.04056437
NC_003197.2	CDS	2402595	2403021	+	426	EBBPGFGJ_02310	nudI	Nucleoside triphosphatase NudI	m	5mC	5-methylcytosine	15	0.03521127
NC_003197.2	CDS	2403065	2403671	-	606	EBBPGFGJ_02311	ais	Lipopolysaccharide core heptose(II)-phosphate phosphatase	m	5mC	5-methylcytosine	4	0.00660066
NC_003197.2	CDS	2403969	2405109	+	1140	EBBPGFGJ_02312	arnB	UDP-4-amino-4-deoxy-L-arabinose--oxoglutarate aminotransferase	m	5mC	5-methylcytosine	62	0.05438596
NC_003197.2	CDS	2405111	2406095	+	984	EBBPGFGJ_02313	arnC	Undecaprenyl-phosphate 4-deoxy-4-formamido-L-arabinose transferase	m	5mC	5-methylcytosine	18	0.01829268
NC_003197.2	CDS	2406091	2408074	+	1983	EBBPGFGJ_02314	arnA	Bifunctional polymyxin resistance protein ArnA	m	5mC	5-methylcytosine	39	0.01966717
NC_003197.2	CDS	2408070	2408970	+	900	EBBPGFGJ_02315	arnD	Probable 4-deoxy-4-formamido-L-arabinose-phosphoundecaprenol deformylase ArnD	m	5mC	5-methylcytosine	27	0.03000000
NC_003197.2	CDS	2408966	2410613	+	1647	EBBPGFGJ_02316	arnT	Undecaprenyl phosphate-alpha-4-amino-4-deoxy-L-arabinose arabinosyl transferase	m	5mC	5-methylcytosine	12	0.00728597
NC_003197.2	CDS	2410609	2410945	+	336	EBBPGFGJ_02317	arnE	Probable 4-amino-4-deoxy-L-arabinose-phosphoundecaprenol flippase subunit ArnE	m	5mC	5-methylcytosine	4	0.01190476
NC_003197.2	CDS	2410944	2411322	+	378	EBBPGFGJ_02318	arnF	Probable 4-amino-4-deoxy-L-arabinose-phosphoundecaprenol flippase subunit ArnF	m	5mC	5-methylcytosine	6	0.01587302
NC_003197.2	CDS	2411671	2413039	-	1368	EBBPGFGJ_02320	menE	2-succinylbenzoate--CoA ligase	m	5mC	5-methylcytosine	71	0.05190058
NC_003197.2	CDS	2413035	2413998	-	963	EBBPGFGJ_02321	menC	o-succinylbenzoate synthase	m	5mC	5-methylcytosine	30	0.03115265
NC_003197.2	CDS	2413997	2414855	-	858	EBBPGFGJ_02322	menB	1%2C4-dihydroxy-2-naphthoyl-CoA synthase	m	5mC	5-methylcytosine	12	0.01398601
NC_003197.2	CDS	2414869	2415628	-	759	EBBPGFGJ_02323	menH_1	2-succinyl-6-hydroxy-2%2C4-cyclohexadiene-1-carboxylate synthase	m	5mC	5-methylcytosine	11	0.01449275
NC_003197.2	CDS	2415624	2417295	-	1671	EBBPGFGJ_02324	menD	2-succinyl-5-enolpyruvyl-6-hydroxy-3-cyclohexene-1-carboxylate synthase	m	5mC	5-methylcytosine	59	0.03530820
NC_003197.2	CDS	2417380	2418676	-	1296	EBBPGFGJ_02325	menF	Isochorismate synthase MenF	m	5mC	5-methylcytosine	63	0.04861111
NC_003197.2	CDS	2418776	2419082	-	306	EBBPGFGJ_02326	elaB	Protein ElaB	m	5mC	5-methylcytosine	2	0.00653595
NC_003197.2	CDS	2419136	2419598	-	462	EBBPGFGJ_02327	elaA	Protein ElaA	m	5mC	5-methylcytosine	1	0.00216450
NC_003197.2	CDS	2419658	2420576	+	918	EBBPGFGJ_02328	rbn	Ribonuclease BN	m	5mC	5-methylcytosine	39	0.04248366
NC_003197.2	CDS	2420641	2421643	+	1002	EBBPGFGJ_02329	cheV	Chemotaxis protein CheV	m	5mC	5-methylcytosine	38	0.03792415
NC_003197.2	CDS	2421683	2423465	-	1782	EBBPGFGJ_02330		hypothetical protein	m	5mC	5-methylcytosine	15	0.00841751
NC_003197.2	CDS	2424352	2425810	-	1458	EBBPGFGJ_02331	nuoN	NADH-quinone oxidoreductase subunit N	m	5mC	5-methylcytosine	18	0.01234568
NC_003197.2	CDS	2425816	2427346	-	1530	EBBPGFGJ_02332	nuoM	NADH-quinone oxidoreductase subunit M	m	5mC	5-methylcytosine	42	0.02745098
NC_003197.2	CDS	2427659	2429501	-	1842	EBBPGFGJ_02333	nuoL	NADH-quinone oxidoreductase subunit L	m	5mC	5-methylcytosine	27	0.01465798
NC_003197.2	CDS	2429497	2429800	-	303	EBBPGFGJ_02334	nuoK	NADH-quinone oxidoreductase subunit K	m	5mC	5-methylcytosine	3	0.00990099
NC_003197.2	CDS	2429796	2430351	-	555	EBBPGFGJ_02335	nuoJ	NADH-quinone oxidoreductase subunit J	m	5mC	5-methylcytosine	24	0.04324324
NC_003197.2	CDS	2430361	2430904	-	543	EBBPGFGJ_02336	nuoI	NADH-quinone oxidoreductase subunit I	m	5mC	5-methylcytosine	4	0.00736648
NC_003197.2	CDS	2430918	2431896	-	978	EBBPGFGJ_02337	nuoH	NADH-quinone oxidoreductase subunit H	m	5mC	5-methylcytosine	8	0.00817996
NC_003197.2	CDS	2431892	2434619	-	2727	EBBPGFGJ_02338	nuoG	NADH-quinone oxidoreductase subunit G	m	5mC	5-methylcytosine	87	0.03190319
NC_003197.2	CDS	2434649	2435987	-	1338	EBBPGFGJ_02339	nuoF	NADH-quinone oxidoreductase subunit F	m	5mC	5-methylcytosine	72	0.05381166
NC_003197.2	CDS	2435983	2436484	-	501	EBBPGFGJ_02340	nuoE	NADH-quinone oxidoreductase subunit E	m	5mC	5-methylcytosine	3	0.00598802
NC_003197.2	CDS	2436486	2438289	-	1803	EBBPGFGJ_02341	nuoC	NADH-quinone oxidoreductase subunit C/D	m	5mC	5-methylcytosine	19	0.01053799
NC_003197.2	CDS	2438375	2439038	-	663	EBBPGFGJ_02342	nuoB	NADH-quinone oxidoreductase subunit B	m	5mC	5-methylcytosine	8	0.01206637
NC_003197.2	CDS	2439053	2439497	-	444	EBBPGFGJ_02343	ndhC	NAD(P)H-quinone oxidoreductase subunit 3	m	5mC	5-methylcytosine	3	0.00675676
NC_003197.2	CDS	2440123	2441062	-	939	EBBPGFGJ_02344	hdfR_1	HTH-type transcriptional regulator HdfR	m	5mC	5-methylcytosine	13	0.01384452
NC_003197.2	CDS	2441993	2443208	+	1215	EBBPGFGJ_02345	alaA	Glutamate-pyruvate aminotransferase AlaA	m	5mC	5-methylcytosine	16	0.01316872
NC_003197.2	CDS	2443301	2443901	+	600	EBBPGFGJ_02346	yfbR	5'-deoxynucleotidase YfbR	m	5mC	5-methylcytosine	12	0.02000000
NC_003197.2	CDS	2443992	2445819	-	1827	EBBPGFGJ_02347		hypothetical protein	m	5mC	5-methylcytosine	53	0.02900930
NC_003197.2	CDS	2445895	2446555	-	660	EBBPGFGJ_02348	hxpA	Hexitol phosphatase A	m	5mC	5-methylcytosine	24	0.03636364
NC_003197.2	CDS	2446565	2447060	-	495	EBBPGFGJ_02349	yfbU	UPF0304 protein YfbU	m	5mC	5-methylcytosine	6	0.01212121
NC_003197.2	CDS	2447142	2447598	-	456	EBBPGFGJ_02350	yfbV	UPF0208 membrane protein YfbV	m	5mC	5-methylcytosine	8	0.01754386
NC_003197.2	CDS	2447937	2449140	+	1203	EBBPGFGJ_02351	ackA	Acetate kinase	m	5mC	5-methylcytosine	5	0.00415628
NC_003197.2	CDS	2449216	2451361	+	2145	EBBPGFGJ_02352	pta	Phosphate acetyltransferase	m	5mC	5-methylcytosine	92	0.04289044
NC_003197.2	CDS	2451578	2453099	+	1521	EBBPGFGJ_02353		hypothetical protein	m	5mC	5-methylcytosine	29	0.01906640
NC_003197.2	CDS	2453147	2454101	-	954	EBBPGFGJ_02354	aptB	Apulose-4-phosphate transketolase subunit B	m	5mC	5-methylcytosine	15	0.01572327
NC_003197.2	CDS	2454093	2454924	-	831	EBBPGFGJ_02355	aptA	Apulose-4-phosphate transketolase subunit A	m	5mC	5-methylcytosine	6	0.00722022
NC_003197.2	CDS	2454920	2456312	-	1392	EBBPGFGJ_02356	ulaA_2	Ascorbate-specific PTS system EIIC component	m	5mC	5-methylcytosine	32	0.02298851
NC_003197.2	CDS	2456332	2456605	-	273	EBBPGFGJ_02357		hypothetical protein	m	5mC	5-methylcytosine	2	0.00732601
NC_003197.2	CDS	2456685	2457129	-	444	EBBPGFGJ_02358	ulaC_2	Ascorbate-specific PTS system EIIA component	m	5mC	5-methylcytosine	2	0.00450450
NC_003197.2	CDS	2457381	2458401	+	1020	EBBPGFGJ_02359	gntR_1	HTH-type transcriptional regulator GntR	m	5mC	5-methylcytosine	32	0.03137255
NC_003197.2	CDS	2458406	2458961	-	555	EBBPGFGJ_02360	yfcD	Uncharacterized Nudix hydrolase YfcD	m	5mC	5-methylcytosine	16	0.02882883
NC_003197.2	CDS	2459017	2459569	-	552	EBBPGFGJ_02361	yfcE	Phosphodiesterase YfcE	m	5mC	5-methylcytosine	8	0.01449275
NC_003197.2	CDS	2459624	2460269	-	645	EBBPGFGJ_02362	yfcF	Glutathione S-transferase YfcF	m	5mC	5-methylcytosine	32	0.04961240
NC_003197.2	CDS	2460411	2461059	+	648	EBBPGFGJ_02363	yfcG	Disulfide-bond oxidoreductase YfcG	m	5mC	5-methylcytosine	8	0.01234568
NC_003197.2	CDS	2461184	2462078	+	894	EBBPGFGJ_02364		Epimerase family protein SA0724	m	5mC	5-methylcytosine	32	0.03579418
NC_003197.2	CDS	2462129	2462903	-	774	EBBPGFGJ_02365	hisP	Histidine transport ATP-binding protein HisP	m	5mC	5-methylcytosine	25	0.03229974
NC_003197.2	CDS	2462916	2463624	-	708	EBBPGFGJ_02366	hisM	Histidine transport system permease protein HisM	m	5mC	5-methylcytosine	2	0.00282486
NC_003197.2	CDS	2463620	2464307	-	687	EBBPGFGJ_02367	hisQ	Histidine transport system permease protein HisQ	m	5mC	5-methylcytosine	7	0.01018923
NC_003197.2	CDS	2464489	2465272	-	783	EBBPGFGJ_02368	hisJ	Histidine-binding periplasmic protein	m	5mC	5-methylcytosine	14	0.01787995
NC_003197.2	CDS	2465509	2466292	-	783	EBBPGFGJ_02369	argT	Lysine/arginine/ornithine-binding periplasmic protein	m	5mC	5-methylcytosine	9	0.01149425
NC_003197.2	CDS	2466580	2467150	-	570	EBBPGFGJ_02370	ubiX	Flavin prenyltransferase UbiX	m	5mC	5-methylcytosine	8	0.01403509
NC_003197.2	CDS	2467176	2468583	-	1407	EBBPGFGJ_02371	rocC	Amino-acid permease RocC	m	5mC	5-methylcytosine	20	0.01421464
NC_003197.2	CDS	2468646	2469750	-	1104	EBBPGFGJ_02372	orr	Ornithine racemase	m	5mC	5-methylcytosine	35	0.03170290
NC_003197.2	CDS	2469751	2471173	-	1422	EBBPGFGJ_02373	gadC	Glutamate/gamma-aminobutyrate antiporter	m	5mC	5-methylcytosine	21	0.01476793
NC_003197.2	CDS	2471263	2472661	-	1398	EBBPGFGJ_02374	lysA_1	Diaminopimelate decarboxylase	m	5mC	5-methylcytosine	17	0.01216023
NC_003197.2	CDS	2472871	2474299	+	1428	EBBPGFGJ_02375	rocR	Arginine utilization regulatory protein RocR	m	5mC	5-methylcytosine	26	0.01820728
NC_003197.2	CDS	2474334	2475852	-	1518	EBBPGFGJ_02376	purF	Amidophosphoribosyltransferase	m	5mC	5-methylcytosine	36	0.02371542
NC_003197.2	CDS	2475889	2476378	-	489	EBBPGFGJ_02377	cvpA	Colicin V production protein	m	5mC	5-methylcytosine	2	0.00408998
NC_003197.2	CDS	2476688	2477363	-	675	EBBPGFGJ_02378	dedD	Cell division protein DedD	m	5mC	5-methylcytosine	26	0.03851852
NC_003197.2	CDS	2477352	2478621	-	1269	EBBPGFGJ_02379	folC	Dihydrofolate synthase/folylpolyglutamate synthase	m	5mC	5-methylcytosine	41	0.03230890
NC_003197.2	CDS	2478688	2479603	-	915	EBBPGFGJ_02380	accD	Acetyl-coenzyme A carboxylase carboxyl transferase subunit beta	m	5mC	5-methylcytosine	49	0.05355191
NC_003197.2	CDS	2479752	2480412	-	660	EBBPGFGJ_02381	dedA	Protein DedA	m	5mC	5-methylcytosine	3	0.00454545
NC_003197.2	CDS	2480460	2481273	-	813	EBBPGFGJ_02382	truA	tRNA pseudouridine synthase A	m	5mC	5-methylcytosine	31	0.03813038
NC_003197.2	CDS	2481272	2482286	-	1014	EBBPGFGJ_02383	usg	USG-1 protein	m	5mC	5-methylcytosine	14	0.01380671
NC_003197.2	CDS	2482353	2483490	-	1137	EBBPGFGJ_02384	pdxB	Erythronate-4-phosphate dehydrogenase	m	5mC	5-methylcytosine	27	0.02374670
NC_003197.2	CDS	2483593	2484595	+	1002	EBBPGFGJ_02385	flk	Flagellar regulator flk	m	5mC	5-methylcytosine	23	0.02295409
NC_003197.2	CDS	2484591	2485770	-	1179	EBBPGFGJ_02386	yfcJ_1	Uncharacterized MFS-type transporter YfcJ	m	5mC	5-methylcytosine	37	0.03138253
NC_003197.2	CDS	2485949	2486324	-	375	EBBPGFGJ_02387		hypothetical protein	m	5mC	5-methylcytosine	2	0.00533333
NC_003197.2	CDS	2486913	2487282	+	369	EBBPGFGJ_02389		hypothetical protein	m	5mC	5-methylcytosine	1	0.00271003
NC_003197.2	CDS	2487281	2487800	+	519	EBBPGFGJ_02390		hypothetical protein	m	5mC	5-methylcytosine	1	0.00192678
NC_003197.2	CDS	2487866	2488523	-	657	EBBPGFGJ_02391		hypothetical protein	m	5mC	5-methylcytosine	2	0.00304414
NC_003197.2	CDS	2488620	2489835	-	1215	EBBPGFGJ_02392	fabB	3-oxoacyl-[acyl-carrier-protein] synthase 1	m	5mC	5-methylcytosine	46	0.03786008
NC_003197.2	CDS	2489994	2491995	+	2001	EBBPGFGJ_02393	mnmC	tRNA 5-methylaminomethyl-2-thiouridine biosynthesis bifunctional protein MnmC	m	5mC	5-methylcytosine	92	0.04597701
NC_003197.2	CDS	2492046	2492322	-	276	EBBPGFGJ_02394		hypothetical protein	m	5mC	5-methylcytosine	1	0.00362319
NC_003197.2	CDS	2492354	2492903	-	549	EBBPGFGJ_02395	epmC	Elongation factor P hydroxylase	m	5mC	5-methylcytosine	2	0.00364299
NC_003197.2	CDS	2492902	2493712	-	810	EBBPGFGJ_02396	yfcA	Probable membrane transporter protein YfcA	m	5mC	5-methylcytosine	10	0.01234568
NC_003197.2	CDS	2493711	2494536	-	825	EBBPGFGJ_02397	mepA	Penicillin-insensitive murein endopeptidase	m	5mC	5-methylcytosine	18	0.02181818
NC_003197.2	CDS	2494539	2495625	-	1086	EBBPGFGJ_02398	aroC	Chorismate synthase	m	5mC	5-methylcytosine	23	0.02117864
NC_003197.2	CDS	2495660	2496593	-	933	EBBPGFGJ_02399	prmB	50S ribosomal protein L3 glutamine methyltransferase	m	5mC	5-methylcytosine	5	0.00535906
NC_003197.2	CDS	2496758	2497310	+	552	EBBPGFGJ_02400	mutS2	Endonuclease MutS2	m	5mC	5-methylcytosine	2	0.00362319
NC_003197.2	CDS	2497409	2497895	-	486	EBBPGFGJ_02401	sixA	Phosphohistidine phosphatase SixA	m	5mC	5-methylcytosine	6	0.01234568
NC_003197.2	CDS	2498103	2500251	-	2148	EBBPGFGJ_02402	fadJ	Fatty acid oxidation complex subunit alpha	m	5mC	5-methylcytosine	85	0.03957169
NC_003197.2	CDS	2500250	2501561	-	1311	EBBPGFGJ_02403	fadI	3-ketoacyl-CoA thiolase FadI	m	5mC	5-methylcytosine	65	0.04958047
NC_003197.2	CDS	2501738	2502023	-	285	EBBPGFGJ_02404	yiiS	UPF0381 protein YiiS	m	5mC	5-methylcytosine	1	0.00350877
NC_003197.2	CDS	2502393	2503701	+	1308	EBBPGFGJ_02405	fadL	Long-chain fatty acid transport protein	m	5mC	5-methylcytosine	34	0.02599388
NC_003197.2	CDS	2503761	2504517	-	756	EBBPGFGJ_02406	mlaA	Intermembrane phospholipid transport system lipoprotein MlaA	m	5mC	5-methylcytosine	5	0.00661376
NC_003197.2	CDS	2504805	2505747	+	942	EBBPGFGJ_02407	yfdC	Inner membrane protein YfdC	m	5mC	5-methylcytosine	15	0.01592357
NC_003197.2	tRNA	2505822	2505897	+	75	EBBPGFGJ_02408		tRNA-Arg(cct)	m	5mC	5-methylcytosine	1	0.01333333
NC_003197.2	CDS	2506053	2506992	-	939	EBBPGFGJ_02409	pla	Coagulase/fibrinolysin	m	5mC	5-methylcytosine	2	0.00212993
NC_003197.2	CDS	2507259	2508510	-	1251	EBBPGFGJ_02411	dctD	C4-dicarboxylate transport transcriptional regulatory protein DctD	m	5mC	5-methylcytosine	51	0.04076739
NC_003197.2	CDS	2508496	2510503	-	2007	EBBPGFGJ_02412	pgtB	Phosphoglycerate transport system sensor protein PgtB	m	5mC	5-methylcytosine	53	0.02640757
NC_003197.2	CDS	2510499	2511774	-	1275	EBBPGFGJ_02413	pgtC	Phosphoglycerate transport regulatory protein PgtC	m	5mC	5-methylcytosine	22	0.01725490
NC_003197.2	CDS	2512128	2513520	+	1392	EBBPGFGJ_02414	pgtP	Phosphoglycerate transporter protein	m	5mC	5-methylcytosine	20	0.01436782
NC_003197.2	CDS	2514198	2514312	-	114	EBBPGFGJ_02416		hypothetical protein	m	5mC	5-methylcytosine	1	0.00877193
NC_003197.2	CDS	2514559	2515480	+	921	EBBPGFGJ_02417	lpxP	Lipid A biosynthesis palmitoleoyltransferase	m	5mC	5-methylcytosine	29	0.03148751
NC_003197.2	CDS	2516003	2517242	-	1239	EBBPGFGJ_02418	alaC	Glutamate-pyruvate aminotransferase AlaC	m	5mC	5-methylcytosine	13	0.01049233
NC_003197.2	CDS	2517962	2518928	-	966	EBBPGFGJ_02419	glk	Glucokinase	m	5mC	5-methylcytosine	18	0.01863354
NC_003197.2	CDS	2519131	2520367	+	1236	EBBPGFGJ_02420	yfeO	Putative ion-transport protein YfeO	m	5mC	5-methylcytosine	60	0.04854369
NC_003197.2	CDS	2520386	2522039	-	1653	EBBPGFGJ_02421	ipdC	Indole-3-pyruvate decarboxylase	m	5mC	5-methylcytosine	87	0.05263158
NC_003197.2	CDS	2522218	2523217	+	999	EBBPGFGJ_02422	gpr	L-glyceraldehyde 3-phosphate reductase	m	5mC	5-methylcytosine	19	0.01901902
NC_003197.2	CDS	2523330	2523657	+	327	EBBPGFGJ_02423		hypothetical protein	m	5mC	5-methylcytosine	2	0.00611621
NC_003197.2	CDS	2523717	2524959	-	1242	EBBPGFGJ_02424	mntH	Divalent metal cation transporter MntH	m	5mC	5-methylcytosine	15	0.01207729
NC_003197.2	CDS	2525301	2526504	+	1203	EBBPGFGJ_02425	nupC	Nucleoside permease NupC	m	5mC	5-methylcytosine	24	0.01995012
NC_003197.2	CDS	2526556	2528746	-	2190	EBBPGFGJ_02426	pdeA	Probable cyclic di-GMP phosphodiesterase PdeA	m	5mC	5-methylcytosine	23	0.01050228
NC_003197.2	tRNA	2528936	2529012	-	76	EBBPGFGJ_02427		tRNA-Ala(ggc)	m	5mC	5-methylcytosine	10	0.13157895
NC_003197.2	tRNA	2529054	2529130	-	76	EBBPGFGJ_02428		tRNA-Ala(ggc)	m	5mC	5-methylcytosine	4	0.05263158
NC_003197.2	CDS	2529351	2529714	+	363	EBBPGFGJ_02429		hypothetical protein	m	5mC	5-methylcytosine	2	0.00550964
NC_003197.2	CDS	2529736	2530108	+	372	EBBPGFGJ_02430		hypothetical protein	m	5mC	5-methylcytosine	1	0.00268817
NC_003197.2	CDS	2530161	2531577	-	1416	EBBPGFGJ_02431	gltX	Glutamate--tRNA ligase	m	5mC	5-methylcytosine	36	0.02542373
NC_003197.2	tRNA	2531835	2531911	+	76	EBBPGFGJ_02432		tRNA-Val(tac)	m	5mC	5-methylcytosine	1	0.01315789
NC_003197.2	tRNA	2531956	2532032	+	76	EBBPGFGJ_02433		tRNA-Val(tac)	m	5mC	5-methylcytosine	1	0.01315789
NC_003197.2	tRNA	2532073	2532149	+	76	EBBPGFGJ_02434		tRNA-Val(tac)	m	5mC	5-methylcytosine	18	0.23684211
NC_003197.2	tRNA	2532153	2532229	+	76	EBBPGFGJ_02435		tRNA-Lys(ttt)	m	5mC	5-methylcytosine	17	0.22368421
NC_003197.2	CDS	2532392	2533277	-	885	EBBPGFGJ_02436	hcaR_1	Hca operon transcriptional activator HcaR	m	5mC	5-methylcytosine	9	0.01016949
NC_003197.2	CDS	2533545	2534802	-	1257	EBBPGFGJ_02438	xapB	Xanthosine permease	m	5mC	5-methylcytosine	8	0.00636436
NC_003197.2	CDS	2534856	2535690	-	834	EBBPGFGJ_02439	xapA	Purine nucleoside phosphorylase 2	m	5mC	5-methylcytosine	12	0.01438849
NC_003197.2	CDS	2535945	2536707	+	762	EBBPGFGJ_02440		hypothetical protein	m	5mC	5-methylcytosine	4	0.00524934
NC_003197.2	CDS	2536768	2537695	-	927	EBBPGFGJ_02441	oxyR_1	Hydrogen peroxide-inducible genes activator	m	5mC	5-methylcytosine	20	0.02157497
NC_003197.2	CDS	2537784	2538783	+	999	EBBPGFGJ_02442		hypothetical protein	m	5mC	5-methylcytosine	23	0.02302302
NC_003197.2	CDS	2538779	2538998	-	219	EBBPGFGJ_02443		hypothetical protein	m	5mC	5-methylcytosine	7	0.03196347
NC_003197.2	CDS	2538999	2541015	-	2016	EBBPGFGJ_02444	ligA	DNA ligase	m	5mC	5-methylcytosine	74	0.03670635
NC_003197.2	CDS	2541086	2542073	-	987	EBBPGFGJ_02445	zipA	Cell division protein ZipA	m	5mC	5-methylcytosine	90	0.09118541
NC_003197.2	CDS	2542304	2543066	+	762	EBBPGFGJ_02446	cysZ	Sulfate transporter CysZ	m	5mC	5-methylcytosine	8	0.01049869
NC_003197.2	CDS	2543229	2544201	+	972	EBBPGFGJ_02447	cysK	Cysteine synthase A	m	5mC	5-methylcytosine	13	0.01337449
NC_003197.2	CDS	2544584	2544842	+	258	EBBPGFGJ_02448	ptsH_1	Phosphocarrier protein HPr	m	5mC	5-methylcytosine	2	0.00775194
NC_003197.2	CDS	2544890	2546618	+	1728	EBBPGFGJ_02449	ptsI	Phosphoenolpyruvate-protein phosphotransferase	m	5mC	5-methylcytosine	41	0.02372685
NC_003197.2	CDS	2546658	2547168	+	510	EBBPGFGJ_02450	crr	PTS system glucose-specific EIIA component	m	5mC	5-methylcytosine	3	0.00588235
NC_003197.2	CDS	2547316	2547556	-	240	EBBPGFGJ_02451		hypothetical protein	m	5mC	5-methylcytosine	11	0.04583333
NC_003197.2	CDS	2547552	2548419	-	867	EBBPGFGJ_02452	pdxK	Pyridoxine/pyridoxal/pyridoxamine kinase	m	5mC	5-methylcytosine	19	0.02191465
NC_003197.2	CDS	2548501	2549794	+	1293	EBBPGFGJ_02453	ptsJ	Vitamin B6 salvage pathway transcriptional repressor PtsJ	m	5mC	5-methylcytosine	97	0.07501933
NC_003197.2	CDS	2549808	2550528	+	720	EBBPGFGJ_02454		hypothetical protein	m	5mC	5-methylcytosine	9	0.01250000
NC_003197.2	CDS	2550604	2550967	+	363	EBBPGFGJ_02455		hypothetical protein	m	5mC	5-methylcytosine	2	0.00550964
NC_003197.2	CDS	2550979	2551519	+	540	EBBPGFGJ_02456		hypothetical protein	m	5mC	5-methylcytosine	10	0.01851852
NC_003197.2	CDS	2551649	2552561	-	912	EBBPGFGJ_02457	cysM	Cysteine synthase B	m	5mC	5-methylcytosine	35	0.03837719
NC_003197.2	CDS	2552628	2553726	-	1098	EBBPGFGJ_02458	cysA	Sulfate/thiosulfate import ATP-binding protein CysA	m	5mC	5-methylcytosine	53	0.04826958
NC_003197.2	CDS	2553715	2554591	-	876	EBBPGFGJ_02459	cysW	Sulfate transport system permease protein CysW	m	5mC	5-methylcytosine	10	0.01141553
NC_003197.2	CDS	2554590	2555424	-	834	EBBPGFGJ_02460	cysT	Sulfate transport system permease protein CysT	m	5mC	5-methylcytosine	16	0.01918465
NC_003197.2	CDS	2555423	2556440	-	1017	EBBPGFGJ_02461	cysP	Thiosulfate-binding protein	m	5mC	5-methylcytosine	20	0.01966568
NC_003197.2	CDS	2556597	2557389	-	792	EBBPGFGJ_02462	ucpA	Oxidoreductase UcpA	m	5mC	5-methylcytosine	10	0.01262626
NC_003197.2	CDS	2557626	2558526	-	900	EBBPGFGJ_02463	yfeX	Dye-decolorizing peroxidase YfeX	m	5mC	5-methylcytosine	29	0.03222222
NC_003197.2	CDS	2558620	2559196	-	576	EBBPGFGJ_02464	yfeY	Uncharacterized protein YfeY	m	5mC	5-methylcytosine	24	0.04166667
NC_003197.2	CDS	2559257	2559707	-	450	EBBPGFGJ_02465	yfeZ	Inner membrane protein YfeZ	m	5mC	5-methylcytosine	5	0.01111111
NC_003197.2	CDS	2559693	2560119	-	426	EBBPGFGJ_02466	ypeA	Acetyltransferase YpeA	m	5mC	5-methylcytosine	3	0.00704225
NC_003197.2	CDS	2560331	2561201	+	870	EBBPGFGJ_02467	amiA	N-acetylmuramoyl-L-alanine amidase AmiA	m	5mC	5-methylcytosine	24	0.02758621
NC_003197.2	CDS	2561203	2562103	+	900	EBBPGFGJ_02468	hemF	Oxygen-dependent coproporphyrinogen-III oxidase	m	5mC	5-methylcytosine	30	0.03333333
NC_003197.2	CDS	2562581	2563859	+	1278	EBBPGFGJ_02470		hypothetical protein	m	5mC	5-methylcytosine	16	0.01251956
NC_003197.2	CDS	2564058	2565027	-	969	EBBPGFGJ_02471		hypothetical protein	m	5mC	5-methylcytosine	19	0.01960784
NC_003197.2	CDS	2565158	2565653	-	495	EBBPGFGJ_02472	eutK	Ethanolamine utilization protein EutK	m	5mC	5-methylcytosine	31	0.06262626
NC_003197.2	CDS	2565665	2566325	-	660	EBBPGFGJ_02473	eutL	Ethanolamine utilization protein EutL	m	5mC	5-methylcytosine	63	0.09545455
NC_003197.2	CDS	2566334	2567231	-	897	EBBPGFGJ_02474	eutC	Ethanolamine ammonia-lyase light chain	m	5mC	5-methylcytosine	7	0.00780379
NC_003197.2	CDS	2567249	2568611	-	1362	EBBPGFGJ_02475	eutB	Ethanolamine ammonia-lyase heavy chain	m	5mC	5-methylcytosine	21	0.01541850
NC_003197.2	CDS	2568622	2570026	-	1404	EBBPGFGJ_02476		hypothetical protein	m	5mC	5-methylcytosine	56	0.03988604
NC_003197.2	CDS	2570022	2571249	-	1227	EBBPGFGJ_02477		hypothetical protein	m	5mC	5-methylcytosine	11	0.00896496
NC_003197.2	CDS	2571368	2572556	-	1188	EBBPGFGJ_02478	mdh_1	NAD-dependent methanol dehydrogenase	m	5mC	5-methylcytosine	99	0.08333333
NC_003197.2	CDS	2572545	2573385	-	840	EBBPGFGJ_02479	ftsA_2	Cell division protein FtsA	m	5mC	5-methylcytosine	29	0.03452381
NC_003197.2	CDS	2573395	2574799	-	1404	EBBPGFGJ_02480	adhE_4	Aldehyde-alcohol dehydrogenase	m	5mC	5-methylcytosine	37	0.02635328
NC_003197.2	CDS	2575541	2576558	-	1017	EBBPGFGJ_02483	eutD	Ethanolamine utilization protein EutD	m	5mC	5-methylcytosine	78	0.07669617
NC_003197.2	CDS	2576554	2577358	-	804	EBBPGFGJ_02484		hypothetical protein	m	5mC	5-methylcytosine	38	0.04726368
NC_003197.2	CDS	2577354	2578044	-	690	EBBPGFGJ_02485	eutQ	Ethanolamine utilization protein EutQ	m	5mC	5-methylcytosine	9	0.01304348
NC_003197.2	CDS	2579329	2579788	-	459	EBBPGFGJ_02488		IS200/IS605 family transposase IS200F	m	5mC	5-methylcytosine	2	0.00435730
NC_003197.2	CDS	2579977	2582257	-	2280	EBBPGFGJ_02489	maeB	NADP-dependent malic enzyme	m	5mC	5-methylcytosine	87	0.03815789
NC_003197.2	CDS	2582528	2583479	+	951	EBBPGFGJ_02490	tal	Transaldolase	m	5mC	5-methylcytosine	12	0.01261830
NC_003197.2	CDS	2583498	2585499	+	2001	EBBPGFGJ_02491	tktB	Transketolase 2	m	5mC	5-methylcytosine	37	0.01849075
NC_003197.2	CDS	2585561	2585792	-	231	EBBPGFGJ_02492		hypothetical protein	m	5mC	5-methylcytosine	3	0.01298701
NC_003197.2	CDS	2585919	2586963	-	1044	EBBPGFGJ_02493		hypothetical protein	m	5mC	5-methylcytosine	36	0.03448276
NC_003197.2	CDS	2587087	2587663	-	576	EBBPGFGJ_02494	nudK	GDP-mannose pyrophosphatase NudK	m	5mC	5-methylcytosine	1	0.00173611
NC_003197.2	CDS	2587866	2589165	+	1299	EBBPGFGJ_02495	yfeW	Putative D-alanyl-D-alanine carboxypeptidase	m	5mC	5-methylcytosine	3	0.00230947
NC_003197.2	CDS	2589613	2591575	-	1962	EBBPGFGJ_02496		Ferredoxin--NADP reductase	m	5mC	5-methylcytosine	91	0.04638124
NC_003197.2	CDS	2591760	2593461	+	1701	EBBPGFGJ_02497	narQ	Nitrate/nitrite sensor protein NarQ	m	5mC	5-methylcytosine	28	0.01646091
NC_003197.2	CDS	2593645	2596759	+	3114	EBBPGFGJ_02498	acrB_2	Multidrug efflux pump subunit AcrB	m	5mC	5-methylcytosine	77	0.02472704
NC_003197.2	CDS	2597692	2598820	+	1128	EBBPGFGJ_02500	dapE	Succinyl-diaminopimelate desuccinylase	m	5mC	5-methylcytosine	29	0.02570922
NC_003197.2	CDS	2598847	2599048	+	201	EBBPGFGJ_02501		hypothetical protein	m	5mC	5-methylcytosine	1	0.00497512
NC_003197.2	CDS	2599074	2601093	-	2019	EBBPGFGJ_02502	tmcA	tRNA(Met) cytidine acetyltransferase TmcA	m	5mC	5-methylcytosine	193	0.09559188
NC_003197.2	CDS	2601108	2601972	-	864	EBBPGFGJ_02503		Uncharacterized protein Rv2575	m	5mC	5-methylcytosine	12	0.01388889
NC_003197.2	CDS	2602102	2602816	-	714	EBBPGFGJ_02504	purC	Phosphoribosylaminoimidazole-succinocarboxamide synthase	m	5mC	5-methylcytosine	1	0.00140056
NC_003197.2	CDS	2602990	2604025	-	1035	EBBPGFGJ_02505	bamC	Outer membrane protein assembly factor BamC	m	5mC	5-methylcytosine	25	0.02415459
NC_003197.2	CDS	2604041	2604920	-	879	EBBPGFGJ_02506	dapA	4-hydroxy-tetrahydrodipicolinate synthase	m	5mC	5-methylcytosine	9	0.01023891
NC_003197.2	CDS	2605065	2605638	+	573	EBBPGFGJ_02507	gcvR	Glycine cleavage system transcriptional repressor	m	5mC	5-methylcytosine	4	0.00698080
NC_003197.2	CDS	2605637	2606108	+	471	EBBPGFGJ_02508	bcp	Peroxiredoxin Bcp	m	5mC	5-methylcytosine	6	0.01273885
NC_003197.2	CDS	2606154	2606397	-	243	EBBPGFGJ_02509		hypothetical protein	m	5mC	5-methylcytosine	9	0.03703704
NC_003197.2	CDS	2606694	2607762	-	1068	EBBPGFGJ_02510		hypothetical protein	m	5mC	5-methylcytosine	9	0.00842697
NC_003197.2	CDS	2607969	2609433	+	1464	EBBPGFGJ_02511	bepA	Beta-barrel assembly-enhancing protease	m	5mC	5-methylcytosine	63	0.04303279
NC_003197.2	CDS	2609472	2609832	+	360	EBBPGFGJ_02512	yfgD	Uncharacterized protein YfgD	m	5mC	5-methylcytosine	7	0.01944444
NC_003197.2	CDS	2609858	2610584	-	726	EBBPGFGJ_02513	hda	DnaA regulatory inactivator Hda	m	5mC	5-methylcytosine	2	0.00275482
NC_003197.2	CDS	2610654	2611944	-	1290	EBBPGFGJ_02514	uraA	Uracil permease	m	5mC	5-methylcytosine	41	0.03178295
NC_003197.2	CDS	2612031	2612658	-	627	EBBPGFGJ_02515	upp	Uracil phosphoribosyltransferase	m	5mC	5-methylcytosine	23	0.03668262
NC_003197.2	CDS	2613071	2614109	+	1038	EBBPGFGJ_02516	purM	Phosphoribosylformylglycinamidine cyclo-ligase	m	5mC	5-methylcytosine	27	0.02601156
NC_003197.2	CDS	2614108	2614747	+	639	EBBPGFGJ_02517	purN	Phosphoribosylglycinamide formyltransferase	m	5mC	5-methylcytosine	30	0.04694836
NC_003197.2	CDS	2614935	2617002	+	2067	EBBPGFGJ_02518	ppk	Polyphosphate kinase	m	5mC	5-methylcytosine	23	0.01112724
NC_003197.2	CDS	2617006	2618548	+	1542	EBBPGFGJ_02519	ppx	Exopolyphosphatase	m	5mC	5-methylcytosine	93	0.06031128
NC_003197.2	CDS	2618583	2620797	-	2214	EBBPGFGJ_02520	pdeF	Cyclic di-GMP phosphodiesterase PdeF	m	5mC	5-methylcytosine	23	0.01038844
NC_003197.2	CDS	2622290	2622581	-	291	EBBPGFGJ_02523		hypothetical protein	m	5mC	5-methylcytosine	3	0.01030928
NC_003197.2	CDS	2622803	2624381	-	1578	EBBPGFGJ_02524	guaA	GMP synthase [glutamine-hydrolyzing]	m	5mC	5-methylcytosine	60	0.03802281
NC_003197.2	CDS	2624450	2625917	-	1467	EBBPGFGJ_02525	guaB	Inosine-5'-monophosphate dehydrogenase	m	5mC	5-methylcytosine	29	0.01976823
NC_003197.2	CDS	2626077	2627427	+	1350	EBBPGFGJ_02526	xseA	Exodeoxyribonuclease 7 large subunit	m	5mC	5-methylcytosine	55	0.04074074
NC_003197.2	CDS	2627588	2633741	-	6153	EBBPGFGJ_02527		hypothetical protein	m	5mC	5-methylcytosine	147	0.02389078
NC_003197.2	CDS	2634401	2641709	-	7308	EBBPGFGJ_02528		hypothetical protein	m	5mC	5-methylcytosine	160	0.02189381
NC_003197.2	CDS	2641874	2647454	-	5580	EBBPGFGJ_02529		hypothetical protein	m	5mC	5-methylcytosine	245	0.04390681
NC_003197.2	CDS	2647591	2648551	-	960	EBBPGFGJ_02530		hypothetical protein	m	5mC	5-methylcytosine	6	0.00625000
NC_003197.2	CDS	2648608	2650801	-	2193	EBBPGFGJ_02531		hypothetical protein	m	5mC	5-methylcytosine	32	0.01459188
NC_003197.2	CDS	2651146	2651368	-	222	EBBPGFGJ_02532	yfgJ	Uncharacterized protein YfgJ	m	5mC	5-methylcytosine	2	0.00900901
NC_003197.2	CDS	2651456	2652929	-	1473	EBBPGFGJ_02533	der	GTPase Der	m	5mC	5-methylcytosine	36	0.02443992
NC_003197.2	CDS	2653047	2654226	-	1179	EBBPGFGJ_02534	bamB	Outer membrane protein assembly factor BamB	m	5mC	5-methylcytosine	25	0.02120441
NC_003197.2	CDS	2654236	2654857	-	621	EBBPGFGJ_02535		UPF0070 protein HI_0370	m	5mC	5-methylcytosine	11	0.01771337
NC_003197.2	CDS	2654870	2656145	-	1275	EBBPGFGJ_02536	hisS	Histidine--tRNA ligase	m	5mC	5-methylcytosine	46	0.03607843
NC_003197.2	CDS	2656255	2657374	-	1119	EBBPGFGJ_02537	ispG	4-hydroxy-3-methylbut-2-en-1-yl diphosphate synthase (flavodoxin)	m	5mC	5-methylcytosine	7	0.00625559
NC_003197.2	CDS	2657400	2658405	-	1005	EBBPGFGJ_02538	rodZ	Cytoskeleton protein RodZ	m	5mC	5-methylcytosine	46	0.04577114
NC_003197.2	CDS	2658696	2659863	-	1167	EBBPGFGJ_02539	rlmN	Dual-specificity RNA methyltransferase RlmN	m	5mC	5-methylcytosine	12	0.01028278
NC_003197.2	CDS	2660069	2660501	-	432	EBBPGFGJ_02540	ndk	Nucleoside diphosphate kinase	m	5mC	5-methylcytosine	6	0.01388889
NC_003197.2	CDS	2660621	2661485	-	864	EBBPGFGJ_02541	napF_2	Ferredoxin-type protein NapF	m	5mC	5-methylcytosine	61	0.07060185
NC_003197.2	CDS	2661484	2662294	-	810	EBBPGFGJ_02542	dmsC_3	Anaerobic dimethyl sulfoxide reductase chain C	m	5mC	5-methylcytosine	31	0.03827160
NC_003197.2	CDS	2662286	2662916	-	630	EBBPGFGJ_02543	dmsB_3	Anaerobic dimethyl sulfoxide reductase chain B	m	5mC	5-methylcytosine	7	0.01111111
NC_003197.2	CDS	2662912	2665291	-	2379	EBBPGFGJ_02544	dmsA_2	Dimethyl sulfoxide reductase DmsA	m	5mC	5-methylcytosine	33	0.01387137
NC_003197.2	CDS	2665446	2667762	-	2316	EBBPGFGJ_02545	pbpC	Penicillin-binding protein 1C	m	5mC	5-methylcytosine	91	0.03929188
NC_003197.2	CDS	2667762	2672697	-	4935	EBBPGFGJ_02546	yfhM	Alpha-2-macroglobulin	m	5mC	5-methylcytosine	142	0.02877406
NC_003197.2	CDS	2672905	2673748	+	843	EBBPGFGJ_02547	sseA_2	3-mercaptopyruvate sulfurtransferase	m	5mC	5-methylcytosine	45	0.05338078
NC_003197.2	CDS	2675231	2676008	-	777	EBBPGFGJ_02550		hypothetical protein	m	5mC	5-methylcytosine	17	0.02187902
NC_003197.2	CDS	2676022	2676202	+	180	EBBPGFGJ_02551		hypothetical protein	m	5mC	5-methylcytosine	2	0.01111111
NC_003197.2	CDS	2676117	2677401	-	1284	EBBPGFGJ_02552	pepB	Peptidase B	m	5mC	5-methylcytosine	43	0.03348910
NC_003197.2	CDS	2677859	2678195	-	336	EBBPGFGJ_02554	fdx	2Fe-2S ferredoxin	m	5mC	5-methylcytosine	4	0.01190476
NC_003197.2	CDS	2678196	2680047	-	1851	EBBPGFGJ_02555	hscA	Chaperone protein HscA	m	5mC	5-methylcytosine	103	0.05564560
NC_003197.2	CDS	2680059	2680575	-	516	EBBPGFGJ_02556	hscB	Co-chaperone protein HscB	m	5mC	5-methylcytosine	9	0.01744186
NC_003197.2	CDS	2681122	2681509	-	387	EBBPGFGJ_02558	iscU	Iron-sulfur cluster assembly scaffold protein IscU	m	5mC	5-methylcytosine	2	0.00516796
NC_003197.2	CDS	2681536	2682751	-	1215	EBBPGFGJ_02559	iscS	Cysteine desulfurase IscS	m	5mC	5-methylcytosine	16	0.01316872
NC_003197.2	CDS	2682931	2683426	-	495	EBBPGFGJ_02560	iscR	HTH-type transcriptional regulator IscR	m	5mC	5-methylcytosine	4	0.00808081
NC_003197.2	CDS	2683585	2684317	-	732	EBBPGFGJ_02561	trmJ	tRNA (cytidine/uridine-2'-O-)-methyltransferase TrmJ	m	5mC	5-methylcytosine	27	0.03688525
NC_003197.2	CDS	2684435	2685239	+	804	EBBPGFGJ_02562	suhB	Inositol-1-monophosphatase	m	5mC	5-methylcytosine	18	0.02238806
NC_003197.2	CDS	2685383	2686262	+	879	EBBPGFGJ_02563		Uncharacterized protein Rv2307c	m	5mC	5-methylcytosine	10	0.01137656
NC_003197.2	CDS	2686443	2687487	+	1044	EBBPGFGJ_02564	asrA	Anaerobic sulfite reductase subunit A	m	5mC	5-methylcytosine	46	0.04406130
NC_003197.2	CDS	2687490	2688309	+	819	EBBPGFGJ_02565	asrB	Anaerobic sulfite reductase subunit B	m	5mC	5-methylcytosine	23	0.02808303
NC_003197.2	CDS	2688319	2689333	+	1014	EBBPGFGJ_02566	asrC	Anaerobic sulfite reductase subunit C	m	5mC	5-methylcytosine	22	0.02169625
NC_003197.2	CDS	2689333	2690320	-	987	EBBPGFGJ_02567		hypothetical protein	m	5mC	5-methylcytosine	11	0.01114488
NC_003197.2	CDS	2691074	2692352	+	1278	EBBPGFGJ_02569		hypothetical protein	m	5mC	5-methylcytosine	13	0.01017214
NC_003197.2	CDS	2692346	2693486	-	1140	EBBPGFGJ_02570	hcaT	Probable 3-phenylpropionic acid transporter	m	5mC	5-methylcytosine	21	0.01842105
NC_003197.2	CDS	2693681	2694935	-	1254	EBBPGFGJ_02571	glyA	Serine hydroxymethyltransferase	m	5mC	5-methylcytosine	40	0.03189793
NC_003197.2	CDS	2695259	2696450	+	1191	EBBPGFGJ_02572	hmp	Flavohemoprotein	m	5mC	5-methylcytosine	95	0.07976490
NC_003197.2	CDS	2696631	2698176	+	1545	EBBPGFGJ_02573	cadC	Transcriptional activator CadC	m	5mC	5-methylcytosine	23	0.01488673
NC_003197.2	CDS	2698536	2699868	+	1332	EBBPGFGJ_02574	cadB	Probable cadaverine/lysine antiporter	m	5mC	5-methylcytosine	29	0.02177177
NC_003197.2	CDS	2699950	2702095	+	2145	EBBPGFGJ_02575	cadA	Inducible lysine decarboxylase	m	5mC	5-methylcytosine	49	0.02284382
NC_003197.2	CDS	2702150	2703611	+	1461	EBBPGFGJ_02576	dtpC	Dipeptide and tripeptide permease C	m	5mC	5-methylcytosine	45	0.03080082
NC_003197.2	CDS	2703659	2703998	-	339	EBBPGFGJ_02577	glnB	Nitrogen regulatory protein P-II 1	m	5mC	5-methylcytosine	3	0.00884956
NC_003197.2	CDS	2704074	2705412	-	1338	EBBPGFGJ_02578	qseF	Transcriptional regulatory protein QseF	m	5mC	5-methylcytosine	29	0.02167414
NC_003197.2	CDS	2705408	2706173	-	765	EBBPGFGJ_02579	qseG	Quorum-sensing regulator protein G	m	5mC	5-methylcytosine	19	0.02483660
NC_003197.2	CDS	2706174	2707560	-	1386	EBBPGFGJ_02580	qseE	Sensor histidine kinase QseE	m	5mC	5-methylcytosine	16	0.01154401
NC_003197.2	CDS	2708254	2712142	-	3888	EBBPGFGJ_02581	purL	Phosphoribosylformylglycinamidine synthase	m	5mC	5-methylcytosine	235	0.06044239
NC_003197.2	CDS	2712397	2713942	+	1545	EBBPGFGJ_02582	mltF_1	Membrane-bound lytic murein transglycosylase F	m	5mC	5-methylcytosine	13	0.00841424
NC_003197.2	CDS	2713992	2714511	-	519	EBBPGFGJ_02583	tadA	tRNA-specific adenosine deaminase	m	5mC	5-methylcytosine	4	0.00770713
NC_003197.2	CDS	2714568	2715204	-	636	EBBPGFGJ_02584	pgpC	Phosphatidylglycerophosphatase C	m	5mC	5-methylcytosine	2	0.00314465
NC_003197.2	CDS	2715207	2716569	-	1362	EBBPGFGJ_02585		PTS system EIIBC component SA0186	m	5mC	5-methylcytosine	57	0.04185022
NC_003197.2	CDS	2716579	2717473	-	894	EBBPGFGJ_02586	murQ	N-acetylmuramic acid 6-phosphate etherase	m	5mC	5-methylcytosine	34	0.03803132
NC_003197.2	CDS	2717588	2718437	+	849	EBBPGFGJ_02587	murR	HTH-type transcriptional regulator MurR	m	5mC	5-methylcytosine	28	0.03297998
NC_003197.2	CDS	2718475	2719393	-	918	EBBPGFGJ_02588	panE_2	2-dehydropantoate 2-reductase	m	5mC	5-methylcytosine	4	0.00435730
NC_003197.2	CDS	2719414	2720611	-	1197	EBBPGFGJ_02589		L-lactate transporter	m	5mC	5-methylcytosine	6	0.00501253
NC_003197.2	CDS	2720726	2721653	+	927	EBBPGFGJ_02590	hdfR_2	HTH-type transcriptional regulator HdfR	m	5mC	5-methylcytosine	4	0.00431499
NC_003197.2	CDS	2721690	2721951	+	261	EBBPGFGJ_02591	yfhL	Ferredoxin YfhL	m	5mC	5-methylcytosine	1	0.00383142
NC_003197.2	CDS	2722062	2722443	-	381	EBBPGFGJ_02592	acpS	Holo-[acyl-carrier-protein] synthase	m	5mC	5-methylcytosine	63	0.16535433
NC_003197.2	CDS	2722442	2723174	-	732	EBBPGFGJ_02593	pdxJ	Pyridoxine 5'-phosphate synthase	m	5mC	5-methylcytosine	54	0.07377049
NC_003197.2	CDS	2723185	2723914	-	729	EBBPGFGJ_02594	recO	DNA repair protein RecO	m	5mC	5-methylcytosine	39	0.05349794
NC_003197.2	CDS	2723925	2724831	-	906	EBBPGFGJ_02595	era	GTPase Era	m	5mC	5-methylcytosine	25	0.02759382
NC_003197.2	CDS	2724827	2725565	-	738	EBBPGFGJ_02596	rnc	Ribonuclease 3	m	5mC	5-methylcytosine	20	0.02710027
NC_003197.2	CDS	2725781	2726756	-	975	EBBPGFGJ_02597	lepB	Signal peptidase I	m	5mC	5-methylcytosine	20	0.02051282
NC_003197.2	CDS	2726772	2728572	-	1800	EBBPGFGJ_02598	lepA	Elongation factor 4	m	5mC	5-methylcytosine	48	0.02666667
NC_003197.2	CDS	2729000	2730470	+	1470	EBBPGFGJ_02599		hypothetical protein	m	5mC	5-methylcytosine	11	0.00748299
NC_003197.2	CDS	2732016	2732202	+	186	EBBPGFGJ_02601		hypothetical protein	m	5mC	5-methylcytosine	3	0.01612903
NC_003197.2	CDS	2733337	2733916	-	579	EBBPGFGJ_02602	tfaE_3	Prophage tail fiber assembly protein homolog TfaE	m	5mC	5-methylcytosine	5	0.00863558
NC_003197.2	CDS	2733905	2734730	-	825	EBBPGFGJ_02603		hypothetical protein	m	5mC	5-methylcytosine	3	0.00363636
NC_003197.2	CDS	2734726	2737099	-	2373	EBBPGFGJ_02604		hypothetical protein	m	5mC	5-methylcytosine	109	0.04593342
NC_003197.2	CDS	2737152	2737395	-	243	EBBPGFGJ_02605		hypothetical protein	m	5mC	5-methylcytosine	1	0.00411523
NC_003197.2	CDS	2737433	2740796	-	3363	EBBPGFGJ_02606		hypothetical protein	m	5mC	5-methylcytosine	168	0.04995540
NC_003197.2	CDS	2740857	2741364	-	507	EBBPGFGJ_02607		hypothetical protein	m	5mC	5-methylcytosine	23	0.04536489
NC_003197.2	CDS	2741402	2742140	-	738	EBBPGFGJ_02608		hypothetical protein	m	5mC	5-methylcytosine	19	0.02574526
NC_003197.2	CDS	2742146	2742845	-	699	EBBPGFGJ_02609		hypothetical protein	m	5mC	5-methylcytosine	9	0.01287554
NC_003197.2	CDS	2742854	2743184	-	330	EBBPGFGJ_02610		hypothetical protein	m	5mC	5-methylcytosine	1	0.00303030
NC_003197.2	CDS	2743186	2746282	-	3096	EBBPGFGJ_02611		hypothetical protein	m	5mC	5-methylcytosine	109	0.03520672
NC_003197.2	CDS	2746253	2746568	-	315	EBBPGFGJ_02612		hypothetical protein	m	5mC	5-methylcytosine	21	0.06666667
NC_003197.2	CDS	2746588	2746984	-	396	EBBPGFGJ_02613		hypothetical protein	m	5mC	5-methylcytosine	1	0.00252525
NC_003197.2	CDS	2747034	2747778	-	744	EBBPGFGJ_02614		hypothetical protein	m	5mC	5-methylcytosine	21	0.02822581
NC_003197.2	CDS	2747788	2748190	-	402	EBBPGFGJ_02615		hypothetical protein	m	5mC	5-methylcytosine	2	0.00497512
NC_003197.2	CDS	2748298	2749429	+	1131	EBBPGFGJ_02616		IS200/IS605 family transposase ISEc42	m	5mC	5-methylcytosine	26	0.02298851
NC_003197.2	CDS	2749477	2750056	-	579	EBBPGFGJ_02617		hypothetical protein	m	5mC	5-methylcytosine	16	0.02763385
NC_003197.2	CDS	2750083	2750467	-	384	EBBPGFGJ_02618		hypothetical protein	m	5mC	5-methylcytosine	14	0.03645833
NC_003197.2	CDS	2750477	2750837	-	360	EBBPGFGJ_02619		hypothetical protein	m	5mC	5-methylcytosine	1	0.00277778
NC_003197.2	CDS	2750894	2751923	-	1029	EBBPGFGJ_02620		hypothetical protein	m	5mC	5-methylcytosine	8	0.00777454
NC_003197.2	CDS	2751977	2752325	-	348	EBBPGFGJ_02621		hypothetical protein	m	5mC	5-methylcytosine	15	0.04310345
NC_003197.2	CDS	2752337	2753834	-	1497	EBBPGFGJ_02622		hypothetical protein	m	5mC	5-methylcytosine	86	0.05744823
NC_003197.2	CDS	2753823	2755443	-	1620	EBBPGFGJ_02623		hypothetical protein	m	5mC	5-methylcytosine	33	0.02037037
NC_003197.2	CDS	2755400	2755604	-	204	EBBPGFGJ_02624		hypothetical protein	m	5mC	5-methylcytosine	11	0.05392157
NC_003197.2	CDS	2755587	2757519	-	1932	EBBPGFGJ_02625		hypothetical protein	m	5mC	5-methylcytosine	30	0.01552795
NC_003197.2	CDS	2757490	2758036	-	546	EBBPGFGJ_02626	nohA	Prophage DNA-packing protein NohA	m	5mC	5-methylcytosine	10	0.01831502
NC_003197.2	CDS	2758322	2758724	+	402	EBBPGFGJ_02627	pliG	Inhibitor of g-type lysozyme	m	5mC	5-methylcytosine	3	0.00746269
NC_003197.2	CDS	2758959	2759433	-	474	EBBPGFGJ_02628		hypothetical protein	m	5mC	5-methylcytosine	3	0.00632911
NC_003197.2	CDS	2759429	2759882	-	453	EBBPGFGJ_02629		hypothetical protein	m	5mC	5-methylcytosine	4	0.00883002
NC_003197.2	CDS	2759865	2760201	-	336	EBBPGFGJ_02630		hypothetical protein	m	5mC	5-methylcytosine	4	0.01190476
NC_003197.2	CDS	2760683	2761157	+	474	EBBPGFGJ_02631		hypothetical protein	m	5mC	5-methylcytosine	3	0.00632911
NC_003197.2	tRNA	2761648	2761725	-	77	EBBPGFGJ_02633		tRNA-Arg(tct)	m	5mC	5-methylcytosine	3	0.03896104
NC_003197.2	CDS	2762066	2762630	-	564	EBBPGFGJ_02634		hypothetical protein	m	5mC	5-methylcytosine	4	0.00709220
NC_003197.2	CDS	2762902	2763580	-	678	EBBPGFGJ_02635		hypothetical protein	m	5mC	5-methylcytosine	6	0.00884956
NC_003197.2	CDS	2763576	2763717	-	141	EBBPGFGJ_02636	ylcG	Uncharacterized protein YlcG	m	5mC	5-methylcytosine	7	0.04964539
NC_003197.2	CDS	2763713	2764325	-	612	EBBPGFGJ_02637		hypothetical protein	m	5mC	5-methylcytosine	37	0.06045752
NC_003197.2	CDS	2764327	2764534	-	207	EBBPGFGJ_02638		hypothetical protein	m	5mC	5-methylcytosine	3	0.01449275
NC_003197.2	CDS	2764533	2765136	-	603	EBBPGFGJ_02639		hypothetical protein	m	5mC	5-methylcytosine	12	0.01990050
NC_003197.2	CDS	2765551	2765785	-	234	EBBPGFGJ_02640	dinI_3	DNA damage-inducible protein I	m	5mC	5-methylcytosine	12	0.05128205
NC_003197.2	CDS	2766444	2766756	-	312	EBBPGFGJ_02642		hypothetical protein	m	5mC	5-methylcytosine	1	0.00320513
NC_003197.2	CDS	2766752	2767100	-	348	EBBPGFGJ_02643		hypothetical protein	m	5mC	5-methylcytosine	1	0.00287356
NC_003197.2	CDS	2767110	2767860	-	750	EBBPGFGJ_02644	dnaC_2	DNA replication protein DnaC	m	5mC	5-methylcytosine	1	0.00133333
NC_003197.2	CDS	2767862	2768840	-	978	EBBPGFGJ_02645		hypothetical protein	m	5mC	5-methylcytosine	1	0.00102249
NC_003197.2	CDS	2768930	2769251	-	321	EBBPGFGJ_02646		hypothetical protein	m	5mC	5-methylcytosine	11	0.03426791
NC_003197.2	CDS	2769629	2770040	+	411	EBBPGFGJ_02648		hypothetical protein	m	5mC	5-methylcytosine	3	0.00729927
NC_003197.2	CDS	2770342	2770501	+	159	EBBPGFGJ_02649		hypothetical protein	m	5mC	5-methylcytosine	5	0.03144654
NC_003197.2	CDS	2770585	2770873	+	288	EBBPGFGJ_02650		hypothetical protein	m	5mC	5-methylcytosine	3	0.01041667
NC_003197.2	CDS	2770999	2773885	+	2886	EBBPGFGJ_02651		hypothetical protein	m	5mC	5-methylcytosine	109	0.03776854
NC_003197.2	CDS	2773895	2775005	+	1110	EBBPGFGJ_02652		hypothetical protein	m	5mC	5-methylcytosine	19	0.01711712
NC_003197.2	CDS	2775327	2775612	+	285	EBBPGFGJ_02654		hypothetical protein	m	5mC	5-methylcytosine	1	0.00350877
NC_003197.2	CDS	2775589	2776819	-	1230	EBBPGFGJ_02655	intA_1	Prophage integrase IntA	m	5mC	5-methylcytosine	6	0.00487805
NC_003197.2	CDS	2777316	2777796	-	480	EBBPGFGJ_02656	rseC	Protein RseC	m	5mC	5-methylcytosine	55	0.11458333
NC_003197.2	CDS	2777792	2778749	-	957	EBBPGFGJ_02657	rseB	Sigma-E factor regulatory protein RseB	m	5mC	5-methylcytosine	25	0.02612330
NC_003197.2	CDS	2778748	2779399	-	651	EBBPGFGJ_02658	rseA	Anti-sigma-E factor RseA	m	5mC	5-methylcytosine	19	0.02918587
NC_003197.2	CDS	2779430	2780006	-	576	EBBPGFGJ_02659	rpoE	ECF RNA polymerase sigma-E factor	m	5mC	5-methylcytosine	4	0.00694444
NC_003197.2	CDS	2780430	2782053	+	1623	EBBPGFGJ_02660	nadB	L-aspartate oxidase	m	5mC	5-methylcytosine	45	0.02772643
NC_003197.2	CDS	2782037	2782775	-	738	EBBPGFGJ_02661	yfiC	tRNA1(Val) (adenine(37)-N6)-methyltransferase	m	5mC	5-methylcytosine	8	0.01084011
NC_003197.2	CDS	2782905	2784240	+	1335	EBBPGFGJ_02662	srmB	ATP-dependent RNA helicase SrmB	m	5mC	5-methylcytosine	40	0.02996255
NC_003197.2	CDS	2784257	2785157	-	900	EBBPGFGJ_02663	yofA	HTH-type transcriptional regulator YofA	m	5mC	5-methylcytosine	10	0.01111111
NC_003197.2	CDS	2785259	2785847	+	588	EBBPGFGJ_02664	eamB	Cysteine/O-acetylserine efflux protein	m	5mC	5-methylcytosine	4	0.00680272
NC_003197.2	CDS	2785908	2786292	-	384	EBBPGFGJ_02665	grcA	Autonomous glycyl radical cofactor	m	5mC	5-methylcytosine	2	0.00520833
NC_003197.2	CDS	2786610	2787300	+	690	EBBPGFGJ_02666	ung	Uracil-DNA glycosylase	m	5mC	5-methylcytosine	10	0.01449275
NC_003197.2	CDS	2787415	2788453	-	1038	EBBPGFGJ_02667	yfiF	Uncharacterized tRNA/rRNA methyltransferase YfiF	m	5mC	5-methylcytosine	47	0.04527938
NC_003197.2	CDS	2788656	2789076	+	420	EBBPGFGJ_02668	trxC	Thioredoxin 2	m	5mC	5-methylcytosine	20	0.04761905
NC_003197.2	CDS	2789148	2789829	+	681	EBBPGFGJ_02669		hypothetical protein	m	5mC	5-methylcytosine	23	0.03377386
NC_003197.2	CDS	2789882	2792543	+	2661	EBBPGFGJ_02670	pat	Peptidyl-lysine N-acetyltransferase Pat	m	5mC	5-methylcytosine	107	0.04021045
NC_003197.2	CDS	2792657	2794013	+	1356	EBBPGFGJ_02671	pssA	CDP-diacylglycerol--serine O-phosphatidyltransferase	m	5mC	5-methylcytosine	15	0.01106195
NC_003197.2	CDS	2794057	2794381	+	324	EBBPGFGJ_02672		hypothetical protein	m	5mC	5-methylcytosine	5	0.01543210
NC_003197.2	CDS	2794377	2795679	-	1302	EBBPGFGJ_02673	kgtP	Alpha-ketoglutarate permease	m	5mC	5-methylcytosine	12	0.00921659
NC_003197.2	rRNA	2796449	2796560	-	111	EBBPGFGJ_02675		5S ribosomal RNA	m	5mC	5-methylcytosine	5	0.04504505
NC_003197.2	rRNA	2796760	2799765	-	3005	EBBPGFGJ_02676		23S ribosomal RNA	m	5mC	5-methylcytosine	57	0.01896839
NC_003197.2	tRNA	2799960	2800036	-	76	EBBPGFGJ_02677		tRNA-Glu(ttc)	m	5mC	5-methylcytosine	3	0.03947368
NC_003197.2	rRNA	2800122	2801660	-	1538	EBBPGFGJ_02678		16S ribosomal RNA	m	5mC	5-methylcytosine	55	0.03576073
NC_003197.2	CDS	2802118	2804692	-	2574	EBBPGFGJ_02679	clpB	Chaperone protein ClpB	m	5mC	5-methylcytosine	62	0.02408702
NC_003197.2	CDS	2804821	2805553	-	732	EBBPGFGJ_02680	yfiH	Polyphenol oxidase	m	5mC	5-methylcytosine	22	0.03005464
NC_003197.2	CDS	2805549	2806530	-	981	EBBPGFGJ_02681	rluD	Ribosomal large subunit pseudouridine synthase D	m	5mC	5-methylcytosine	31	0.03160041
NC_003197.2	CDS	2806661	2807399	+	738	EBBPGFGJ_02682	bamD	Outer membrane protein assembly factor BamD	m	5mC	5-methylcytosine	15	0.02032520
NC_003197.2	CDS	2807670	2808009	+	339	EBBPGFGJ_02683	raiA	Ribosome-associated inhibitor A	m	5mC	5-methylcytosine	2	0.00589971
NC_003197.2	CDS	2808259	2809420	+	1161	EBBPGFGJ_02684	pheA	Bifunctional chorismate mutase/prephenate dehydratase	m	5mC	5-methylcytosine	20	0.01722653
NC_003197.2	CDS	2809380	2810289	-	909	EBBPGFGJ_02685		6-deoxy-6-sulfogluconolactonase	m	5mC	5-methylcytosine	22	0.02420242
NC_003197.2	CDS	2810346	2811468	-	1122	EBBPGFGJ_02686	tyrA	T-protein	m	5mC	5-methylcytosine	24	0.02139037
NC_003197.2	CDS	2811477	2812548	-	1071	EBBPGFGJ_02687	aroF	Phospho-2-dehydro-3-deoxyheptonate aldolase%2C Tyr-sensitive	m	5mC	5-methylcytosine	20	0.01867414
NC_003197.2	CDS	2812987	2813506	+	519	EBBPGFGJ_02688		hypothetical protein	m	5mC	5-methylcytosine	4	0.00770713
NC_003197.2	CDS	2813498	2814719	+	1221	EBBPGFGJ_02689	dgcN	Diguanylate cyclase DgcN	m	5mC	5-methylcytosine	56	0.04586405
NC_003197.2	CDS	2814875	2815223	-	348	EBBPGFGJ_02690	rplS	50S ribosomal protein L19	m	5mC	5-methylcytosine	1	0.00287356
NC_003197.2	CDS	2815263	2816031	-	768	EBBPGFGJ_02691	trmD	tRNA (guanine-N(1)-)-methyltransferase	m	5mC	5-methylcytosine	42	0.05468750
NC_003197.2	CDS	2816075	2816624	-	549	EBBPGFGJ_02692	rimM	Ribosome maturation factor RimM	m	5mC	5-methylcytosine	8	0.01457195
NC_003197.2	CDS	2816642	2816891	-	249	EBBPGFGJ_02693	rpsP	30S ribosomal protein S16	m	5mC	5-methylcytosine	2	0.00803213
NC_003197.2	CDS	2817204	2818566	-	1362	EBBPGFGJ_02694	ffh	Signal recognition particle protein	m	5mC	5-methylcytosine	55	0.04038179
NC_003197.2	CDS	2818731	2819523	+	792	EBBPGFGJ_02695	ypjD	Inner membrane protein YpjD	m	5mC	5-methylcytosine	11	0.01388889
NC_003197.2	CDS	2819587	2820829	+	1242	EBBPGFGJ_02696	yfjD	UPF0053 inner membrane protein YfjD	m	5mC	5-methylcytosine	7	0.00563607
NC_003197.2	CDS	2820949	2821555	+	606	EBBPGFGJ_02697		hypothetical protein	m	5mC	5-methylcytosine	3	0.00495050
NC_003197.2	CDS	2821589	2822180	-	591	EBBPGFGJ_02698	grpE	Protein GrpE	m	5mC	5-methylcytosine	10	0.01692047
NC_003197.2	CDS	2822302	2823181	+	879	EBBPGFGJ_02699	nadK	NAD kinase	m	5mC	5-methylcytosine	3	0.00341297
NC_003197.2	CDS	2823266	2824928	+	1662	EBBPGFGJ_02700	recN	DNA repair protein RecN	m	5mC	5-methylcytosine	72	0.04332130
NC_003197.2	CDS	2825076	2825415	+	339	EBBPGFGJ_02701	bamE	Outer membrane protein assembly factor BamE	m	5mC	5-methylcytosine	1	0.00294985
NC_003197.2	CDS	2825580	2825871	-	291	EBBPGFGJ_02702	ratB	UPF0125 protein RatB	m	5mC	5-methylcytosine	12	0.04123711
NC_003197.2	CDS	2825860	2826298	-	438	EBBPGFGJ_02703	ratA	Ribosome association toxin RatA	m	5mC	5-methylcytosine	8	0.01826484
NC_003197.2	CDS	2826441	2826969	+	528	EBBPGFGJ_02704	smpB	SsrA-binding protein	m	5mC	5-methylcytosine	2	0.00378788
NC_003197.2	CDS	2827582	2839057	+	11475	EBBPGFGJ_02705		hypothetical protein	m	5mC	5-methylcytosine	315	0.02745098
NC_003197.2	CDS	2839121	2840531	+	1410	EBBPGFGJ_02706	bepC	Outer membrane efflux protein BepC	m	5mC	5-methylcytosine	46	0.03262411
NC_003197.2	CDS	2840527	2842708	+	2181	EBBPGFGJ_02707	apxIB	Toxin RTX-I translocation ATP-binding protein	m	5mC	5-methylcytosine	36	0.01650619
NC_003197.2	CDS	2842688	2843879	+	1191	EBBPGFGJ_02708	prsE_1	Type I secretion system membrane fusion protein PrsE	m	5mC	5-methylcytosine	37	0.03106633
NC_003197.2	tmRNA	2843950	2844313	+	363	EBBPGFGJ_02709	ssrA	transfer-messenger RNA%2C SsrA	m	5mC	5-methylcytosine	4	0.01101928
NC_003197.2	CDS	2853411	2853999	-	588	EBBPGFGJ_02719		hypothetical protein	m	5mC	5-methylcytosine	15	0.02551020
NC_003197.2	CDS	2853998	2855573	-	1575	EBBPGFGJ_02720		hypothetical protein	m	5mC	5-methylcytosine	24	0.01523810
NC_003197.2	CDS	2878172	2879237	+	1065	EBBPGFGJ_02752	intA_2	Prophage integrase IntA	m	5mC	5-methylcytosine	20	0.01877934
NC_003197.2	CDS	2879419	2880058	+	639	EBBPGFGJ_02753		hypothetical protein	m	5mC	5-methylcytosine	21	0.03286385
NC_003197.2	CDS	2880501	2881641	+	1140	EBBPGFGJ_02754		hypothetical protein	m	5mC	5-methylcytosine	6	0.00526316
NC_003197.2	CDS	2881975	2882788	-	813	EBBPGFGJ_02755		hypothetical protein	m	5mC	5-methylcytosine	3	0.00369004
NC_003197.2	CDS	2883504	2885574	+	2070	EBBPGFGJ_02757		hypothetical protein	m	5mC	5-methylcytosine	335	0.16183575
NC_003197.2	CDS	2886076	2887360	+	1284	EBBPGFGJ_02758		hypothetical protein	m	5mC	5-methylcytosine	4	0.00311526
NC_003197.2	CDS	2888376	2888667	-	291	EBBPGFGJ_02760		hypothetical protein	m	5mC	5-methylcytosine	1	0.00343643
NC_003197.2	CDS	2888827	2889112	+	285	EBBPGFGJ_02761		hypothetical protein	m	5mC	5-methylcytosine	2	0.00701754
NC_003197.2	CDS	2889224	2889746	+	522	EBBPGFGJ_02762	srlA_1	PTS system glucitol/sorbitol-specific EIIC component	m	5mC	5-methylcytosine	34	0.06513410
NC_003197.2	CDS	2889742	2890117	+	375	EBBPGFGJ_02763	srlB_1	PTS system glucitol/sorbitol-specific EIIA component	m	5mC	5-methylcytosine	38	0.10133333
NC_003197.2	CDS	2890113	2891094	+	981	EBBPGFGJ_02764	srlE_1	PTS system glucitol/sorbitol-specific EIIB component	m	5mC	5-methylcytosine	99	0.10091743
NC_003197.2	CDS	2891104	2892118	+	1014	EBBPGFGJ_02765	iolG_1	Myo-inositol 2-dehydrogenase	m	5mC	5-methylcytosine	92	0.09072978
NC_003197.2	CDS	2892463	2893615	+	1152	EBBPGFGJ_02766		hypothetical protein	m	5mC	5-methylcytosine	5	0.00434028
NC_003197.2	CDS	2893688	2894324	-	636	EBBPGFGJ_02767	hxlA	3-hexulose-6-phosphate synthase	m	5mC	5-methylcytosine	2	0.00314465
NC_003197.2	CDS	2894347	2894914	-	567	EBBPGFGJ_02768	hxlB	3-hexulose-6-phosphate isomerase	m	5mC	5-methylcytosine	21	0.03703704
NC_003197.2	CDS	2894910	2895753	-	843	EBBPGFGJ_02769	pgiA	Glucose-6-phosphate isomerase	m	5mC	5-methylcytosine	21	0.02491103
NC_003197.2	CDS	2895882	2897424	-	1542	EBBPGFGJ_02770	ptsG_2	PTS system glucose-specific EIICBA component	m	5mC	5-methylcytosine	39	0.02529183
NC_003197.2	CDS	2897646	2899326	+	1680	EBBPGFGJ_02771	sgrR_3	HTH-type transcriptional regulator SgrR	m	5mC	5-methylcytosine	85	0.05059524
NC_003197.2	CDS	2899325	2899508	+	183	EBBPGFGJ_02772		hypothetical protein	m	5mC	5-methylcytosine	1	0.00546448
NC_003197.2	CDS	2900442	2901318	+	876	EBBPGFGJ_02773		hypothetical protein	m	5mC	5-methylcytosine	40	0.04566210
NC_003197.2	CDS	2901516	2903358	+	1842	EBBPGFGJ_02774		hypothetical protein	m	5mC	5-methylcytosine	3	0.00162866
NC_003197.2	CDS	2903617	2904940	-	1323	EBBPGFGJ_02775		hypothetical protein	m	5mC	5-methylcytosine	5	0.00377929
NC_003197.2	CDS	2905478	2906075	+	597	EBBPGFGJ_02776	intA_3	Prophage integrase IntA	m	5mC	5-methylcytosine	9	0.01507538
NC_003197.2	CDS	2906455	2906848	-	393	EBBPGFGJ_02777		IS3 family transposase IS1351	m	5mC	5-methylcytosine	17	0.04325700
NC_003197.2	CDS	2907788	2908427	-	639	EBBPGFGJ_02779		hypothetical protein	m	5mC	5-methylcytosine	7	0.01095462
NC_003197.2	CDS	2908423	2910406	-	1983	EBBPGFGJ_02780		hypothetical protein	m	5mC	5-methylcytosine	34	0.01714574
NC_003197.2	CDS	2910684	2910984	+	300	EBBPGFGJ_02781		IS3 family transposase ISSty2	m	5mC	5-methylcytosine	6	0.02000000
NC_003197.2	CDS	2910980	2911847	+	867	EBBPGFGJ_02782		IS3 family transposase ISSty2	m	5mC	5-methylcytosine	30	0.03460208
NC_003197.2	CDS	2913233	2914754	-	1521	EBBPGFGJ_02784	fljB	Phase 2 flagellin	m	5mC	5-methylcytosine	37	0.02432610
NC_003197.2	CDS	2914845	2915418	+	573	EBBPGFGJ_02785	hin_2	DNA-invertase hin	m	5mC	5-methylcytosine	1	0.00174520
NC_003197.2	CDS	2916380	2917496	+	1116	EBBPGFGJ_02786	elmGT	Elloramycin glycosyltransferase ElmGT	m	5mC	5-methylcytosine	57	0.05107527
NC_003197.2	CDS	2917576	2921230	+	3654	EBBPGFGJ_02787		Multidrug efflux ATP-binding/permease protein BCG_0231	m	5mC	5-methylcytosine	252	0.06896552
NC_003197.2	CDS	2921339	2922584	+	1245	EBBPGFGJ_02788	fes_2	Enterochelin esterase	m	5mC	5-methylcytosine	95	0.07630522
NC_003197.2	CDS	2922615	2923551	+	936	EBBPGFGJ_02789		hypothetical protein	m	5mC	5-methylcytosine	6	0.00641026
NC_003197.2	CDS	2923592	2925767	-	2175	EBBPGFGJ_02790	pfeA	Ferric enterobactin receptor	m	5mC	5-methylcytosine	30	0.01379310
NC_003197.2	CDS	2926298	2926610	-	312	EBBPGFGJ_02791		hypothetical protein	m	5mC	5-methylcytosine	5	0.01602564
NC_003197.2	CDS	2926805	2927858	-	1053	EBBPGFGJ_02792	pipB2	Secreted effector protein PipB2	m	5mC	5-methylcytosine	6	0.00569801
NC_003197.2	CDS	2928376	2929306	+	930	EBBPGFGJ_02793		hypothetical protein	m	5mC	5-methylcytosine	6	0.00645161
NC_003197.2	CDS	2929598	2930495	+	897	EBBPGFGJ_02794		hypothetical protein	m	5mC	5-methylcytosine	10	0.01114827
NC_003197.2	CDS	2931010	2931124	+	114	EBBPGFGJ_02795		hypothetical protein	m	5mC	5-methylcytosine	1	0.00877193
NC_003197.2	CDS	2931216	2932230	-	1014	EBBPGFGJ_02796	hoxN	High-affinity nickel transport protein	m	5mC	5-methylcytosine	4	0.00394477
NC_003197.2	CDS	2932362	2933778	-	1416	EBBPGFGJ_02797	qseC_1	Sensor protein QseC	m	5mC	5-methylcytosine	81	0.05720339
NC_003197.2	CDS	2933764	2934439	-	675	EBBPGFGJ_02798	tctD	Transcriptional regulatory protein tctD	m	5mC	5-methylcytosine	3	0.00444444
NC_003197.2	CDS	2934593	2935571	+	978	EBBPGFGJ_02799		hypothetical protein	m	5mC	5-methylcytosine	42	0.04294479
NC_003197.2	CDS	2935585	2936017	+	432	EBBPGFGJ_02800		hypothetical protein	m	5mC	5-methylcytosine	7	0.01620370
NC_003197.2	CDS	2936027	2937542	+	1515	EBBPGFGJ_02801		hypothetical protein	m	5mC	5-methylcytosine	50	0.03300330
NC_003197.2	CDS	2937844	2938822	+	978	EBBPGFGJ_02803	glaH	Glutarate 2-hydroxylase	m	5mC	5-methylcytosine	3	0.00306748
NC_003197.2	CDS	2938847	2940116	+	1269	EBBPGFGJ_02804	lhgD	L-2-hydroxyglutarate dehydrogenase	m	5mC	5-methylcytosine	48	0.03782506
NC_003197.2	CDS	2940137	2941586	+	1449	EBBPGFGJ_02805	gabD	Succinate-semialdehyde dehydrogenase [NADP(+)] GabD	m	5mC	5-methylcytosine	121	0.08350587
NC_003197.2	CDS	2941600	2942884	+	1284	EBBPGFGJ_02806	gabT	4-aminobutyrate aminotransferase GabT	m	5mC	5-methylcytosine	65	0.05062305
NC_003197.2	CDS	2943013	2944414	+	1401	EBBPGFGJ_02807	gabP	GABA permease	m	5mC	5-methylcytosine	20	0.01427552
NC_003197.2	CDS	2944455	2945133	+	678	EBBPGFGJ_02808	glaR	HTH-type transcriptional repressor GlaR	m	5mC	5-methylcytosine	28	0.04129794
NC_003197.2	CDS	2945154	2945604	-	450	EBBPGFGJ_02809	kbp	Potassium binding protein Kbp	m	5mC	5-methylcytosine	3	0.00666667
NC_003197.2	CDS	2946044	2946344	+	300	EBBPGFGJ_02811	ygaV	Probable HTH-type transcriptional regulator YgaV	m	5mC	5-methylcytosine	1	0.00333333
NC_003197.2	CDS	2946959	2947139	+	180	EBBPGFGJ_02813		hypothetical protein	m	5mC	5-methylcytosine	1	0.00555556
NC_003197.2	CDS	2947228	2947630	-	402	EBBPGFGJ_02814	stpA	DNA-binding protein StpA	m	5mC	5-methylcytosine	1	0.00248756
NC_003197.2	CDS	2948328	2948778	+	450	EBBPGFGJ_02815	alaE	L-alanine exporter AlaE	m	5mC	5-methylcytosine	2	0.00444444
NC_003197.2	CDS	2948812	2949163	-	351	EBBPGFGJ_02816		hypothetical protein	m	5mC	5-methylcytosine	3	0.00854701
NC_003197.2	CDS	2949324	2949651	+	327	EBBPGFGJ_02817	ygaM	Uncharacterized protein YgaM	m	5mC	5-methylcytosine	9	0.02752294
NC_003197.2	CDS	2949734	2951069	-	1335	EBBPGFGJ_02818	gabR	HTH-type transcriptional regulatory protein GabR	m	5mC	5-methylcytosine	69	0.05168539
NC_003197.2	CDS	2951157	2951589	+	432	EBBPGFGJ_02819		hypothetical protein	m	5mC	5-methylcytosine	4	0.00925926
NC_003197.2	CDS	2951860	2952106	+	246	EBBPGFGJ_02820	nrdH	Glutaredoxin-like protein NrdH	m	5mC	5-methylcytosine	12	0.04878049
NC_003197.2	CDS	2952102	2952513	+	411	EBBPGFGJ_02821	nrdI	Protein NrdI	m	5mC	5-methylcytosine	14	0.03406326
NC_003197.2	CDS	2952512	2954630	+	2118	EBBPGFGJ_02822	nrdE	Ribonucleoside-diphosphate reductase 2 subunit alpha	m	5mC	5-methylcytosine	55	0.02596789
NC_003197.2	CDS	2954640	2955600	+	960	EBBPGFGJ_02823	nrdF	Ribonucleoside-diphosphate reductase 2 subunit beta	m	5mC	5-methylcytosine	10	0.01041667
NC_003197.2	CDS	2955954	2957157	+	1203	EBBPGFGJ_02824	proV	Glycine betaine/proline betaine transport system ATP-binding protein ProV	m	5mC	5-methylcytosine	43	0.03574397
NC_003197.2	CDS	2957149	2958214	+	1065	EBBPGFGJ_02825	proW	Glycine betaine/proline betaine transport system permease protein ProW	m	5mC	5-methylcytosine	99	0.09295775
NC_003197.2	CDS	2958283	2959279	+	996	EBBPGFGJ_02826	proX	Glycine betaine/proline betaine-binding periplasmic protein	m	5mC	5-methylcytosine	16	0.01606426
NC_003197.2	CDS	2959443	2960628	+	1185	EBBPGFGJ_02827		Probable transporter SCO4007	m	5mC	5-methylcytosine	24	0.02025316
NC_003197.2	CDS	2961124	2961655	+	531	EBBPGFGJ_02828	mprA	Transcriptional repressor MprA	m	5mC	5-methylcytosine	7	0.01318267
NC_003197.2	CDS	2961781	2962954	+	1173	EBBPGFGJ_02829	emrA	Multidrug export protein EmrA	m	5mC	5-methylcytosine	32	0.02728048
NC_003197.2	CDS	2962970	2964509	+	1539	EBBPGFGJ_02830	emrB	Multidrug export protein EmrB	m	5mC	5-methylcytosine	66	0.04288499
NC_003197.2	CDS	2964557	2965928	-	1371	EBBPGFGJ_02831		hypothetical protein	m	5mC	5-methylcytosine	10	0.00729395
NC_003197.2	CDS	2966273	2966789	-	516	EBBPGFGJ_02832	luxS	S-ribosylhomocysteine lyase	m	5mC	5-methylcytosine	28	0.05426357
NC_003197.2	CDS	2966938	2968495	-	1557	EBBPGFGJ_02833	gshA	Glutamate--cysteine ligase	m	5mC	5-methylcytosine	45	0.02890173
NC_003197.2	CDS	2968571	2968997	-	426	EBBPGFGJ_02834	yqaA	Inner membrane protein YqaA	m	5mC	5-methylcytosine	7	0.01643192
NC_003197.2	CDS	2968993	2969560	-	567	EBBPGFGJ_02835	yqaB	Fructose-1-phosphate phosphatase YqaB	m	5mC	5-methylcytosine	14	0.02469136
NC_003197.2	tRNA	2970478	2970555	-	77	EBBPGFGJ_02839		tRNA-Arg(acg)	m	5mC	5-methylcytosine	1	0.01298701
NC_003197.2	tRNA	2970558	2970651	-	93	EBBPGFGJ_02840		tRNA-Ser(gct)	m	5mC	5-methylcytosine	6	0.06451613
NC_003197.2	CDS	2971374	2974005	-	2631	EBBPGFGJ_02842	alaS	Alanine--tRNA ligase	m	5mC	5-methylcytosine	47	0.01786393
NC_003197.2	CDS	2974240	2974780	-	540	EBBPGFGJ_02843	recX	Regulatory protein RecX	m	5mC	5-methylcytosine	19	0.03518519
NC_003197.2	CDS	2974857	2975919	-	1062	EBBPGFGJ_02844	recA	Protein RecA	m	5mC	5-methylcytosine	56	0.05273070
NC_003197.2	CDS	2976003	2976501	-	498	EBBPGFGJ_02845	pncC_3	Nicotinamide-nucleotide amidohydrolase PncC	m	5mC	5-methylcytosine	40	0.08032129
NC_003197.2	CDS	2976695	2976941	+	246	EBBPGFGJ_02846		hypothetical protein	m	5mC	5-methylcytosine	1	0.00406504
NC_003197.2	CDS	2976978	2978058	-	1080	EBBPGFGJ_02847	mltB	Membrane-bound lytic murein transglycosylase B	m	5mC	5-methylcytosine	14	0.01296296
NC_003197.2	CDS	2978311	2978875	+	564	EBBPGFGJ_02848	srlA_2	PTS system glucitol/sorbitol-specific EIIC component	m	5mC	5-methylcytosine	3	0.00531915
NC_003197.2	CDS	2978871	2979843	+	972	EBBPGFGJ_02849	srlE_2	PTS system glucitol/sorbitol-specific EIIB component	m	5mC	5-methylcytosine	63	0.06481481
NC_003197.2	CDS	2979854	2980217	+	363	EBBPGFGJ_02850	srlB_2	PTS system glucitol/sorbitol-specific EIIA component	m	5mC	5-methylcytosine	8	0.02203857
NC_003197.2	CDS	2980228	2981008	+	780	EBBPGFGJ_02851	srlD	Sorbitol-6-phosphate 2-dehydrogenase	m	5mC	5-methylcytosine	42	0.05384615
NC_003197.2	CDS	2981083	2981443	+	360	EBBPGFGJ_02852		hypothetical protein	m	5mC	5-methylcytosine	12	0.03333333
NC_003197.2	CDS	2981640	2982414	+	774	EBBPGFGJ_02853	srlR_3	Glucitol operon repressor	m	5mC	5-methylcytosine	5	0.00645995
NC_003197.2	CDS	2982406	2983372	+	966	EBBPGFGJ_02854	gutQ	Arabinose 5-phosphate isomerase GutQ	m	5mC	5-methylcytosine	87	0.09006211
NC_003197.2	CDS	2983368	2984889	-	1521	EBBPGFGJ_02855	norR_3	Anaerobic nitric oxide reductase transcription regulator NorR	m	5mC	5-methylcytosine	43	0.02827087
NC_003197.2	CDS	2985074	2986514	+	1440	EBBPGFGJ_02856	norV_2	Anaerobic nitric oxide reductase flavorubredoxin	m	5mC	5-methylcytosine	34	0.02361111
NC_003197.2	CDS	2986510	2987644	+	1134	EBBPGFGJ_02857	norW	Nitric oxide reductase FlRd-NAD(+) reductase	m	5mC	5-methylcytosine	8	0.00705467
NC_003197.2	CDS	2987740	2989981	-	2241	EBBPGFGJ_02858	hypF	Carbamoyltransferase HypF	m	5mC	5-methylcytosine	150	0.06693440
NC_003197.2	CDS	2990126	2990672	-	546	EBBPGFGJ_02859	hyfA_1	Hydrogenase-4 component A	m	5mC	5-methylcytosine	26	0.04761905
NC_003197.2	CDS	2991708	2992179	-	471	EBBPGFGJ_02861	hycI	Hydrogenase 3 maturation protease	m	5mC	5-methylcytosine	4	0.00849257
NC_003197.2	CDS	2992171	2992582	-	411	EBBPGFGJ_02862		hypothetical protein	m	5mC	5-methylcytosine	3	0.00729927
NC_003197.2	CDS	2992578	2993346	-	768	EBBPGFGJ_02863	hycG	Formate hydrogenlyase subunit 7	m	5mC	5-methylcytosine	58	0.07552083
NC_003197.2	CDS	2993345	2993888	-	543	EBBPGFGJ_02864	ndhI	NAD(P)H-quinone oxidoreductase subunit I%2C chloroplastic	m	5mC	5-methylcytosine	4	0.00736648
NC_003197.2	CDS	2993897	2995607	-	1710	EBBPGFGJ_02865	hycE	Formate hydrogenlyase subunit 5	m	5mC	5-methylcytosine	36	0.02105263
NC_003197.2	CDS	2995624	2996548	-	924	EBBPGFGJ_02866	hycD	Formate hydrogenlyase subunit 4	m	5mC	5-methylcytosine	6	0.00649351
NC_003197.2	CDS	2996550	2998377	-	1827	EBBPGFGJ_02867	hyfB	Hydrogenase-4 component B	m	5mC	5-methylcytosine	78	0.04269294
NC_003197.2	CDS	2998376	2998985	-	609	EBBPGFGJ_02868	hyfA_2	Hydrogenase-4 component A	m	5mC	5-methylcytosine	11	0.01806240
NC_003197.2	CDS	3000226	3001099	+	873	EBBPGFGJ_02871	hypB	Hydrogenase maturation factor HypB	m	5mC	5-methylcytosine	27	0.03092784
NC_003197.2	CDS	3001089	3001362	+	273	EBBPGFGJ_02872	hypC	Hydrogenase maturation factor HypC	m	5mC	5-methylcytosine	6	0.02197802
NC_003197.2	CDS	3001361	3002483	+	1122	EBBPGFGJ_02873	hypD	Hydrogenase maturation factor HypD	m	5mC	5-methylcytosine	51	0.04545455
NC_003197.2	CDS	3002479	3003490	+	1011	EBBPGFGJ_02874	hypE	Carbamoyl dehydratase HypE	m	5mC	5-methylcytosine	88	0.08704253
NC_003197.2	CDS	3003708	3005787	+	2079	EBBPGFGJ_02875	fhlA	Formate hydrogenlyase transcriptional activator	m	5mC	5-methylcytosine	56	0.02693603
NC_003197.2	CDS	3005848	3006193	-	345	EBBPGFGJ_02876		hypothetical protein	m	5mC	5-methylcytosine	22	0.06376812
NC_003197.2	CDS	3006374	3007292	+	918	EBBPGFGJ_02877		Uncharacterized periplasmic iron-binding protein HI_0362	m	5mC	5-methylcytosine	24	0.02614379
NC_003197.2	CDS	3007288	3008110	+	822	EBBPGFGJ_02878	mntB_1	Manganese transport system ATP-binding protein MntB	m	5mC	5-methylcytosine	40	0.04866180
NC_003197.2	CDS	3008106	3008967	+	861	EBBPGFGJ_02879	mntB_2	Manganese transport system membrane protein MntB	m	5mC	5-methylcytosine	27	0.03135889
NC_003197.2	CDS	3008957	3009806	+	849	EBBPGFGJ_02880	mntB_3	Manganese transport system membrane protein MntB	m	5mC	5-methylcytosine	12	0.01413428
NC_003197.2	CDS	3009904	3010771	-	867	EBBPGFGJ_02881	yopJ	Effector protein YopJ	m	5mC	5-methylcytosine	4	0.00461361
NC_003197.2	CDS	3010973	3011729	-	756	EBBPGFGJ_02882		hypothetical protein	m	5mC	5-methylcytosine	14	0.01851852
NC_003197.2	CDS	3012113	3013001	-	888	EBBPGFGJ_02883	rhaR_3	HTH-type transcriptional activator RhaR	m	5mC	5-methylcytosine	4	0.00450450
NC_003197.2	CDS	3013345	3013798	-	453	EBBPGFGJ_02884		hypothetical protein	m	5mC	5-methylcytosine	3	0.00662252
NC_003197.2	CDS	3013794	3014475	-	681	EBBPGFGJ_02885	orgB	Oxygen-regulated invasion protein OrgB	m	5mC	5-methylcytosine	20	0.02936858
NC_003197.2	CDS	3014431	3015010	-	579	EBBPGFGJ_02886	orgA	Oxygen-regulated invasion protein OrgA	m	5mC	5-methylcytosine	20	0.03454231
NC_003197.2	CDS	3015002	3015761	-	759	EBBPGFGJ_02887	prgK	Lipoprotein PrgK	m	5mC	5-methylcytosine	19	0.02503294
NC_003197.2	CDS	3015757	3016063	-	306	EBBPGFGJ_02888		hypothetical protein	m	5mC	5-methylcytosine	3	0.00980392
NC_003197.2	CDS	3016348	3017584	-	1236	EBBPGFGJ_02890	prgH	Protein PrgH	m	5mC	5-methylcytosine	16	0.01294498
NC_003197.2	CDS	3017842	3018772	+	930	EBBPGFGJ_02891	rhaR_4	HTH-type transcriptional activator RhaR	m	5mC	5-methylcytosine	11	0.01182796
NC_003197.2	CDS	3019862	3021524	+	1662	EBBPGFGJ_02892	hilA	Transcriptional regulator HilA	m	5mC	5-methylcytosine	27	0.01624549
NC_003197.2	CDS	3021541	3022024	+	483	EBBPGFGJ_02893		hypothetical protein	m	5mC	5-methylcytosine	12	0.02484472
NC_003197.2	CDS	3022077	3023685	-	1608	EBBPGFGJ_02894	sptP	Secreted effector protein SptP	m	5mC	5-methylcytosine	37	0.02300995
NC_003197.2	CDS	3024418	3024667	-	249	EBBPGFGJ_02897	acpP_2	Acyl carrier protein	m	5mC	5-methylcytosine	2	0.00803213
NC_003197.2	CDS	3024685	3026743	-	2058	EBBPGFGJ_02898	sipA	Cell invasion protein SipA	m	5mC	5-methylcytosine	31	0.01506317
NC_003197.2	CDS	3026761	3027793	-	1032	EBBPGFGJ_02899	sipD	Cell invasion protein SipD	m	5mC	5-methylcytosine	36	0.03488372
NC_003197.2	CDS	3027863	3029093	-	1230	EBBPGFGJ_02900	sipC	Cell invasion protein SipC	m	5mC	5-methylcytosine	15	0.01219512
NC_003197.2	CDS	3029120	3030902	-	1782	EBBPGFGJ_02901	sipB	Cell invasion protein SipB	m	5mC	5-methylcytosine	64	0.03591470
NC_003197.2	CDS	3030904	3031402	-	498	EBBPGFGJ_02902	sicA	Chaperone protein SicA	m	5mC	5-methylcytosine	1	0.00200803
NC_003197.2	CDS	3031539	3032610	-	1071	EBBPGFGJ_02903	spaS	Surface presentation of antigens protein SpaS	m	5mC	5-methylcytosine	14	0.01307190
NC_003197.2	CDS	3032596	3033388	-	792	EBBPGFGJ_02904	spaR_2	Surface presentation of antigens protein SpaR	m	5mC	5-methylcytosine	11	0.01388889
NC_003197.2	CDS	3033391	3033652	-	261	EBBPGFGJ_02905	spaQ_2	Surface presentation of antigens protein SpaQ	m	5mC	5-methylcytosine	7	0.02681992
NC_003197.2	CDS	3033677	3034352	-	675	EBBPGFGJ_02906	spaP_2	Surface presentation of antigens protein SpaP	m	5mC	5-methylcytosine	6	0.00888889
NC_003197.2	CDS	3034341	3035253	-	912	EBBPGFGJ_02907	spaO	Surface presentation of antigens protein SpaO	m	5mC	5-methylcytosine	31	0.03399123
NC_003197.2	CDS	3035252	3036263	-	1011	EBBPGFGJ_02908		hypothetical protein	m	5mC	5-methylcytosine	9	0.00890208
NC_003197.2	CDS	3036262	3036706	-	444	EBBPGFGJ_02909		hypothetical protein	m	5mC	5-methylcytosine	1	0.00225225
NC_003197.2	CDS	3036683	3037979	-	1296	EBBPGFGJ_02910	spaL	Probable ATP synthase SpaL	m	5mC	5-methylcytosine	94	0.07253086
NC_003197.2	CDS	3037975	3038383	-	408	EBBPGFGJ_02911	spaK	Surface presentation of antigens protein SpaK	m	5mC	5-methylcytosine	1	0.00245098
NC_003197.2	CDS	3038406	3040464	-	2058	EBBPGFGJ_02912	invA	Invasion protein InvA	m	5mC	5-methylcytosine	8	0.00388727
NC_003197.2	CDS	3040488	3041607	-	1119	EBBPGFGJ_02913	mxiC	Protein MxiC	m	5mC	5-methylcytosine	12	0.01072386
NC_003197.2	CDS	3041603	3043292	-	1689	EBBPGFGJ_02914	sctC_2	Type 3 secretion system secretin	m	5mC	5-methylcytosine	12	0.00710480
NC_003197.2	CDS	3043288	3044038	-	750	EBBPGFGJ_02915	invF	Invasion protein InvF	m	5mC	5-methylcytosine	19	0.02533333
NC_003197.2	CDS	3044395	3044839	+	444	EBBPGFGJ_02916	invH	Type 3 secretion system pilotin	m	5mC	5-methylcytosine	7	0.01576577
NC_003197.2	CDS	3045269	3045719	+	450	EBBPGFGJ_02917		hypothetical protein	m	5mC	5-methylcytosine	7	0.01555556
NC_003197.2	CDS	3045718	3046051	+	333	EBBPGFGJ_02918		hypothetical protein	m	5mC	5-methylcytosine	4	0.01201201
NC_003197.2	CDS	3046323	3046650	-	327	EBBPGFGJ_02919		hypothetical protein	m	5mC	5-methylcytosine	1	0.00305810
NC_003197.2	CDS	3047347	3047629	+	282	EBBPGFGJ_02920		hypothetical protein	m	5mC	5-methylcytosine	10	0.03546099
NC_003197.2	CDS	3047625	3048153	+	528	EBBPGFGJ_02921		hypothetical protein	m	5mC	5-methylcytosine	17	0.03219697
NC_003197.2	CDS	3048225	3048402	-	177	EBBPGFGJ_02922		hypothetical protein	m	5mC	5-methylcytosine	4	0.02259887
NC_003197.2	CDS	3048777	3049434	+	657	EBBPGFGJ_02923	pphB	Serine/threonine-protein phosphatase 2	m	5mC	5-methylcytosine	1	0.00152207
NC_003197.2	CDS	3050285	3052853	+	2568	EBBPGFGJ_02924	mutS	DNA mismatch repair protein MutS	m	5mC	5-methylcytosine	158	0.06152648
NC_003197.2	CDS	3052908	3053289	-	381	EBBPGFGJ_02925		hypothetical protein	m	5mC	5-methylcytosine	4	0.01049869
NC_003197.2	CDS	3053285	3054494	-	1209	EBBPGFGJ_02926	jefA	Drug efflux pump JefA	m	5mC	5-methylcytosine	9	0.00744417
NC_003197.2	CDS	3054602	3055514	+	912	EBBPGFGJ_02927	dmlR_5	HTH-type transcriptional regulator DmlR	m	5mC	5-methylcytosine	19	0.02083333
NC_003197.2	CDS	3055555	3057052	-	1497	EBBPGFGJ_02928	gntT_1	High-affinity gluconate transporter	m	5mC	5-methylcytosine	47	0.03139613
NC_003197.2	CDS	3057048	3057999	-	951	EBBPGFGJ_02929	denD	D-erythronate dehydrogenase	m	5mC	5-methylcytosine	32	0.03364879
NC_003197.2	CDS	3058038	3058815	-	777	EBBPGFGJ_02930	otnI	2-oxo-tetronate isomerase	m	5mC	5-methylcytosine	8	0.01029601
NC_003197.2	CDS	3058819	3059458	-	639	EBBPGFGJ_02931	otnC	3-oxo-tetronate 4-phosphate decarboxylase	m	5mC	5-methylcytosine	14	0.02190923
NC_003197.2	CDS	3059454	3060717	-	1263	EBBPGFGJ_02932	otnK	3-oxo-tetronate kinase	m	5mC	5-methylcytosine	93	0.07363420
NC_003197.2	CDS	3060710	3061634	-	924	EBBPGFGJ_02933	ltnD	L-threonate dehydrogenase	m	5mC	5-methylcytosine	29	0.03138528
NC_003197.2	CDS	3061830	3062595	+	765	EBBPGFGJ_02934	glcR_2	HTH-type transcriptional repressor GlcR	m	5mC	5-methylcytosine	26	0.03398693
NC_003197.2	CDS	3062613	3063018	-	405	EBBPGFGJ_02935	hosA	Transcriptional regulator HosA	m	5mC	5-methylcytosine	7	0.01728395
NC_003197.2	CDS	3063188	3063782	+	594	EBBPGFGJ_02936	ecdB	Probable UbiX-like flavin prenyltransferase	m	5mC	5-methylcytosine	37	0.06228956
NC_003197.2	CDS	3063781	3065209	+	1428	EBBPGFGJ_02937	edcC	Phenolic acid decarboxylase	m	5mC	5-methylcytosine	24	0.01680672
NC_003197.2	CDS	3065219	3065456	+	237	EBBPGFGJ_02938	vdcD	Protein VdcD	m	5mC	5-methylcytosine	8	0.03375527
NC_003197.2	CDS	3065500	3066493	-	993	EBBPGFGJ_02939	rpoS	RNA polymerase sigma factor RpoS	m	5mC	5-methylcytosine	13	0.01309164
NC_003197.2	CDS	3066555	3067689	-	1134	EBBPGFGJ_02940	nlpD_1	Murein hydrolase activator NlpD	m	5mC	5-methylcytosine	9	0.00793651
NC_003197.2	CDS	3067864	3068491	-	627	EBBPGFGJ_02941	pcm	Protein-L-isoaspartate O-methyltransferase	m	5mC	5-methylcytosine	9	0.01435407
NC_003197.2	CDS	3068484	3069246	-	762	EBBPGFGJ_02942	surE	5'/3'-nucleotidase SurE	m	5mC	5-methylcytosine	7	0.00918635
NC_003197.2	CDS	3069226	3070276	-	1050	EBBPGFGJ_02943	truD	tRNA pseudouridine synthase D	m	5mC	5-methylcytosine	60	0.05714286
NC_003197.2	CDS	3070272	3070752	-	480	EBBPGFGJ_02944	ispF	2-C-methyl-D-erythritol 2%2C4-cyclodiphosphate synthase	m	5mC	5-methylcytosine	5	0.01041667
NC_003197.2	CDS	3070751	3071462	-	711	EBBPGFGJ_02945	ispD	2-C-methyl-D-erythritol 4-phosphate cytidylyltransferase	m	5mC	5-methylcytosine	56	0.07876231
NC_003197.2	CDS	3071480	3071792	-	312	EBBPGFGJ_02946	ftsB	Cell division protein FtsB	m	5mC	5-methylcytosine	1	0.00320513
NC_003197.2	CDS	3071982	3072306	-	324	EBBPGFGJ_02947	ygbE	Inner membrane protein YgbE	m	5mC	5-methylcytosine	1	0.00308642
NC_003197.2	CDS	3072356	3072962	-	606	EBBPGFGJ_02948	cysC	Adenylyl-sulfate kinase	m	5mC	5-methylcytosine	40	0.06600660
NC_003197.2	CDS	3072948	3074388	-	1440	EBBPGFGJ_02949	cysN	Sulfate adenylyltransferase subunit 1	m	5mC	5-methylcytosine	28	0.01944444
NC_003197.2	CDS	3074397	3075306	-	909	EBBPGFGJ_02950	cysD	Sulfate adenylyltransferase subunit 2	m	5mC	5-methylcytosine	7	0.00770077
NC_003197.2	CDS	3075556	3076603	+	1047	EBBPGFGJ_02951		hypothetical protein	m	5mC	5-methylcytosine	8	0.00764088
NC_003197.2	CRISPR	3076617	3077012	.	395				m	5mC	5-methylcytosine	37	0.09367089
NC_003197.2	CRISPR	3077025	3078154	.	1129				m	5mC	5-methylcytosine	66	0.05845881
NC_003197.2	CDS	3078250	3078544	-	294	EBBPGFGJ_02952	ygbF	CRISPR-associated endoribonuclease Cas2	m	5mC	5-methylcytosine	3	0.01020408
NC_003197.2	CDS	3078543	3079464	-	921	EBBPGFGJ_02953	ygbT	CRISPR-associated endonuclease Cas1	m	5mC	5-methylcytosine	44	0.04777416
NC_003197.2	CDS	3079460	3080111	-	651	EBBPGFGJ_02954	casE	CRISPR system Cascade subunit CasE	m	5mC	5-methylcytosine	41	0.06298003
NC_003197.2	CDS	3080092	3080839	-	747	EBBPGFGJ_02955		hypothetical protein	m	5mC	5-methylcytosine	22	0.02945114
NC_003197.2	CDS	3080849	3081908	-	1059	EBBPGFGJ_02956	casC	CRISPR system Cascade subunit CasC	m	5mC	5-methylcytosine	14	0.01322002
NC_003197.2	CDS	3081921	3082482	-	561	EBBPGFGJ_02957		hypothetical protein	m	5mC	5-methylcytosine	1	0.00178253
NC_003197.2	CDS	3082478	3084035	-	1557	EBBPGFGJ_02958		hypothetical protein	m	5mC	5-methylcytosine	60	0.03853565
NC_003197.2	CDS	3084046	3086710	-	2664	EBBPGFGJ_02959	ygcB	CRISPR-associated endonuclease/helicase Cas3	m	5mC	5-methylcytosine	42	0.01576577
NC_003197.2	CDS	3087154	3088108	+	954	EBBPGFGJ_02960	sopD	Secreted effector protein SopD	m	5mC	5-methylcytosine	4	0.00419287
NC_003197.2	CDS	3088195	3088930	-	735	EBBPGFGJ_02961	cysH_2	Phosphoadenosine phosphosulfate reductase	m	5mC	5-methylcytosine	9	0.01224490
NC_003197.2	CDS	3089005	3090718	-	1713	EBBPGFGJ_02962	cysI	Sulfite reductase [NADPH] hemoprotein beta-component	m	5mC	5-methylcytosine	62	0.03619381
NC_003197.2	CDS	3090717	3092517	-	1800	EBBPGFGJ_02963	cysJ	Sulfite reductase [NADPH] flavoprotein alpha-component	m	5mC	5-methylcytosine	93	0.05166667
NC_003197.2	CDS	3092940	3093303	+	363	EBBPGFGJ_02964	queD	6-carboxy-5%2C6%2C7%2C8-tetrahydropterin synthase	m	5mC	5-methylcytosine	3	0.00826446
NC_003197.2	CDS	3093390	3094188	-	798	EBBPGFGJ_02965		hypothetical protein	m	5mC	5-methylcytosine	8	0.01002506
NC_003197.2	CRISPR	3094285	3096267	.	1982				m	5mC	5-methylcytosine	86	0.04339051
NC_003197.2	CDS	3096563	3097235	-	672	EBBPGFGJ_02966	queE	7-carboxy-7-deazaguanine synthase	m	5mC	5-methylcytosine	4	0.00595238
NC_003197.2	CDS	3097370	3098669	-	1299	EBBPGFGJ_02967	eno	Enolase	m	5mC	5-methylcytosine	28	0.02155504
NC_003197.2	CDS	3098751	3100389	-	1638	EBBPGFGJ_02968	pyrG	CTP synthase	m	5mC	5-methylcytosine	37	0.02258852
NC_003197.2	CDS	3100616	3101417	-	801	EBBPGFGJ_02969	mazG	Nucleoside triphosphate pyrophosphohydrolase	m	5mC	5-methylcytosine	43	0.05368290
NC_003197.2	CDS	3102446	3102734	-	288	EBBPGFGJ_02971		hypothetical protein	m	5mC	5-methylcytosine	1	0.00347222
NC_003197.2	CDS	3102886	3105121	-	2235	EBBPGFGJ_02972	relA	GTP pyrophosphokinase	m	5mC	5-methylcytosine	52	0.02326622
NC_003197.2	CDS	3105172	3106468	-	1296	EBBPGFGJ_02973	rlmD	23S rRNA (uracil(1939)-C(5))-methyltransferase RlmD	m	5mC	5-methylcytosine	53	0.04089506
NC_003197.2	CDS	3106525	3109282	+	2757	EBBPGFGJ_02974	barA	Signal transduction histidine-protein kinase BarA	m	5mC	5-methylcytosine	24	0.00870511
NC_003197.2	CDS	3109325	3110468	-	1143	EBBPGFGJ_02975	garK_1	Glycerate 2-kinase	m	5mC	5-methylcytosine	41	0.03587052
NC_003197.2	CDS	3110545	3111886	-	1341	EBBPGFGJ_02976	gudD	Glucarate dehydratase	m	5mC	5-methylcytosine	23	0.01715138
NC_003197.2	CDS	3111906	3113247	-	1341	EBBPGFGJ_02977	gudX	Glucarate dehydratase-related protein	m	5mC	5-methylcytosine	27	0.02013423
NC_003197.2	CDS	3113243	3114602	-	1359	EBBPGFGJ_02978	gudP_1	Probable glucarate transporter	m	5mC	5-methylcytosine	8	0.00588668
NC_003197.2	CDS	3115082	3115532	-	450	EBBPGFGJ_02979		Uncharacterized protein PA3435	m	5mC	5-methylcytosine	18	0.04000000
NC_003197.2	CDS	3115550	3116333	-	783	EBBPGFGJ_02980	truC	tRNA pseudouridine synthase C	m	5mC	5-methylcytosine	59	0.07535121
NC_003197.2	CDS	3116332	3116662	-	330	EBBPGFGJ_02981	yqcC	Uncharacterized protein YqcC	m	5mC	5-methylcytosine	6	0.01818182
NC_003197.2	CDS	3117273	3117819	-	546	EBBPGFGJ_02982	syd	Protein Syd	m	5mC	5-methylcytosine	31	0.05677656
NC_003197.2	CDS	3117887	3118736	+	849	EBBPGFGJ_02983	queF	NADPH-dependent 7-cyano-7-deazaguanine reductase	m	5mC	5-methylcytosine	9	0.01060071
NC_003197.2	CDS	3118848	3120213	+	1365	EBBPGFGJ_02984	ppnN	Pyrimidine/purine nucleotide 5'-monophosphate nucleosidase	m	5mC	5-methylcytosine	37	0.02710623
NC_003197.2	CDS	3120777	3122067	+	1290	EBBPGFGJ_02985	sdaC	Serine transporter	m	5mC	5-methylcytosine	17	0.01317829
NC_003197.2	CDS	3122125	3123493	+	1368	EBBPGFGJ_02986	sdaB	L-serine dehydratase 2	m	5mC	5-methylcytosine	43	0.03143275
NC_003197.2	CDS	3123663	3124419	+	756	EBBPGFGJ_02987	ygdG	Flap endonuclease Xni	m	5mC	5-methylcytosine	23	0.03042328
NC_003197.2	CDS	3124510	3125659	-	1149	EBBPGFGJ_02988	fucO	Lactaldehyde reductase	m	5mC	5-methylcytosine	20	0.01740644
NC_003197.2	CDS	3125675	3126323	-	648	EBBPGFGJ_02989	fucA	L-fuculose phosphate aldolase	m	5mC	5-methylcytosine	36	0.05555556
NC_003197.2	CDS	3126877	3128194	+	1317	EBBPGFGJ_02990	fucP_1	L-fucose-proton symporter	m	5mC	5-methylcytosine	22	0.01670463
NC_003197.2	CDS	3128225	3130001	+	1776	EBBPGFGJ_02991	fucI	L-fucose isomerase	m	5mC	5-methylcytosine	65	0.03659910
NC_003197.2	CDS	3130101	3131520	+	1419	EBBPGFGJ_02992	fucK	L-fuculokinase	m	5mC	5-methylcytosine	95	0.06694856
NC_003197.2	CDS	3131521	3131944	+	423	EBBPGFGJ_02993	fucU	L-fucose mutarotase	m	5mC	5-methylcytosine	6	0.01418440
NC_003197.2	CDS	3132001	3132712	+	711	EBBPGFGJ_02994	ydjF	Uncharacterized HTH-type transcriptional regulator YdjF	m	5mC	5-methylcytosine	3	0.00421941
NC_003197.2	CDS	3132770	3133871	-	1101	EBBPGFGJ_02995	rlmM	Ribosomal RNA large subunit methyltransferase M	m	5mC	5-methylcytosine	17	0.01544051
NC_003197.2	CDS	3133863	3134259	-	396	EBBPGFGJ_02996	ygdD	UPF0382 inner membrane protein YgdD	m	5mC	5-methylcytosine	11	0.02777778
NC_003197.2	CDS	3134277	3135195	-	918	EBBPGFGJ_02997	gcvA	Glycine cleavage system transcriptional activator	m	5mC	5-methylcytosine	13	0.01416122
NC_003197.2	CDS	3135151	3135274	-	123	EBBPGFGJ_02998		hypothetical protein	m	5mC	5-methylcytosine	1	0.00813008
NC_003197.2	CDS	3135961	3137167	+	1206	EBBPGFGJ_03000	csdA	Cysteine desulfurase CsdA	m	5mC	5-methylcytosine	122	0.10116086
NC_003197.2	CDS	3137166	3137610	+	444	EBBPGFGJ_03001	csdE	Sulfur acceptor protein CsdE	m	5mC	5-methylcytosine	12	0.02702703
NC_003197.2	CDS	3137882	3138797	+	915	EBBPGFGJ_03002	rarD_1	Protein RarD	m	5mC	5-methylcytosine	6	0.00655738
NC_003197.2	CDS	3138848	3139655	-	807	EBBPGFGJ_03003	tcdA	tRNA threonylcarbamoyladenosine dehydratase	m	5mC	5-methylcytosine	14	0.01734820
NC_003197.2	CDS	3139764	3140862	-	1098	EBBPGFGJ_03004	mltA	Membrane-bound lytic murein transglycosylase A	m	5mC	5-methylcytosine	26	0.02367942
NC_003197.2	tRNA	3141069	3141146	+	77	EBBPGFGJ_03005		tRNA-Met(cat)	m	5mC	5-methylcytosine	4	0.05194805
NC_003197.2	tRNA	3141175	3141252	+	77	EBBPGFGJ_03006		tRNA-Met(cat)	m	5mC	5-methylcytosine	3	0.03896104
NC_003197.2	CDS	3141361	3142615	-	1254	EBBPGFGJ_03007	amiC	N-acetylmuramoyl-L-alanine amidase AmiC	m	5mC	5-methylcytosine	26	0.02073365
NC_003197.2	CDS	3142847	3144179	+	1332	EBBPGFGJ_03008	argA	Amino-acid acetyltransferase	m	5mC	5-methylcytosine	25	0.01876877
NC_003197.2	CDS	3144281	3146117	-	1836	EBBPGFGJ_03009	recD	RecBCD enzyme subunit RecD	m	5mC	5-methylcytosine	71	0.03867102
NC_003197.2	CDS	3146113	3149659	-	3546	EBBPGFGJ_03010	recB	RecBCD enzyme subunit RecB	m	5mC	5-methylcytosine	146	0.04117315
NC_003197.2	CDS	3149651	3152540	-	2889	EBBPGFGJ_03011	ptrA	Protease 3	m	5mC	5-methylcytosine	51	0.01765317
NC_003197.2	CDS	3152717	3156089	-	3372	EBBPGFGJ_03012	recC	RecBCD enzyme subunit RecC	m	5mC	5-methylcytosine	73	0.02164887
NC_003197.2	CDS	3156104	3156425	-	321	EBBPGFGJ_03013		hypothetical protein	m	5mC	5-methylcytosine	8	0.02492212
NC_003197.2	CDS	3156409	3156817	-	408	EBBPGFGJ_03014		hypothetical protein	m	5mC	5-methylcytosine	7	0.01715686
NC_003197.2	CDS	3156813	3157377	-	564	EBBPGFGJ_03015		hypothetical protein	m	5mC	5-methylcytosine	13	0.02304965
NC_003197.2	CDS	3157367	3157838	-	471	EBBPGFGJ_03016		hypothetical protein	m	5mC	5-methylcytosine	42	0.08917197
NC_003197.2	CDS	3158022	3158817	-	795	EBBPGFGJ_03017	thyA	Thymidylate synthase	m	5mC	5-methylcytosine	9	0.01132075
NC_003197.2	CDS	3158823	3159699	-	876	EBBPGFGJ_03018	lgt	Phosphatidylglycerol--prolipoprotein diacylglyceryl transferase	m	5mC	5-methylcytosine	6	0.00684932
NC_003197.2	CDS	3159914	3162161	-	2247	EBBPGFGJ_03019	ptsP	Phosphoenolpyruvate-dependent phosphotransferase system	m	5mC	5-methylcytosine	64	0.02848242
NC_003197.2	CDS	3162173	3162704	-	531	EBBPGFGJ_03020	rppH	RNA pyrophosphohydrolase	m	5mC	5-methylcytosine	4	0.00753296
NC_003197.2	CDS	3163386	3164082	+	696	EBBPGFGJ_03021	mutH	DNA mismatch repair protein MutH	m	5mC	5-methylcytosine	29	0.04166667
NC_003197.2	CDS	3164263	3164977	+	714	EBBPGFGJ_03022	ygdQ	UPF0053 inner membrane protein YgdQ	m	5mC	5-methylcytosine	4	0.00560224
NC_003197.2	CDS	3165146	3165365	+	219	EBBPGFGJ_03023	ygdR_5	Uncharacterized lipoprotein YgdR	m	5mC	5-methylcytosine	1	0.00456621
NC_003197.2	CDS	3165555	3166596	+	1041	EBBPGFGJ_03024	tas	Protein tas	m	5mC	5-methylcytosine	41	0.03938521
NC_003197.2	CDS	3166682	3167885	-	1203	EBBPGFGJ_03025	lplT	Lysophospholipid transporter LplT	m	5mC	5-methylcytosine	52	0.04322527
NC_003197.2	CDS	3167877	3170037	-	2160	EBBPGFGJ_03026	aas	Bifunctional protein Aas	m	5mC	5-methylcytosine	56	0.02592593
NC_003197.2	CDS	3170629	3171658	+	1029	EBBPGFGJ_03027	galR	HTH-type transcriptional regulator GalR	m	5mC	5-methylcytosine	12	0.01166181
NC_003197.2	CDS	3171671	3172691	+	1020	EBBPGFGJ_03028	ascG	HTH-type transcriptional regulator AscG	m	5mC	5-methylcytosine	62	0.06078431
NC_003197.2	CDS	3172700	3173963	-	1263	EBBPGFGJ_03029	lysA_2	Diaminopimelate decarboxylase	m	5mC	5-methylcytosine	50	0.03958828
NC_003197.2	CDS	3174080	3175016	+	936	EBBPGFGJ_03030	occR	Octopine catabolism/uptake operon regulatory protein OccR	m	5mC	5-methylcytosine	52	0.05555556
NC_003197.2	CDS	3175807	3177226	-	1419	EBBPGFGJ_03032	araE	Arabinose-proton symporter	m	5mC	5-methylcytosine	12	0.00845666
NC_003197.2	CDS	3177579	3178341	-	762	EBBPGFGJ_03033	kduD	2-dehydro-3-deoxy-D-gluconate 5-dehydrogenase	m	5mC	5-methylcytosine	14	0.01837270
NC_003197.2	CDS	3178397	3179234	-	837	EBBPGFGJ_03034	kduI	4-deoxy-L-threo-5-hexosulose-uronate ketol-isomerase	m	5mC	5-methylcytosine	10	0.01194743
NC_003197.2	CDS	3179663	3180842	-	1179	EBBPGFGJ_03035	thlA	Acetyl-CoA acetyltransferase	m	5mC	5-methylcytosine	48	0.04071247
NC_003197.2	CDS	3180964	3181828	-	864	EBBPGFGJ_03036	allS_2	HTH-type transcriptional activator AllS	m	5mC	5-methylcytosine	14	0.01620370
NC_003197.2	CDS	3181931	3182387	+	456	EBBPGFGJ_03037		hypothetical protein	m	5mC	5-methylcytosine	4	0.00877193
NC_003197.2	CDS	3182528	3183758	+	1230	EBBPGFGJ_03038	yqeG	Inner membrane transport protein YqeG	m	5mC	5-methylcytosine	13	0.01056911
NC_003197.2	CDS	3183788	3184061	-	273	EBBPGFGJ_03039	rcnR	Transcriptional repressor RcnR	m	5mC	5-methylcytosine	1	0.00366300
NC_003197.2	CDS	3184182	3185049	+	867	EBBPGFGJ_03040	rcnA	Nickel/cobalt efflux system RcnA	m	5mC	5-methylcytosine	6	0.00692042
NC_003197.2	CDS	3185258	3186017	-	759	EBBPGFGJ_03041		hypothetical protein	m	5mC	5-methylcytosine	16	0.02108037
NC_003197.2	CDS	3186003	3186516	-	513	EBBPGFGJ_03042		hypothetical protein	m	5mC	5-methylcytosine	5	0.00974659
NC_003197.2	CDS	3186659	3187736	-	1077	EBBPGFGJ_03043		hypothetical protein	m	5mC	5-methylcytosine	4	0.00371402
NC_003197.2	CDS	3187732	3188476	-	744	EBBPGFGJ_03044	papD	Chaperone protein PapD	m	5mC	5-methylcytosine	31	0.04166667
NC_003197.2	CDS	3188516	3191006	-	2490	EBBPGFGJ_03045	papC_2	Outer membrane usher protein PapC	m	5mC	5-methylcytosine	203	0.08152610
NC_003197.2	CDS	3191125	3191710	-	585	EBBPGFGJ_03046	ybgD	Uncharacterized fimbrial-like protein YbgD	m	5mC	5-methylcytosine	3	0.00512821
NC_003197.2	CDS	3192428	3193061	-	633	EBBPGFGJ_03047		hypothetical protein	m	5mC	5-methylcytosine	8	0.01263823
NC_003197.2	CDS	3193107	3193644	-	537	EBBPGFGJ_03048	ail_5	Attachment invasion locus protein	m	5mC	5-methylcytosine	5	0.00931099
NC_003197.2	CDS	3194323	3194782	-	459	EBBPGFGJ_03049		IS200/IS605 family transposase IS200F	m	5mC	5-methylcytosine	3	0.00653595
NC_003197.2	CDS	3194738	3194975	-	237	EBBPGFGJ_03050		hypothetical protein	m	5mC	5-methylcytosine	5	0.02109705
NC_003197.2	CDS	3195161	3195560	-	399	EBBPGFGJ_03051	vapC_1	tRNA(fMet)-specific endonuclease VapC	m	5mC	5-methylcytosine	7	0.01754386
NC_003197.2	CDS	3195559	3195787	-	228	EBBPGFGJ_03052	vapB_1	Antitoxin VapB	m	5mC	5-methylcytosine	1	0.00438596
NC_003197.2	CDS	3195954	3196215	+	261	EBBPGFGJ_03053		hypothetical protein	m	5mC	5-methylcytosine	6	0.02298851
NC_003197.2	CDS	3196495	3197296	+	801	EBBPGFGJ_03054		hypothetical protein	m	5mC	5-methylcytosine	10	0.01248439
NC_003197.2	tRNA	3197427	3197501	-	74	EBBPGFGJ_03055		tRNA-Gly(ccc)	m	5mC	5-methylcytosine	1	0.01351351
NC_003197.2	CDS	3197580	3198339	-	759	EBBPGFGJ_03056	nlpD_2	Murein hydrolase activator NlpD	m	5mC	5-methylcytosine	14	0.01844532
NC_003197.2	CDS	3198603	3199149	+	546	EBBPGFGJ_03057	idi	Isopentenyl-diphosphate Delta-isomerase	m	5mC	5-methylcytosine	7	0.01282051
NC_003197.2	CDS	3199224	3200742	-	1518	EBBPGFGJ_03058	lysS	Lysine--tRNA ligase	m	5mC	5-methylcytosine	38	0.02503294
NC_003197.2	CDS	3200751	3201633	-	882	EBBPGFGJ_03059	prfB_2	Peptide chain release factor RF2	m	5mC	5-methylcytosine	48	0.05442177
NC_003197.2	CDS	3201954	3203556	-	1602	EBBPGFGJ_03060	recJ	Single-stranded-DNA-specific exonuclease RecJ	m	5mC	5-methylcytosine	71	0.04431960
NC_003197.2	CDS	3203693	3204407	-	714	EBBPGFGJ_03061	dsbC	Thiol:disulfide interchange protein DsbC	m	5mC	5-methylcytosine	10	0.01400560
NC_003197.2	CDS	3204430	3205327	-	897	EBBPGFGJ_03062	xerD	Tyrosine recombinase XerD	m	5mC	5-methylcytosine	19	0.02118172
NC_003197.2	CDS	3205439	3205961	+	522	EBBPGFGJ_03063	fldB	Flavodoxin 2	m	5mC	5-methylcytosine	22	0.04214559
NC_003197.2	CDS	3206013	3206427	-	414	EBBPGFGJ_03064	ygfX	Inner membrane protein YgfX	m	5mC	5-methylcytosine	4	0.00966184
NC_003197.2	CDS	3206407	3206674	-	267	EBBPGFGJ_03065	sdhE	FAD assembly factor SdhE	m	5mC	5-methylcytosine	1	0.00374532
NC_003197.2	CDS	3206923	3207904	+	981	EBBPGFGJ_03066	ygfZ	tRNA-modifying protein YgfZ	m	5mC	5-methylcytosine	83	0.08460754
NC_003197.2	CDS	3207820	3208012	-	192	EBBPGFGJ_03067		hypothetical protein	m	5mC	5-methylcytosine	16	0.08333333
NC_003197.2	CDS	3208019	3208679	-	660	EBBPGFGJ_03068	yqfA	UPF0073 inner membrane protein YqfA	m	5mC	5-methylcytosine	10	0.01515152
NC_003197.2	CDS	3208842	3209223	-	381	EBBPGFGJ_03069	yqfB	UPF0267 protein YqfB	m	5mC	5-methylcytosine	2	0.00524934
NC_003197.2	CDS	3209312	3210746	+	1434	EBBPGFGJ_03070	bglA	6-phospho-beta-glucosidase BglA	m	5mC	5-methylcytosine	4	0.00278940
NC_003197.2	CDS	3210793	3211687	-	894	EBBPGFGJ_03071		hypothetical protein	m	5mC	5-methylcytosine	6	0.00671141
NC_003197.2	CDS	3212142	3215016	-	2874	EBBPGFGJ_03072	gcvP	Glycine dehydrogenase (decarboxylating)	m	5mC	5-methylcytosine	196	0.06819763
NC_003197.2	CDS	3215178	3215568	-	390	EBBPGFGJ_03073	gcvH	Glycine cleavage system H protein	m	5mC	5-methylcytosine	10	0.02564103
NC_003197.2	CDS	3215593	3216688	-	1095	EBBPGFGJ_03074	gcvT	Aminomethyltransferase	m	5mC	5-methylcytosine	25	0.02283105
NC_003197.2	CDS	3217142	3218345	-	1203	EBBPGFGJ_03075	ubiI	2-octaprenylphenol hydroxylase	m	5mC	5-methylcytosine	33	0.02743142
NC_003197.2	CDS	3218470	3219649	-	1179	EBBPGFGJ_03076	ubiH	2-octaprenyl-6-methoxyphenol hydroxylase	m	5mC	5-methylcytosine	127	0.10771841
NC_003197.2	CDS	3219645	3220962	-	1317	EBBPGFGJ_03077	pepP	Xaa-Pro aminopeptidase	m	5mC	5-methylcytosine	17	0.01290812
NC_003197.2	CDS	3220987	3221566	-	579	EBBPGFGJ_03078		UPF0149 protein HI_0817	m	5mC	5-methylcytosine	13	0.02245250
NC_003197.2	CDS	3222427	3222904	+	477	EBBPGFGJ_03080	ygfA	5-formyltetrahydrofolate cyclo-ligase	m	5mC	5-methylcytosine	5	0.01048218
NC_003197.2	CDS	3223284	3224517	-	1233	EBBPGFGJ_03081	serA	D-3-phosphoglycerate dehydrogenase	m	5mC	5-methylcytosine	14	0.01135442
NC_003197.2	CDS	3224782	3225442	-	660	EBBPGFGJ_03082	rpiA	Ribose-5-phosphate isomerase A	m	5mC	5-methylcytosine	7	0.01060606
NC_003197.2	CDS	3225595	3226489	+	894	EBBPGFGJ_03083	argP	HTH-type transcriptional regulator ArgP	m	5mC	5-methylcytosine	32	0.03579418
NC_003197.2	CDS	3226754	3227501	-	747	EBBPGFGJ_03084		26 kDa periplasmic immunogenic protein	m	5mC	5-methylcytosine	29	0.03882195
NC_003197.2	CDS	3227594	3228230	-	636	EBBPGFGJ_03085	argO	Arginine exporter protein ArgO	m	5mC	5-methylcytosine	9	0.01415094
NC_003197.2	CDS	3228429	3229290	-	861	EBBPGFGJ_03086	mscS_1	Small-conductance mechanosensitive channel	m	5mC	5-methylcytosine	6	0.00696864
NC_003197.2	CDS	3229516	3230596	-	1080	EBBPGFGJ_03087	fbaA	Fructose-bisphosphate aldolase class 2	m	5mC	5-methylcytosine	17	0.01574074
NC_003197.2	CDS	3230697	3231861	-	1164	EBBPGFGJ_03088	pgk	Phosphoglycerate kinase	m	5mC	5-methylcytosine	35	0.03006873
NC_003197.2	CDS	3231882	3232929	-	1047	EBBPGFGJ_03089	epd	D-erythrose-4-phosphate dehydrogenase	m	5mC	5-methylcytosine	10	0.00955110
NC_003197.2	CDS	3233302	3233728	+	426	EBBPGFGJ_03090		hypothetical protein	m	5mC	5-methylcytosine	20	0.04694836
NC_003197.2	CDS	3233753	3234332	+	579	EBBPGFGJ_03091		hypothetical protein	m	5mC	5-methylcytosine	17	0.02936097
NC_003197.2	CDS	3234332	3235040	+	708	EBBPGFGJ_03092		hypothetical protein	m	5mC	5-methylcytosine	9	0.01271186
NC_003197.2	CDS	3235027	3235705	+	678	EBBPGFGJ_03093	ecfA1	Energy-coupling factor transporter ATP-binding protein EcfA1	m	5mC	5-methylcytosine	17	0.02507375
NC_003197.2	CDS	3235698	3236355	+	657	EBBPGFGJ_03094	larO	Nickel import ATP-binding protein LarO	m	5mC	5-methylcytosine	38	0.05783866
NC_003197.2	CDS	3236398	3238390	-	1992	EBBPGFGJ_03095	tktA	Transketolase 1	m	5mC	5-methylcytosine	98	0.04919679
NC_003197.2	CDS	3238665	3239424	+	759	EBBPGFGJ_03096	loiP	Metalloprotease LoiP	m	5mC	5-methylcytosine	41	0.05401845
NC_003197.2	CDS	3239524	3240445	-	921	EBBPGFGJ_03097	speB	Agmatinase	m	5mC	5-methylcytosine	20	0.02171553
NC_003197.2	CDS	3240649	3241540	-	891	EBBPGFGJ_03098	menH_2	2-succinyl-6-hydroxy-2%2C4-cyclohexadiene-1-carboxylate synthase	m	5mC	5-methylcytosine	9	0.01010101
NC_003197.2	CDS	3241819	3242293	-	474	EBBPGFGJ_03099	tabA_1	Toxin-antitoxin biofilm protein TabA	m	5mC	5-methylcytosine	9	0.01898734
NC_003197.2	CDS	3242331	3243339	-	1008	EBBPGFGJ_03100	yjmC	Uncharacterized oxidoreductase YjmC	m	5mC	5-methylcytosine	22	0.02182540
NC_003197.2	CDS	3243352	3244369	-	1017	EBBPGFGJ_03101	lgoD	L-galactonate-5-dehydrogenase	m	5mC	5-methylcytosine	53	0.05211406
NC_003197.2	CDS	3244371	3245844	-	1473	EBBPGFGJ_03102	mtlK	Mannitol 2-dehydrogenase	m	5mC	5-methylcytosine	25	0.01697217
NC_003197.2	CDS	3247103	3247853	-	750	EBBPGFGJ_03103	pdhR_3	Pyruvate dehydrogenase complex repressor	m	5mC	5-methylcytosine	5	0.00666667
NC_003197.2	CDS	3248057	3248789	-	732	EBBPGFGJ_03104		hypothetical protein	m	5mC	5-methylcytosine	12	0.01639344
NC_003197.2	CDS	3248932	3250909	-	1977	EBBPGFGJ_03105	speA	Biosynthetic arginine decarboxylase	m	5mC	5-methylcytosine	85	0.04299444
NC_003197.2	CDS	3251343	3251643	-	300	EBBPGFGJ_03106		hypothetical protein	m	5mC	5-methylcytosine	1	0.00333333
NC_003197.2	CDS	3251698	3252853	+	1155	EBBPGFGJ_03107	metK	S-adenosylmethionine synthase	m	5mC	5-methylcytosine	31	0.02683983
NC_003197.2	CDS	3253345	3254740	+	1395	EBBPGFGJ_03108	galP	Galactose-proton symporter	m	5mC	5-methylcytosine	31	0.02222222
NC_003197.2	CDS	3254860	3255316	+	456	EBBPGFGJ_03109	sprT	Protein SprT	m	5mC	5-methylcytosine	13	0.02850877
NC_003197.2	CDS	3255410	3256118	+	708	EBBPGFGJ_03110	endA	Endonuclease-1	m	5mC	5-methylcytosine	10	0.01412429
NC_003197.2	CDS	3256194	3256926	+	732	EBBPGFGJ_03111	rsmE	Ribosomal RNA small subunit methyltransferase E	m	5mC	5-methylcytosine	60	0.08196721
NC_003197.2	CDS	3256945	3257893	+	948	EBBPGFGJ_03112	gshB	Glutathione synthetase	m	5mC	5-methylcytosine	45	0.04746835
NC_003197.2	CDS	3258108	3258672	+	564	EBBPGFGJ_03113	yqgE	UPF0301 protein YqgE	m	5mC	5-methylcytosine	6	0.01063830
NC_003197.2	CDS	3258671	3259088	+	417	EBBPGFGJ_03114	yqgF	Putative pre-16S rRNA nuclease	m	5mC	5-methylcytosine	13	0.03117506
NC_003197.2	CDS	3259134	3259821	-	687	EBBPGFGJ_03115		hypothetical protein	m	5mC	5-methylcytosine	10	0.01455604
NC_003197.2	CDS	3259952	3260933	-	981	EBBPGFGJ_03116	yggR	Uncharacterized protein YggR	m	5mC	5-methylcytosine	39	0.03975535
NC_003197.2	CDS	3260950	3261655	+	705	EBBPGFGJ_03117	yggS	Pyridoxal phosphate homeostasis protein	m	5mC	5-methylcytosine	20	0.02836879
NC_003197.2	CDS	3261673	3262240	+	567	EBBPGFGJ_03118		hypothetical protein	m	5mC	5-methylcytosine	4	0.00705467
NC_003197.2	CDS	3262236	3262527	+	291	EBBPGFGJ_03119	yggU	UPF0235 protein YggU	m	5mC	5-methylcytosine	13	0.04467354
NC_003197.2	CDS	3262534	3263128	+	594	EBBPGFGJ_03120	rdgB	dITP/XTP pyrophosphatase	m	5mC	5-methylcytosine	23	0.03872054
NC_003197.2	CDS	3263120	3264257	+	1137	EBBPGFGJ_03121	hemW_1	Heme chaperone HemW	m	5mC	5-methylcytosine	41	0.03605981
NC_003197.2	CDS	3264347	3265355	-	1008	EBBPGFGJ_03122		hypothetical protein	m	5mC	5-methylcytosine	13	0.01289683
NC_003197.2	CDS	3265487	3266534	-	1047	EBBPGFGJ_03123	ansB_1	L-asparaginase 2	m	5mC	5-methylcytosine	31	0.02960840
NC_003197.2	CDS	3266722	3267442	-	720	EBBPGFGJ_03124		hypothetical protein	m	5mC	5-methylcytosine	43	0.05972222
NC_003197.2	CDS	3267817	3268537	-	720	EBBPGFGJ_03126	trmB	tRNA (guanine-N(7)-)-methyltransferase	m	5mC	5-methylcytosine	19	0.02638889
NC_003197.2	CDS	3268691	3269744	+	1053	EBBPGFGJ_03127	mutY	Adenine DNA glycosylase	m	5mC	5-methylcytosine	27	0.02564103
NC_003197.2	CDS	3269771	3270047	+	276	EBBPGFGJ_03128	yggX	Probable Fe(2+)-trafficking protein	m	5mC	5-methylcytosine	2	0.00724638
NC_003197.2	CDS	3270159	3271245	+	1086	EBBPGFGJ_03129	mltC	Membrane-bound lytic murein transglycosylase C	m	5mC	5-methylcytosine	19	0.01749540
NC_003197.2	CDS	3271461	3272718	+	1257	EBBPGFGJ_03130	nupG	Nucleoside permease NupG	m	5mC	5-methylcytosine	7	0.00556881
NC_003197.2	CDS	3272779	3274915	-	2136	EBBPGFGJ_03131	speC	Constitutive ornithine decarboxylase	m	5mC	5-methylcytosine	80	0.03745318
NC_003197.2	CDS	3275339	3276047	+	708	EBBPGFGJ_03132		hypothetical protein	m	5mC	5-methylcytosine	20	0.02824859
NC_003197.2	tRNA	3276152	3276228	+	76	EBBPGFGJ_03133		tRNA-Phe(gaa)	m	5mC	5-methylcytosine	4	0.05263158
NC_003197.2	CDS	3276386	3276767	-	381	EBBPGFGJ_03134		Virulence protein STM3117	m	5mC	5-methylcytosine	4	0.01049869
NC_003197.2	CDS	3276831	3278157	-	1326	EBBPGFGJ_03135		Butyryl-CoA:acetate CoA-transferase	m	5mC	5-methylcytosine	9	0.00678733
NC_003197.2	CDS	3278181	3278709	-	528	EBBPGFGJ_03136	mch	Mesaconyl-CoA hydratase	m	5mC	5-methylcytosine	9	0.01704545
NC_003197.2	CDS	3278732	3279575	-	843	EBBPGFGJ_03137	mcl1	L-malyl-CoA/beta-methylmalyl-CoA lyase	m	5mC	5-methylcytosine	39	0.04626335
NC_003197.2	CDS	3279666	3280545	+	879	EBBPGFGJ_03138	hcaR_2	Hca operon transcriptional activator HcaR	m	5mC	5-methylcytosine	22	0.02502844
NC_003197.2	CDS	3280592	3282332	-	1740	EBBPGFGJ_03139	atsA	Arylsulfatase	m	5mC	5-methylcytosine	25	0.01436782
NC_003197.2	CDS	3282400	3283585	-	1185	EBBPGFGJ_03140	atsB	Anaerobic sulfatase-maturating enzyme	m	5mC	5-methylcytosine	11	0.00928270
NC_003197.2	CDS	3284096	3284780	+	684	EBBPGFGJ_03141	malT_1	HTH-type transcriptional regulator MalT	m	5mC	5-methylcytosine	9	0.01315789
NC_003197.2	CDS	3284883	3285441	-	558	EBBPGFGJ_03142		hypothetical protein	m	5mC	5-methylcytosine	7	0.01254480
NC_003197.2	CDS	3285418	3286918	-	1500	EBBPGFGJ_03143	steT	Serine/threonine exchanger SteT	m	5mC	5-methylcytosine	19	0.01266667
NC_003197.2	CDS	3287126	3287501	-	375	EBBPGFGJ_03144		hypothetical protein	m	5mC	5-methylcytosine	4	0.01066667
NC_003197.2	CDS	3287515	3288817	-	1302	EBBPGFGJ_03145	puuB	Gamma-glutamylputrescine oxidoreductase	m	5mC	5-methylcytosine	14	0.01075269
NC_003197.2	CDS	3288978	3290463	+	1485	EBBPGFGJ_03146	feaB	Phenylacetaldehyde dehydrogenase	m	5mC	5-methylcytosine	26	0.01750842
NC_003197.2	CDS	3290598	3290979	-	381	EBBPGFGJ_03147	iraD	Anti-adapter protein IraD	m	5mC	5-methylcytosine	20	0.05249344
NC_003197.2	CDS	3290978	3291464	-	486	EBBPGFGJ_03148	hcp1_3	Protein hcp1	m	5mC	5-methylcytosine	19	0.03909465
NC_003197.2	CDS	3292189	3293113	-	924	EBBPGFGJ_03149	pgdA	Peptidoglycan deacetylase	m	5mC	5-methylcytosine	7	0.00757576
NC_003197.2	CDS	3293151	3294030	-	879	EBBPGFGJ_03150		hypothetical protein	m	5mC	5-methylcytosine	8	0.00910125
NC_003197.2	CDS	3294425	3295730	-	1305	EBBPGFGJ_03151	exuT_2	Hexuronate transporter	m	5mC	5-methylcytosine	12	0.00919540
NC_003197.2	CDS	3296134	3297319	+	1185	EBBPGFGJ_03152	uxuA	Mannonate dehydratase	m	5mC	5-methylcytosine	25	0.02109705
NC_003197.2	CDS	3297429	3298902	+	1473	EBBPGFGJ_03153	por_2	Polyol:NADP oxidoreductase	m	5mC	5-methylcytosine	57	0.03869654
NC_003197.2	CDS	3298913	3300326	+	1413	EBBPGFGJ_03154	uxaC	Uronate isomerase	m	5mC	5-methylcytosine	66	0.04670913
NC_003197.2	CDS	3300625	3301684	-	1059	EBBPGFGJ_03155		hypothetical protein	m	5mC	5-methylcytosine	1	0.00094429
NC_003197.2	CDS	3302353	3304210	-	1857	EBBPGFGJ_03156	gss	Bifunctional glutathionylspermidine synthetase/amidase	m	5mC	5-methylcytosine	43	0.02315563
NC_003197.2	CDS	3304436	3305303	+	867	EBBPGFGJ_03157	yghU	Disulfide-bond oxidoreductase YghU	m	5mC	5-methylcytosine	14	0.01614764
NC_003197.2	CDS	3305370	3306081	-	711	EBBPGFGJ_03158		hypothetical protein	m	5mC	5-methylcytosine	20	0.02812940
NC_003197.2	CDS	3306080	3307133	-	1053	EBBPGFGJ_03159		Uncharacterized protein HI_1472	m	5mC	5-methylcytosine	37	0.03513770
NC_003197.2	CDS	3307208	3307457	-	249	EBBPGFGJ_03160	hybG	Hydrogenase maturation factor HybG	m	5mC	5-methylcytosine	1	0.00401606
NC_003197.2	CDS	3307484	3307826	-	342	EBBPGFGJ_03161	hybF_2	Hydrogenase maturation factor HybF	m	5mC	5-methylcytosine	13	0.03801170
NC_003197.2	CDS	3307818	3308307	-	489	EBBPGFGJ_03162	hybE	Hydrogenase-2 operon protein HybE	m	5mC	5-methylcytosine	16	0.03271984
NC_003197.2	CDS	3308299	3308794	-	495	EBBPGFGJ_03163	hybD	Hydrogenase 2 maturation protease	m	5mC	5-methylcytosine	51	0.10303030
NC_003197.2	CDS	3308793	3310497	-	1704	EBBPGFGJ_03164	hybC	Hydrogenase-2 large chain	m	5mC	5-methylcytosine	35	0.02053991
NC_003197.2	CDS	3310493	3311672	-	1179	EBBPGFGJ_03165	hybB	Probable Ni/Fe-hydrogenase 2 b-type cytochrome subunit	m	5mC	5-methylcytosine	9	0.00763359
NC_003197.2	CDS	3311661	3312648	-	987	EBBPGFGJ_03166	fdnH_2	Formate dehydrogenase%2C nitrate-inducible%2C iron-sulfur subunit	m	5mC	5-methylcytosine	9	0.00911854
NC_003197.2	CDS	3312650	3313769	-	1119	EBBPGFGJ_03167	hybO	Hydrogenase-2 small chain	m	5mC	5-methylcytosine	12	0.01072386
NC_003197.2	CDS	3313958	3314246	-	288	EBBPGFGJ_03168		hypothetical protein	m	5mC	5-methylcytosine	4	0.01388889
NC_003197.2	CDS	3314330	3315974	-	1644	EBBPGFGJ_03169		hypothetical protein	m	5mC	5-methylcytosine	96	0.05839416
NC_003197.2	CDS	3316280	3316775	-	495	EBBPGFGJ_03170		hypothetical protein	m	5mC	5-methylcytosine	1	0.00202020
NC_003197.2	CDS	3317054	3317558	-	504	EBBPGFGJ_03171		hypothetical protein	m	5mC	5-methylcytosine	3	0.00595238
NC_003197.2	CDS	3317661	3318072	+	411	EBBPGFGJ_03172		hypothetical protein	m	5mC	5-methylcytosine	4	0.00973236
NC_003197.2	CDS	3318058	3318463	+	405	EBBPGFGJ_03173		hypothetical protein	m	5mC	5-methylcytosine	18	0.04444444
NC_003197.2	CDS	3318586	3319471	+	885	EBBPGFGJ_03174	yghA	Uncharacterized oxidoreductase YghA	m	5mC	5-methylcytosine	37	0.04180791
NC_003197.2	CDS	3319583	3320009	-	426	EBBPGFGJ_03175	exbD	Biopolymer transport protein ExbD	m	5mC	5-methylcytosine	14	0.03286385
NC_003197.2	CDS	3320015	3320750	-	735	EBBPGFGJ_03176	exbB	Biopolymer transport protein ExbB	m	5mC	5-methylcytosine	22	0.02993197
NC_003197.2	CDS	3320742	3320880	-	138	EBBPGFGJ_03177		hypothetical protein	m	5mC	5-methylcytosine	1	0.00724638
NC_003197.2	CDS	3321001	3322189	+	1188	EBBPGFGJ_03178	metC	Cystathionine beta-lyase MetC	m	5mC	5-methylcytosine	21	0.01767677
NC_003197.2	CDS	3322328	3322988	+	660	EBBPGFGJ_03179	yghB	Inner membrane protein YghB	m	5mC	5-methylcytosine	26	0.03939394
NC_003197.2	CDS	3323051	3323969	-	918	EBBPGFGJ_03180	rhaS_3	HTH-type transcriptional activator RhaS	m	5mC	5-methylcytosine	8	0.00871460
NC_003197.2	CDS	3324143	3325307	+	1164	EBBPGFGJ_03181	yqhD	Alcohol dehydrogenase YqhD	m	5mC	5-methylcytosine	48	0.04123711
NC_003197.2	CDS	3325412	3326240	+	828	EBBPGFGJ_03182	dkgA	2%2C5-diketo-D-gluconic acid reductase A	m	5mC	5-methylcytosine	16	0.01932367
NC_003197.2	CDS	3326405	3327890	+	1485	EBBPGFGJ_03183	yflS	Putative malate transporter YflS	m	5mC	5-methylcytosine	23	0.01548822
NC_003197.2	CDS	3327934	3328390	+	456	EBBPGFGJ_03184		hypothetical protein	m	5mC	5-methylcytosine	2	0.00438596
NC_003197.2	CDS	3328944	3331116	-	2172	EBBPGFGJ_03186		hypothetical protein	m	5mC	5-methylcytosine	51	0.02348066
NC_003197.2	CDS	3331603	3332587	+	984	EBBPGFGJ_03187		Solute-binding protein Bamb_6123	m	5mC	5-methylcytosine	10	0.01016260
NC_003197.2	CDS	3332628	3333111	+	483	EBBPGFGJ_03188		hypothetical protein	m	5mC	5-methylcytosine	3	0.00621118
NC_003197.2	CDS	3333121	3334429	+	1308	EBBPGFGJ_03189	dctM_1	C4-dicarboxylate TRAP transporter large permease protein DctM	m	5mC	5-methylcytosine	33	0.02522936
NC_003197.2	CDS	3334473	3335886	-	1413	EBBPGFGJ_03190	ftsP	Cell division protein FtsP	m	5mC	5-methylcytosine	64	0.04529370
NC_003197.2	CDS	3335959	3336697	-	738	EBBPGFGJ_03191	plsC	1-acyl-sn-glycerol-3-phosphate acyltransferase	m	5mC	5-methylcytosine	2	0.00271003
NC_003197.2	CDS	3336953	3339212	-	2259	EBBPGFGJ_03192	parC	DNA topoisomerase 4 subunit A	m	5mC	5-methylcytosine	66	0.02921647
NC_003197.2	CDS	3339322	3340189	-	867	EBBPGFGJ_03193	rhaS_4	HTH-type transcriptional activator RhaS	m	5mC	5-methylcytosine	26	0.02998847
NC_003197.2	CDS	3340260	3340653	-	393	EBBPGFGJ_03194	ygiW_2	Protein YgiW	m	5mC	5-methylcytosine	4	0.01017812
NC_003197.2	CDS	3340804	3341464	+	660	EBBPGFGJ_03195	qseB	Transcriptional regulatory protein QseB	m	5mC	5-methylcytosine	35	0.05303030
NC_003197.2	CDS	3341460	3342810	+	1350	EBBPGFGJ_03196	qseC_2	Sensor protein QseC	m	5mC	5-methylcytosine	34	0.02518519
NC_003197.2	CDS	3342916	3343498	+	582	EBBPGFGJ_03197	mdaB	NADPH:quinone oxidoreductase MdaB	m	5mC	5-methylcytosine	3	0.00515464
NC_003197.2	CDS	3343529	3343844	+	315	EBBPGFGJ_03198	ygiN	Probable quinol monooxygenase YgiN	m	5mC	5-methylcytosine	1	0.00317460
NC_003197.2	CDS	3343968	3345861	-	1893	EBBPGFGJ_03199	parE	DNA topoisomerase 4 subunit B	m	5mC	5-methylcytosine	70	0.03697834
NC_003197.2	CDS	3345888	3346470	-	582	EBBPGFGJ_03200		hypothetical protein	m	5mC	5-methylcytosine	12	0.02061856
NC_003197.2	CDS	3346469	3347297	-	828	EBBPGFGJ_03201	cpdA	3'%2C5'-cyclic adenosine monophosphate phosphodiesterase CpdA	m	5mC	5-methylcytosine	28	0.03381643
NC_003197.2	CDS	3347321	3347744	-	423	EBBPGFGJ_03202		hypothetical protein	m	5mC	5-methylcytosine	2	0.00472813
NC_003197.2	CDS	3347740	3348373	-	633	EBBPGFGJ_03203	nudF	ADP-ribose pyrophosphatase	m	5mC	5-methylcytosine	13	0.02053712
NC_003197.2	CDS	3348579	3350049	+	1470	EBBPGFGJ_03204	tolC_1	Outer membrane protein TolC	m	5mC	5-methylcytosine	8	0.00544218
NC_003197.2	CDS	3350261	3350933	+	672	EBBPGFGJ_03205		hypothetical protein	m	5mC	5-methylcytosine	57	0.08482143
NC_003197.2	CDS	3350938	3352102	+	1164	EBBPGFGJ_03206	ygiC	Putative acid--amine ligase YgiC	m	5mC	5-methylcytosine	36	0.03092784
NC_003197.2	CDS	3352163	3352952	-	789	EBBPGFGJ_03207	ygiD	4%2C5-DOPA dioxygenase extradiol	m	5mC	5-methylcytosine	18	0.02281369
NC_003197.2	CDS	3353092	3353866	+	774	EBBPGFGJ_03208	zupT	Zinc transporter ZupT	m	5mC	5-methylcytosine	40	0.05167959
NC_003197.2	CDS	3353932	3354109	-	177	EBBPGFGJ_03209	yqiD	Protein YqiD	m	5mC	5-methylcytosine	1	0.00564972
NC_003197.2	CDS	3354508	3355474	+	966	EBBPGFGJ_03210	assT_3	Arylsulfate sulfotransferase AssT	m	5mC	5-methylcytosine	4	0.00414079
NC_003197.2	CDS	3355509	3356304	+	795	EBBPGFGJ_03211	assT_4	Arylsulfate sulfotransferase AssT	m	5mC	5-methylcytosine	12	0.01509434
NC_003197.2	CDS	3356323	3356995	+	672	EBBPGFGJ_03212	dsbL	Thiol:disulfide interchange protein DsbL	m	5mC	5-methylcytosine	7	0.01041667
NC_003197.2	CDS	3357009	3357687	+	678	EBBPGFGJ_03213	dsbI	Protein-disulfide oxidoreductase DsbI	m	5mC	5-methylcytosine	7	0.01032448
NC_003197.2	CDS	3357857	3358511	-	654	EBBPGFGJ_03214	ribB	3%2C4-dihydroxy-2-butanone 4-phosphate synthase	m	5mC	5-methylcytosine	36	0.05504587
NC_003197.2	CDS	3358947	3359247	+	300	EBBPGFGJ_03215	ubiK	Ubiquinone biosynthesis accessory factor UbiK	m	5mC	5-methylcytosine	2	0.00666667
NC_003197.2	CDS	3359787	3360408	+	621	EBBPGFGJ_03217	yqiJ	Inner membrane protein YqiJ	m	5mC	5-methylcytosine	6	0.00966184
NC_003197.2	CDS	3360426	3362106	+	1680	EBBPGFGJ_03218	yqiK	Inner membrane protein YqiK	m	5mC	5-methylcytosine	22	0.01309524
NC_003197.2	CDS	3362565	3363999	-	1434	EBBPGFGJ_03219	hldE	Bifunctional protein HldE	m	5mC	5-methylcytosine	35	0.02440725
NC_003197.2	CDS	3364046	3366890	-	2844	EBBPGFGJ_03220	glnE	Bifunctional glutamine synthetase adenylyltransferase/adenylyl-removing enzyme	m	5mC	5-methylcytosine	96	0.03375527
NC_003197.2	CDS	3367007	3368309	-	1302	EBBPGFGJ_03221	ygiF	Inorganic triphosphatase	m	5mC	5-methylcytosine	70	0.05376344
NC_003197.2	CDS	3368550	3369165	+	615	EBBPGFGJ_03222		hypothetical protein	m	5mC	5-methylcytosine	3	0.00487805
NC_003197.2	CDS	3369227	3370469	+	1242	EBBPGFGJ_03223	cca	Multifunctional CCA protein	m	5mC	5-methylcytosine	72	0.05797101
NC_003197.2	CDS	3370573	3371395	-	822	EBBPGFGJ_03224	uppP	Undecaprenyl-diphosphatase	m	5mC	5-methylcytosine	6	0.00729927
NC_003197.2	CDS	3371492	3371852	-	360	EBBPGFGJ_03225	folB	Dihydroneopterin aldolase	m	5mC	5-methylcytosine	1	0.00277778
NC_003197.2	CDS	3371958	3372570	+	612	EBBPGFGJ_03226	plsY	Probable glycerol-3-phosphate acyltransferase	m	5mC	5-methylcytosine	19	0.03104575
NC_003197.2	CDS	3372820	3373834	-	1014	EBBPGFGJ_03227	tsaD	tRNA N6-adenosine threonylcarbamoyltransferase	m	5mC	5-methylcytosine	54	0.05325444
NC_003197.2	CDS	3374061	3374277	+	216	EBBPGFGJ_03228	rpsU	30S ribosomal protein S21	m	5mC	5-methylcytosine	6	0.02777778
NC_003197.2	CDS	3374512	3376258	+	1746	EBBPGFGJ_03229	dnaG	DNA primase	m	5mC	5-methylcytosine	64	0.03665521
NC_003197.2	CDS	3376272	3378255	+	1983	EBBPGFGJ_03230	rpoD	RNA polymerase sigma factor RpoD	m	5mC	5-methylcytosine	33	0.01664145
NC_003197.2	CDS	3378378	3378885	-	507	EBBPGFGJ_03231	mug	G/U mismatch-specific DNA glycosylase	m	5mC	5-methylcytosine	10	0.01972387
NC_003197.2	tRNA	3379010	3379086	+	76	EBBPGFGJ_03232		tRNA-Met(cat)	m	5mC	5-methylcytosine	2	0.02631579
NC_003197.2	CDS	3379165	3379933	-	768	EBBPGFGJ_03233	yqjH	NADPH-dependent ferric-chelate reductase	m	5mC	5-methylcytosine	8	0.01041667
NC_003197.2	CDS	3380167	3380812	+	645	EBBPGFGJ_03234	yqjI	Transcriptional regulator YqjI	m	5mC	5-methylcytosine	20	0.03100775
NC_003197.2	CDS	3380808	3382374	-	1566	EBBPGFGJ_03235	trg_2	Methyl-accepting chemotaxis protein III	m	5mC	5-methylcytosine	20	0.01277139
NC_003197.2	CDS	3382761	3384282	-	1521	EBBPGFGJ_03236	aer	Aerotaxis receptor	m	5mC	5-methylcytosine	54	0.03550296
NC_003197.2	CDS	3384711	3386091	+	1380	EBBPGFGJ_03237	patA	Putrescine aminotransferase	m	5mC	5-methylcytosine	19	0.01376812
NC_003197.2	CDS	3386261	3388280	+	2019	EBBPGFGJ_03238	fadH	2%2C4-dienoyl-CoA reductase	m	5mC	5-methylcytosine	134	0.06636949
NC_003197.2	CDS	3388360	3389497	-	1137	EBBPGFGJ_03239	rlmG	Ribosomal RNA large subunit methyltransferase G	m	5mC	5-methylcytosine	25	0.02198769
NC_003197.2	CDS	3389582	3390080	+	498	EBBPGFGJ_03240	ygjP	UTP pyrophosphatase	m	5mC	5-methylcytosine	14	0.02811245
NC_003197.2	CDS	3390231	3390924	+	693	EBBPGFGJ_03241		hypothetical protein	m	5mC	5-methylcytosine	17	0.02453102
NC_003197.2	CDS	3391012	3392011	+	999	EBBPGFGJ_03242	iolU	scyllo-inositol 2-dehydrogenase (NADP(+)) IolU	m	5mC	5-methylcytosine	23	0.02302302
NC_003197.2	CDS	3392283	3393252	+	969	EBBPGFGJ_03243	alx	Putative membrane-bound redox modulator Alx	m	5mC	5-methylcytosine	9	0.00928793
NC_003197.2	CDS	3393506	3394751	+	1245	EBBPGFGJ_03244	sstT	Serine/threonine transporter SstT	m	5mC	5-methylcytosine	18	0.01445783
NC_003197.2	CDS	3395200	3395863	+	663	EBBPGFGJ_03245	yqjA	Inner membrane protein YqjA	m	5mC	5-methylcytosine	32	0.04826546
NC_003197.2	CDS	3395866	3396250	+	384	EBBPGFGJ_03246	mzrA	Modulator protein MzrA	m	5mC	5-methylcytosine	8	0.02083333
NC_003197.2	CDS	3396804	3397110	+	306	EBBPGFGJ_03248	yqjD	Uncharacterized protein YqjD	m	5mC	5-methylcytosine	8	0.02614379
NC_003197.2	CDS	3397112	3397511	+	399	EBBPGFGJ_03249	yqjE	Inner membrane protein YqjE	m	5mC	5-methylcytosine	23	0.05764411
NC_003197.2	CDS	3397507	3397807	+	300	EBBPGFGJ_03250		hypothetical protein	m	5mC	5-methylcytosine	35	0.11666667
NC_003197.2	CDS	3397951	3398437	+	486	EBBPGFGJ_03251	yqjF	Inner membrane protein YqjF	m	5mC	5-methylcytosine	4	0.00823045
NC_003197.2	CDS	3398504	3399491	+	987	EBBPGFGJ_03252	yqjG	Glutathionyl-hydroquinone reductase YqjG	m	5mC	5-methylcytosine	9	0.00911854
NC_003197.2	CDS	3399614	3399980	+	366	EBBPGFGJ_03253	yhaH	Inner membrane protein YhaH	m	5mC	5-methylcytosine	5	0.01366120
NC_003197.2	CDS	3400018	3400915	-	897	EBBPGFGJ_03254	yhaJ_2	HTH-type transcriptional regulator YhaJ	m	5mC	5-methylcytosine	9	0.01003344
NC_003197.2	CDS	3401019	3401721	+	702	EBBPGFGJ_03255	yhaK	Pirin-like protein YhaK	m	5mC	5-methylcytosine	10	0.01424501
NC_003197.2	CDS	3401744	3401909	+	165	EBBPGFGJ_03256		hypothetical protein	m	5mC	5-methylcytosine	3	0.01818182
NC_003197.2	CDS	3402021	3403332	-	1311	EBBPGFGJ_03257	yhaM	UPF0597 protein YhaM	m	5mC	5-methylcytosine	36	0.02745995
NC_003197.2	CDS	3403357	3404689	-	1332	EBBPGFGJ_03258	dlsT	Probable serine transporter	m	5mC	5-methylcytosine	8	0.00600601
NC_003197.2	CDS	3405004	3406369	-	1365	EBBPGFGJ_03259	tdcG	L-serine dehydratase TdcG	m	5mC	5-methylcytosine	23	0.01684982
NC_003197.2	CDS	3406438	3408733	-	2295	EBBPGFGJ_03260	tdcE	PFL-like enzyme TdcE	m	5mC	5-methylcytosine	138	0.06013072
NC_003197.2	CDS	3408766	3409975	-	1209	EBBPGFGJ_03261	tdcD	Propionate kinase	m	5mC	5-methylcytosine	31	0.02564103
NC_003197.2	CDS	3410040	3411372	-	1332	EBBPGFGJ_03262	tdcC	Threonine/serine transporter TdcC	m	5mC	5-methylcytosine	14	0.01051051
NC_003197.2	CDS	3411392	3412382	-	990	EBBPGFGJ_03263	tdcB	L-threonine dehydratase catabolic TdcB	m	5mC	5-methylcytosine	8	0.00808081
NC_003197.2	CDS	3412479	3413418	-	939	EBBPGFGJ_03264	tsaR	HTH-type transcriptional regulator TsaR	m	5mC	5-methylcytosine	9	0.00958466
NC_003197.2	CDS	3414637	3415198	+	561	EBBPGFGJ_03265		hypothetical protein	m	5mC	5-methylcytosine	41	0.07308378
NC_003197.2	CDS	3415216	3416362	-	1146	EBBPGFGJ_03266	garK_2	Glycerate 2-kinase	m	5mC	5-methylcytosine	31	0.02705061
NC_003197.2	CDS	3416459	3417350	-	891	EBBPGFGJ_03267	garR	2-hydroxy-3-oxopropionate reductase	m	5mC	5-methylcytosine	48	0.05387205
NC_003197.2	CDS	3417375	3418146	-	771	EBBPGFGJ_03268	garL	5-keto-4-deoxy-D-glucarate aldolase	m	5mC	5-methylcytosine	22	0.02853437
NC_003197.2	CDS	3418675	3420247	+	1572	EBBPGFGJ_03269	garD	Galactarate dehydratase (L-threo-forming)	m	5mC	5-methylcytosine	110	0.06997455
NC_003197.2	CDS	3420486	3421434	-	948	EBBPGFGJ_03270		Tagatose kinase	m	5mC	5-methylcytosine	8	0.00843882
NC_003197.2	CDS	3421444	3422278	-	834	EBBPGFGJ_03271		hypothetical protein	m	5mC	5-methylcytosine	11	0.01318945
NC_003197.2	CDS	3422611	3423466	+	855	EBBPGFGJ_03272	gatY	D-tagatose-1%2C6-bisphosphate aldolase subunit GatY	m	5mC	5-methylcytosine	6	0.00701754
NC_003197.2	CDS	3423476	3424391	+	915	EBBPGFGJ_03273	lacC_2	Tagatose-6-phosphate kinase	m	5mC	5-methylcytosine	12	0.01311475
NC_003197.2	CDS	3424417	3425845	+	1428	EBBPGFGJ_03274	fruA_2	PTS system fructose-specific EIIABC component	m	5mC	5-methylcytosine	11	0.00770308
NC_003197.2	CDS	3428904	3430278	+	1374	EBBPGFGJ_03279	gatC_2	PTS system galactitol-specific EIIC component	m	5mC	5-methylcytosine	3	0.00218341
NC_003197.2	CDS	3430321	3431365	+	1044	EBBPGFGJ_03280	gatD	Galactitol 1-phosphate 5-dehydrogenase	m	5mC	5-methylcytosine	14	0.01340996
NC_003197.2	CDS	3431475	3432249	+	774	EBBPGFGJ_03281	srlR_4	Glucitol operon repressor	m	5mC	5-methylcytosine	1	0.00129199
NC_003197.2	CDS	3432406	3433270	-	864	EBBPGFGJ_03282	rsmI	Ribosomal RNA small subunit methyltransferase I	m	5mC	5-methylcytosine	45	0.05208333
NC_003197.2	CDS	3433333	3435376	+	2043	EBBPGFGJ_03283	lpoA	Penicillin-binding protein activator LpoA	m	5mC	5-methylcytosine	112	0.05482134
NC_003197.2	CDS	3435333	3435729	+	396	EBBPGFGJ_03284		hypothetical protein	m	5mC	5-methylcytosine	11	0.02777778
NC_003197.2	CDS	3435750	3436341	+	591	EBBPGFGJ_03285	diaA	DnaA initiator-associating protein DiaA	m	5mC	5-methylcytosine	5	0.00846024
NC_003197.2	CDS	3436350	3436926	+	576	EBBPGFGJ_03286	osmY_2	Osmotically-inducible protein Y	m	5mC	5-methylcytosine	10	0.01736111
NC_003197.2	CDS	3436992	3437628	-	636	EBBPGFGJ_03287		hypothetical protein	m	5mC	5-methylcytosine	11	0.01729560
NC_003197.2	CDS	3437758	3438277	+	519	EBBPGFGJ_03288	yhbO	Protein/nucleic acid deglycase 2	m	5mC	5-methylcytosine	17	0.03275530
NC_003197.2	CDS	3438256	3438700	-	444	EBBPGFGJ_03289		hypothetical protein	m	5mC	5-methylcytosine	5	0.01126126
NC_003197.2	CDS	3438737	3439055	+	318	EBBPGFGJ_03290		hypothetical protein	m	5mC	5-methylcytosine	14	0.04402516
NC_003197.2	CDS	3439041	3439545	-	504	EBBPGFGJ_03291		hypothetical protein	m	5mC	5-methylcytosine	11	0.02182540
NC_003197.2	CDS	3439538	3440063	-	525	EBBPGFGJ_03292	ubiJ_1	Ubiquinone biosynthesis accessory factor UbiJ	m	5mC	5-methylcytosine	3	0.00571429
NC_003197.2	CDS	3440279	3441275	+	996	EBBPGFGJ_03293	yhbU	Uncharacterized protease YhbU	m	5mC	5-methylcytosine	60	0.06024096
NC_003197.2	CDS	3441283	3442162	+	879	EBBPGFGJ_03294		hypothetical protein	m	5mC	5-methylcytosine	23	0.02616610
NC_003197.2	CDS	3442339	3443347	+	1008	EBBPGFGJ_03295		hypothetical protein	m	5mC	5-methylcytosine	94	0.09325397
NC_003197.2	CDS	3443324	3444044	-	720	EBBPGFGJ_03296		hypothetical protein	m	5mC	5-methylcytosine	2	0.00277778
NC_003197.2	CDS	3444793	3446038	-	1245	EBBPGFGJ_03298	mtr	Tryptophan-specific transport protein	m	5mC	5-methylcytosine	7	0.00562249
NC_003197.2	CDS	3446191	3448081	-	1890	EBBPGFGJ_03299	deaD	ATP-dependent RNA helicase DeaD	m	5mC	5-methylcytosine	126	0.06666667
NC_003197.2	CDS	3448259	3449144	-	885	EBBPGFGJ_03300	nlpI	Lipoprotein NlpI	m	5mC	5-methylcytosine	2	0.00225989
NC_003197.2	CDS	3449253	3451419	-	2166	EBBPGFGJ_03301	pnp	Polyribonucleotide nucleotidyltransferase	m	5mC	5-methylcytosine	32	0.01477378
NC_003197.2	CDS	3451630	3451900	-	270	EBBPGFGJ_03302	rpsO	30S ribosomal protein S15	m	5mC	5-methylcytosine	2	0.00740741
NC_003197.2	CDS	3452050	3452995	-	945	EBBPGFGJ_03303	truB	tRNA pseudouridine synthase B	m	5mC	5-methylcytosine	12	0.01269841
NC_003197.2	CDS	3452994	3453396	-	402	EBBPGFGJ_03304	rbfA	30S ribosome-binding factor	m	5mC	5-methylcytosine	6	0.01492537
NC_003197.2	CDS	3453616	3456295	-	2679	EBBPGFGJ_03305	infB	Translation initiation factor IF-2	m	5mC	5-methylcytosine	149	0.05561777
NC_003197.2	CDS	3456319	3457822	-	1503	EBBPGFGJ_03306	nusA	Transcription termination/antitermination protein NusA	m	5mC	5-methylcytosine	43	0.02860945
NC_003197.2	CDS	3457849	3458302	-	453	EBBPGFGJ_03307	rimP	Ribosome maturation factor RimP	m	5mC	5-methylcytosine	3	0.00662252
NC_003197.2	tRNA	3458509	3458586	-	77	EBBPGFGJ_03308		tRNA-Met(cat)	m	5mC	5-methylcytosine	1	0.01298701
NC_003197.2	CDS	3458929	3460273	+	1344	EBBPGFGJ_03309	argG	Argininosuccinate synthase	m	5mC	5-methylcytosine	41	0.03050595
NC_003197.2	CDS	3460358	3461423	-	1065	EBBPGFGJ_03310		hypothetical protein	m	5mC	5-methylcytosine	3	0.00281690
NC_003197.2	tRNA	3461758	3461845	-	87	EBBPGFGJ_03311		tRNA-Leu(gag)	m	5mC	5-methylcytosine	3	0.03448276
NC_003197.2	CDS	3461858	3462191	-	333	EBBPGFGJ_03312	secG	Protein-export membrane protein SecG	m	5mC	5-methylcytosine	3	0.00900901
NC_003197.2	CDS	3462413	3463751	-	1338	EBBPGFGJ_03313	glmM_2	Phosphoglucosamine mutase	m	5mC	5-methylcytosine	48	0.03587444
NC_003197.2	CDS	3463743	3464592	-	849	EBBPGFGJ_03314	folP	Dihydropteroate synthase	m	5mC	5-methylcytosine	1	0.00117786
NC_003197.2	CDS	3464696	3466640	-	1944	EBBPGFGJ_03315	ftsH	ATP-dependent zinc metalloprotease FtsH	m	5mC	5-methylcytosine	131	0.06738683
NC_003197.2	CDS	3466734	3467361	-	627	EBBPGFGJ_03316	rlmE	Ribosomal RNA large subunit methyltransferase E	m	5mC	5-methylcytosine	15	0.02392344
NC_003197.2	CDS	3467448	3467781	+	333	EBBPGFGJ_03317	yhbY	RNA-binding protein YhbY	m	5mC	5-methylcytosine	4	0.01201201
NC_003197.2	CDS	3467936	3468413	-	477	EBBPGFGJ_03318	greA	Transcription elongation factor GreA	m	5mC	5-methylcytosine	9	0.01886792
NC_003197.2	CDS	3468660	3470094	+	1434	EBBPGFGJ_03320	dacB	D-alanyl-D-alanine carboxypeptidase DacB	m	5mC	5-methylcytosine	45	0.03138075
NC_003197.2	CDS	3470225	3471398	-	1173	EBBPGFGJ_03321	obg	GTPase Obg	m	5mC	5-methylcytosine	28	0.02387042
NC_003197.2	CDS	3471413	3471755	-	342	EBBPGFGJ_03322	yhbE_1	Uncharacterized inner membrane transporter YhbE	m	5mC	5-methylcytosine	4	0.01169591
NC_003197.2	CDS	3471778	3472378	-	600	EBBPGFGJ_03323	yhbE_2	Uncharacterized inner membrane transporter YhbE	m	5mC	5-methylcytosine	11	0.01833333
NC_003197.2	CDS	3472507	3472765	-	258	EBBPGFGJ_03324	rpmA	50S ribosomal protein L27	m	5mC	5-methylcytosine	1	0.00387597
NC_003197.2	CDS	3472784	3473096	-	312	EBBPGFGJ_03325	rplU	50S ribosomal protein L21	m	5mC	5-methylcytosine	5	0.01602564
NC_003197.2	CDS	3473212	3474325	+	1113	EBBPGFGJ_03326	ispB	Octaprenyl diphosphate synthase	m	5mC	5-methylcytosine	25	0.02246181
NC_003197.2	CDS	3474556	3474844	+	288	EBBPGFGJ_03327		hypothetical protein	m	5mC	5-methylcytosine	2	0.00694444
NC_003197.2	CDS	3474901	3476161	-	1260	EBBPGFGJ_03328	murA	UDP-N-acetylglucosamine 1-carboxyvinyltransferase	m	5mC	5-methylcytosine	74	0.05873016
NC_003197.2	CDS	3476656	3476953	-	297	EBBPGFGJ_03330	mlaB	Intermembrane phospholipid transport system binding protein MlaB	m	5mC	5-methylcytosine	4	0.01346801
NC_003197.2	CDS	3476952	3477588	-	636	EBBPGFGJ_03331	mlaC	Intermembrane phospholipid transport system binding protein MlaC	m	5mC	5-methylcytosine	8	0.01257862
NC_003197.2	CDS	3478162	3478945	-	783	EBBPGFGJ_03333	mlaE	Intermembrane phospholipid transport system permease protein MlaE	m	5mC	5-methylcytosine	5	0.00638570
NC_003197.2	CDS	3478952	3479765	-	813	EBBPGFGJ_03334	mlaF	Intermembrane phospholipid transport system ATP-binding protein MlaF	m	5mC	5-methylcytosine	25	0.03075031
NC_003197.2	CDS	3479977	3480955	+	978	EBBPGFGJ_03335	yrbG	Inner membrane protein YrbG	m	5mC	5-methylcytosine	11	0.01124744
NC_003197.2	CDS	3480968	3481955	+	987	EBBPGFGJ_03336	kdsD	Arabinose 5-phosphate isomerase KdsD	m	5mC	5-methylcytosine	49	0.04964539
NC_003197.2	CDS	3481975	3482542	+	567	EBBPGFGJ_03337	kdsC	3-deoxy-D-manno-octulosonate 8-phosphate phosphatase KdsC	m	5mC	5-methylcytosine	13	0.02292769
NC_003197.2	CDS	3482538	3483114	+	576	EBBPGFGJ_03338	lptC	Lipopolysaccharide export system protein LptC	m	5mC	5-methylcytosine	3	0.00520833
NC_003197.2	CDS	3483082	3483637	+	555	EBBPGFGJ_03339	lptA	Lipopolysaccharide export system protein LptA	m	5mC	5-methylcytosine	6	0.01081081
NC_003197.2	CDS	3483643	3484369	+	726	EBBPGFGJ_03340	lptB_1	Lipopolysaccharide export system ATP-binding protein LptB	m	5mC	5-methylcytosine	22	0.03030303
NC_003197.2	CDS	3484416	3485850	+	1434	EBBPGFGJ_03341	rpoN	RNA polymerase sigma-54 factor	m	5mC	5-methylcytosine	21	0.01464435
NC_003197.2	CDS	3486277	3486769	+	492	EBBPGFGJ_03343	ptsN	Nitrogen regulatory protein	m	5mC	5-methylcytosine	11	0.02235772
NC_003197.2	CDS	3486814	3487669	+	855	EBBPGFGJ_03344	rapZ	RNase adapter protein RapZ	m	5mC	5-methylcytosine	14	0.01637427
NC_003197.2	CDS	3487665	3487938	+	273	EBBPGFGJ_03345	ptsO	Phosphocarrier protein NPr	m	5mC	5-methylcytosine	3	0.01098901
NC_003197.2	CDS	3488186	3488819	+	633	EBBPGFGJ_03346	yrbL	Uncharacterized protein YrbL	m	5mC	5-methylcytosine	13	0.02053712
NC_003197.2	CDS	3488893	3489622	-	729	EBBPGFGJ_03347	mtgA	Biosynthetic peptidoglycan transglycosylase	m	5mC	5-methylcytosine	18	0.02469136
NC_003197.2	CDS	3489618	3490272	-	654	EBBPGFGJ_03348	elbB	Glyoxalase ElbB	m	5mC	5-methylcytosine	45	0.06880734
NC_003197.2	CDS	3490498	3492835	-	2337	EBBPGFGJ_03349	arcB	Aerobic respiration control sensor protein ArcB	m	5mC	5-methylcytosine	14	0.00599059
NC_003197.2	CDS	3492928	3493858	-	930	EBBPGFGJ_03350		hypothetical protein	m	5mC	5-methylcytosine	26	0.02795699
NC_003197.2	CDS	3494529	3498990	+	4461	EBBPGFGJ_03351	gltB	Glutamate synthase [NADPH] large chain	m	5mC	5-methylcytosine	146	0.03272809
NC_003197.2	CDS	3498999	3500418	+	1419	EBBPGFGJ_03352	gltD	Glutamate synthase [NADPH] small chain	m	5mC	5-methylcytosine	55	0.03875969
NC_003197.2	CDS	3500624	3501728	+	1104	EBBPGFGJ_03353	yhcG	Putative nuclease YhcG	m	5mC	5-methylcytosine	5	0.00452899
NC_003197.2	CDS	3501844	3503098	+	1254	EBBPGFGJ_03354	codB	Cytosine permease	m	5mC	5-methylcytosine	17	0.01355662
NC_003197.2	CDS	3503084	3504365	+	1281	EBBPGFGJ_03355	codA	Cytosine deaminase	m	5mC	5-methylcytosine	54	0.04215457
NC_003197.2	CDS	3504447	3504915	-	468	EBBPGFGJ_03356	yhcH_1	Uncharacterized protein YhcH	m	5mC	5-methylcytosine	1	0.00213675
NC_003197.2	CDS	3504911	3505787	-	876	EBBPGFGJ_03357	nanK	N-acetylmannosamine kinase	m	5mC	5-methylcytosine	35	0.03995434
NC_003197.2	CDS	3505783	3506473	-	690	EBBPGFGJ_03358	nanE2	Putative N-acetylmannosamine-6-phosphate 2-epimerase 2	m	5mC	5-methylcytosine	36	0.05217391
NC_003197.2	CDS	3506519	3508010	-	1491	EBBPGFGJ_03359	nanT	Sialic acid transporter NanT	m	5mC	5-methylcytosine	25	0.01676727
NC_003197.2	CDS	3508125	3509019	-	894	EBBPGFGJ_03360	nanA	N-acetylneuraminate lyase	m	5mC	5-methylcytosine	7	0.00782998
NC_003197.2	CDS	3509153	3509936	-	783	EBBPGFGJ_03361	nanR	HTH-type transcriptional repressor NanR	m	5mC	5-methylcytosine	7	0.00893997
NC_003197.2	CDS	3510053	3510554	-	501	EBBPGFGJ_03362	sspB	Stringent starvation protein B	m	5mC	5-methylcytosine	17	0.03393214
NC_003197.2	CDS	3510559	3511198	-	639	EBBPGFGJ_03363	sspA	Stringent starvation protein A	m	5mC	5-methylcytosine	2	0.00312989
NC_003197.2	CDS	3511460	3512255	-	795	EBBPGFGJ_03364		hypothetical protein	m	5mC	5-methylcytosine	7	0.00880503
NC_003197.2	CDS	3512412	3512805	-	393	EBBPGFGJ_03365	rpsI	30S ribosomal protein S9	m	5mC	5-methylcytosine	9	0.02290076
NC_003197.2	CDS	3512820	3513249	-	429	EBBPGFGJ_03366	rplM	50S ribosomal protein L13	m	5mC	5-methylcytosine	6	0.01398601
NC_003197.2	CDS	3513551	3514676	-	1125	EBBPGFGJ_03367	zapE	Cell division protein ZapE	m	5mC	5-methylcytosine	27	0.02400000
NC_003197.2	CDS	3514868	3515267	+	399	EBBPGFGJ_03368	yhcB	Inner membrane protein YhcB	m	5mC	5-methylcytosine	3	0.00751880
NC_003197.2	CDS	3515423	3516791	+	1368	EBBPGFGJ_03369	degQ	Periplasmic pH-dependent serine endoprotease DegQ	m	5mC	5-methylcytosine	23	0.01681287
NC_003197.2	CDS	3516883	3517954	+	1071	EBBPGFGJ_03370	degS	Serine endoprotease DegS	m	5mC	5-methylcytosine	8	0.00746965
NC_003197.2	CDS	3517987	3518686	-	699	EBBPGFGJ_03371	citG_4	2-(5''-triphosphoribosyl)-3'-dephosphocoenzyme-A synthase	m	5mC	5-methylcytosine	7	0.01001431
NC_003197.2	CDS	3518738	3520040	-	1302	EBBPGFGJ_03372	oadB_3	Oxaloacetate decarboxylase beta chain	m	5mC	5-methylcytosine	170	0.13056836
NC_003197.2	CDS	3520052	3521828	-	1776	EBBPGFGJ_03373	oadA_4	Oxaloacetate decarboxylase alpha chain	m	5mC	5-methylcytosine	198	0.11148649
NC_003197.2	CDS	3521843	3522098	-	255	EBBPGFGJ_03374	oadG_3	Oxaloacetate decarboxylase gamma chain	m	5mC	5-methylcytosine	4	0.01568627
NC_003197.2	CDS	3522253	3522871	-	618	EBBPGFGJ_03375	ttdB	L(+)-tartrate dehydratase subunit beta	m	5mC	5-methylcytosine	1	0.00161812
NC_003197.2	CDS	3522870	3523770	-	900	EBBPGFGJ_03376	ttdA_2	L(+)-tartrate dehydratase subunit alpha	m	5mC	5-methylcytosine	3	0.00333333
NC_003197.2	CDS	3523802	3525071	-	1269	EBBPGFGJ_03377	sdcS	Sodium-dependent dicarboxylate transporter SdcS	m	5mC	5-methylcytosine	17	0.01339638
NC_003197.2	CDS	3525281	3525947	-	666	EBBPGFGJ_03378		hypothetical protein	m	5mC	5-methylcytosine	7	0.01051051
NC_003197.2	CDS	3525933	3526563	-	630	EBBPGFGJ_03379		hypothetical protein	m	5mC	5-methylcytosine	10	0.01587302
NC_003197.2	CDS	3526682	3527621	-	939	EBBPGFGJ_03380	mdh_2	Malate dehydrogenase	m	5mC	5-methylcytosine	55	0.05857295
NC_003197.2	CDS	3528034	3528505	+	471	EBBPGFGJ_03381	argR_1	Arginine repressor	m	5mC	5-methylcytosine	3	0.00636943
NC_003197.2	CDS	3528869	3529133	+	264	EBBPGFGJ_03382		hypothetical protein	m	5mC	5-methylcytosine	4	0.01515152
NC_003197.2	CDS	3529236	3529503	+	267	EBBPGFGJ_03383		hypothetical protein	m	5mC	5-methylcytosine	3	0.01123596
NC_003197.2	CDS	3529562	3529835	-	273	EBBPGFGJ_03384	yhcO	Uncharacterized protein YhcO	m	5mC	5-methylcytosine	3	0.01098901
NC_003197.2	CDS	3530006	3531974	-	1968	EBBPGFGJ_03385	aaeB_2	p-hydroxybenzoic acid efflux pump subunit AaeB	m	5mC	5-methylcytosine	30	0.01524390
NC_003197.2	CDS	3531979	3532912	-	933	EBBPGFGJ_03386	aaeA_2	p-hydroxybenzoic acid efflux pump subunit AaeA	m	5mC	5-methylcytosine	50	0.05359057
NC_003197.2	CDS	3533304	3534234	+	930	EBBPGFGJ_03388	dmlR_6	HTH-type transcriptional regulator DmlR	m	5mC	5-methylcytosine	9	0.00967742
NC_003197.2	CDS	3534356	3535802	-	1446	EBBPGFGJ_03389	tldD	Metalloprotease TldD	m	5mC	5-methylcytosine	15	0.01037344
NC_003197.2	CDS	3535946	3539747	-	3801	EBBPGFGJ_03390		hypothetical protein	m	5mC	5-methylcytosine	144	0.03788477
NC_003197.2	CDS	3539853	3541323	-	1470	EBBPGFGJ_03391	rng	Ribonuclease G	m	5mC	5-methylcytosine	54	0.03673469
NC_003197.2	CDS	3541312	3541906	-	594	EBBPGFGJ_03392	yhdE	dTTP/UTP pyrophosphatase	m	5mC	5-methylcytosine	12	0.02020202
NC_003197.2	CDS	3541914	3542406	-	492	EBBPGFGJ_03393	mreD	Rod shape-determining protein MreD	m	5mC	5-methylcytosine	14	0.02845528
NC_003197.2	CDS	3542405	3543458	-	1053	EBBPGFGJ_03394	mreC	Cell shape-determining protein MreC	m	5mC	5-methylcytosine	81	0.07692308
NC_003197.2	CDS	3543522	3544566	-	1044	EBBPGFGJ_03395	mreB	Cell shape-determining protein MreB	m	5mC	5-methylcytosine	25	0.02394636
NC_003197.2	CDS	3544873	3546814	-	1941	EBBPGFGJ_03396	csrD	RNase E specificity factor CsrD	m	5mC	5-methylcytosine	34	0.01751674
NC_003197.2	CDS	3547017	3547992	+	975	EBBPGFGJ_03397	acuI	Probable acrylyl-CoA reductase AcuI	m	5mC	5-methylcytosine	57	0.05846154
NC_003197.2	CDS	3548104	3549109	+	1005	EBBPGFGJ_03398	msrP	Protein-methionine-sulfoxide reductase catalytic subunit MsrP	m	5mC	5-methylcytosine	15	0.01492537
NC_003197.2	CDS	3549109	3549709	+	600	EBBPGFGJ_03399	msrQ	Protein-methionine-sulfoxide reductase heme-binding subunit MsrQ	m	5mC	5-methylcytosine	9	0.01500000
NC_003197.2	CDS	3550101	3550572	+	471	EBBPGFGJ_03400	accB	Biotin carboxyl carrier protein of acetyl-CoA carboxylase	m	5mC	5-methylcytosine	4	0.00849257
NC_003197.2	CDS	3550582	3551932	+	1350	EBBPGFGJ_03401	accC	Biotin carboxylase	m	5mC	5-methylcytosine	76	0.05629630
NC_003197.2	CDS	3552040	3552283	+	243	EBBPGFGJ_03402	yhdT	Uncharacterized membrane protein YhdT	m	5mC	5-methylcytosine	1	0.00411523
NC_003197.2	CDS	3552272	3553724	+	1452	EBBPGFGJ_03403	panF	Sodium/pantothenate symporter	m	5mC	5-methylcytosine	30	0.02066116
NC_003197.2	CDS	3553735	3554617	+	882	EBBPGFGJ_03404	prmA	Ribosomal protein L11 methyltransferase	m	5mC	5-methylcytosine	57	0.06462585
NC_003197.2	CDS	3554702	3554846	-	144	EBBPGFGJ_03405		hypothetical protein	m	5mC	5-methylcytosine	3	0.02083333
NC_003197.2	CDS	3555277	3556243	+	966	EBBPGFGJ_03406	dusB	tRNA-dihydrouridine synthase B	m	5mC	5-methylcytosine	21	0.02173913
NC_003197.2	CDS	3556268	3556565	+	297	EBBPGFGJ_03407	fis	DNA-binding protein Fis	m	5mC	5-methylcytosine	1	0.00336700
NC_003197.2	CDS	3556650	3557535	+	885	EBBPGFGJ_03408	yhdJ_1	DNA adenine methyltransferase YhdJ	m	5mC	5-methylcytosine	4	0.00451977
NC_003197.2	CDS	3557617	3557782	+	165	EBBPGFGJ_03409		hypothetical protein	m	5mC	5-methylcytosine	1	0.00606061
NC_003197.2	CDS	3557932	3560032	+	2100	EBBPGFGJ_03410		Uncharacterized signaling protein PA1727	m	5mC	5-methylcytosine	114	0.05428571
NC_003197.2	CDS	3560034	3560697	-	663	EBBPGFGJ_03411	acrR_2	HTH-type transcriptional regulator AcrR	m	5mC	5-methylcytosine	4	0.00603318
NC_003197.2	CDS	3561110	3562268	+	1158	EBBPGFGJ_03412	acrE	Multidrug export protein AcrE	m	5mC	5-methylcytosine	40	0.03454231
NC_003197.2	CDS	3562279	3565393	+	3114	EBBPGFGJ_03413	acrF	Multidrug export protein AcrF	m	5mC	5-methylcytosine	51	0.01637765
NC_003197.2	CDS	3565628	3565850	+	222	EBBPGFGJ_03414		hypothetical protein	m	5mC	5-methylcytosine	2	0.00900901
NC_003197.2	rRNA	3566636	3566747	-	111	EBBPGFGJ_03415		5S ribosomal RNA	m	5mC	5-methylcytosine	2	0.01801802
NC_003197.2	rRNA	3566881	3566992	-	111	EBBPGFGJ_03417		5S ribosomal RNA	m	5mC	5-methylcytosine	5	0.04504505
NC_003197.2	rRNA	3567088	3570077	-	2989	EBBPGFGJ_03418		23S ribosomal RNA	m	5mC	5-methylcytosine	71	0.02375376
NC_003197.2	tRNA	3570311	3570387	-	76	EBBPGFGJ_03419		tRNA-Glu(ttc)	m	5mC	5-methylcytosine	8	0.10526316
NC_003197.2	rRNA	3570473	3572011	-	1538	EBBPGFGJ_03420		16S ribosomal RNA	m	5mC	5-methylcytosine	93	0.06046814
NC_003197.2	CDS	3572488	3573043	+	555	EBBPGFGJ_03421	yrdA	Protein YrdA	m	5mC	5-methylcytosine	3	0.00540541
NC_003197.2	CDS	3573018	3573276	-	258	EBBPGFGJ_03422		hypothetical protein	m	5mC	5-methylcytosine	2	0.00775194
NC_003197.2	CDS	3573272	3574094	-	822	EBBPGFGJ_03423	aroE	Shikimate dehydrogenase (NADP(+))	m	5mC	5-methylcytosine	8	0.00973236
NC_003197.2	CDS	3574095	3574668	-	573	EBBPGFGJ_03424	tsaC	Threonylcarbamoyl-AMP synthase	m	5mC	5-methylcytosine	22	0.03839442
NC_003197.2	CDS	3574672	3575215	-	543	EBBPGFGJ_03425	topA_2	DNA topoisomerase 1	m	5mC	5-methylcytosine	3	0.00552486
NC_003197.2	CDS	3575241	3575715	-	474	EBBPGFGJ_03426	smg	Protein Smg	m	5mC	5-methylcytosine	6	0.01265823
NC_003197.2	CDS	3575686	3576811	-	1125	EBBPGFGJ_03427		hypothetical protein	m	5mC	5-methylcytosine	27	0.02400000
NC_003197.2	CDS	3576942	3577452	+	510	EBBPGFGJ_03428	def	Peptide deformylase	m	5mC	5-methylcytosine	11	0.02156863
NC_003197.2	CDS	3577467	3578415	+	948	EBBPGFGJ_03429	fmt	Methionyl-tRNA formyltransferase	m	5mC	5-methylcytosine	18	0.01898734
NC_003197.2	CDS	3578466	3579756	+	1290	EBBPGFGJ_03430	rsmB	Ribosomal RNA small subunit methyltransferase B	m	5mC	5-methylcytosine	41	0.03178295
NC_003197.2	CDS	3579777	3581154	+	1377	EBBPGFGJ_03431	trkA	Trk system potassium uptake protein TrkA	m	5mC	5-methylcytosine	36	0.02614379
NC_003197.2	CDS	3581295	3581709	+	414	EBBPGFGJ_03432	mscL	Large-conductance mechanosensitive channel	m	5mC	5-methylcytosine	2	0.00483092
NC_003197.2	CDS	3581644	3581914	-	270	EBBPGFGJ_03433		hypothetical protein	m	5mC	5-methylcytosine	2	0.00740741
NC_003197.2	CDS	3581971	3582397	-	426	EBBPGFGJ_03434	zntR	HTH-type transcriptional regulator ZntR	m	5mC	5-methylcytosine	1	0.00234742
NC_003197.2	CDS	3582883	3583267	-	384	EBBPGFGJ_03436	rplQ	50S ribosomal protein L17	m	5mC	5-methylcytosine	18	0.04687500
NC_003197.2	CDS	3583307	3584297	-	990	EBBPGFGJ_03437	rpoA	DNA-directed RNA polymerase subunit alpha	m	5mC	5-methylcytosine	28	0.02828283
NC_003197.2	CDS	3584322	3584943	-	621	EBBPGFGJ_03438	rpsD	30S ribosomal protein S4	m	5mC	5-methylcytosine	3	0.00483092
NC_003197.2	CDS	3585012	3585393	+	381	EBBPGFGJ_03439		hypothetical protein	m	5mC	5-methylcytosine	2	0.00524934
NC_003197.2	CDS	3585382	3585739	-	357	EBBPGFGJ_03440	rpsM	30S ribosomal protein S13	m	5mC	5-methylcytosine	4	0.01120448
NC_003197.2	CDS	3585885	3586002	-	117	EBBPGFGJ_03441	rpmJ	50S ribosomal protein L36	m	5mC	5-methylcytosine	8	0.06837607
NC_003197.2	CDS	3586033	3587365	-	1332	EBBPGFGJ_03442	secY	Protein translocase subunit SecY	m	5mC	5-methylcytosine	13	0.00975976
NC_003197.2	CDS	3587372	3587807	-	435	EBBPGFGJ_03443	rplO	50S ribosomal protein L15	m	5mC	5-methylcytosine	6	0.01379310
NC_003197.2	CDS	3587993	3588497	-	504	EBBPGFGJ_03445	rpsE	30S ribosomal protein S5	m	5mC	5-methylcytosine	18	0.03571429
NC_003197.2	CDS	3588511	3588865	-	354	EBBPGFGJ_03446	rplR	50S ribosomal protein L18	m	5mC	5-methylcytosine	4	0.01129944
NC_003197.2	CDS	3588874	3589408	-	534	EBBPGFGJ_03447	rplF	50S ribosomal protein L6	m	5mC	5-methylcytosine	21	0.03932584
NC_003197.2	CDS	3589420	3589813	-	393	EBBPGFGJ_03448	rpsH	30S ribosomal protein S8	m	5mC	5-methylcytosine	25	0.06361323
NC_003197.2	CDS	3589846	3590152	-	306	EBBPGFGJ_03449	rpsN	30S ribosomal protein S14	m	5mC	5-methylcytosine	13	0.04248366
NC_003197.2	CDS	3590166	3590706	-	540	EBBPGFGJ_03450	rplE	50S ribosomal protein L5	m	5mC	5-methylcytosine	15	0.02777778
NC_003197.2	CDS	3590720	3591035	-	315	EBBPGFGJ_03451	rplX	50S ribosomal protein L24	m	5mC	5-methylcytosine	5	0.01587302
NC_003197.2	CDS	3591045	3591417	-	372	EBBPGFGJ_03452	rplN	50S ribosomal protein L14	m	5mC	5-methylcytosine	2	0.00537634
NC_003197.2	CDS	3591580	3591835	-	255	EBBPGFGJ_03453	rpsQ	30S ribosomal protein S17	m	5mC	5-methylcytosine	6	0.02352941
NC_003197.2	CDS	3591834	3592026	-	192	EBBPGFGJ_03454	rpmC	50S ribosomal protein L29	m	5mC	5-methylcytosine	12	0.06250000
NC_003197.2	CDS	3592025	3592436	-	411	EBBPGFGJ_03455	rplP	50S ribosomal protein L16	m	5mC	5-methylcytosine	9	0.02189781
NC_003197.2	CDS	3592448	3593150	-	702	EBBPGFGJ_03456	rpsC	30S ribosomal protein S3	m	5mC	5-methylcytosine	12	0.01709402
NC_003197.2	CDS	3593514	3593793	-	279	EBBPGFGJ_03458	rpsS	30S ribosomal protein S19	m	5mC	5-methylcytosine	4	0.01433692
NC_003197.2	CDS	3593809	3594631	-	822	EBBPGFGJ_03459	rplB	50S ribosomal protein L2	m	5mC	5-methylcytosine	58	0.07055961
NC_003197.2	CDS	3594648	3594951	-	303	EBBPGFGJ_03460	rplW	50S ribosomal protein L23	m	5mC	5-methylcytosine	11	0.03630363
NC_003197.2	CDS	3594947	3595553	-	606	EBBPGFGJ_03461	rplD	50S ribosomal protein L4	m	5mC	5-methylcytosine	12	0.01980198
NC_003197.2	CDS	3595563	3596193	-	630	EBBPGFGJ_03462	rplC	50S ribosomal protein L3	m	5mC	5-methylcytosine	11	0.01746032
NC_003197.2	CDS	3596225	3596537	-	312	EBBPGFGJ_03463	rpsJ	30S ribosomal protein S10	m	5mC	5-methylcytosine	8	0.02564103
NC_003197.2	CDS	3596916	3597384	+	468	EBBPGFGJ_03464	outO	Type 4 prepilin-like proteins leader peptide-processing enzyme	m	5mC	5-methylcytosine	8	0.01709402
NC_003197.2	CDS	3597380	3597857	-	477	EBBPGFGJ_03465	bfr	Bacterioferritin	m	5mC	5-methylcytosine	2	0.00419287
NC_003197.2	CDS	3598308	3599493	-	1185	EBBPGFGJ_03467	tuf1_1	Elongation factor Tu 1	m	5mC	5-methylcytosine	34	0.02869198
NC_003197.2	CDS	3599564	3601679	-	2115	EBBPGFGJ_03468	fusA	Elongation factor G	m	5mC	5-methylcytosine	47	0.02222222
NC_003197.2	CDS	3601775	3602246	-	471	EBBPGFGJ_03469	rpsG	30S ribosomal protein S7	m	5mC	5-methylcytosine	1	0.00212314
NC_003197.2	CDS	3602341	3602716	-	375	EBBPGFGJ_03470	rpsL	30S ribosomal protein S12	m	5mC	5-methylcytosine	8	0.02133333
NC_003197.2	CDS	3602841	3603129	-	288	EBBPGFGJ_03471	tusB	Protein TusB	m	5mC	5-methylcytosine	7	0.02430556
NC_003197.2	CDS	3603136	3603493	-	357	EBBPGFGJ_03472	tusC	Protein TusC	m	5mC	5-methylcytosine	3	0.00840336
NC_003197.2	CDS	3603492	3603879	-	387	EBBPGFGJ_03473	tusD	Sulfurtransferase TusD	m	5mC	5-methylcytosine	6	0.01550388
NC_003197.2	CDS	3603878	3604601	-	723	EBBPGFGJ_03474	dauR	Transcriptional regulator DauR	m	5mC	5-methylcytosine	14	0.01936376
NC_003197.2	CDS	3604877	3605696	-	819	EBBPGFGJ_03475	fkpA	FKBP-type peptidyl-prolyl cis-trans isomerase FkpA	m	5mC	5-methylcytosine	24	0.02930403
NC_003197.2	CDS	3605915	3606134	+	219	EBBPGFGJ_03476	slyX	Protein SlyX	m	5mC	5-methylcytosine	3	0.01369863
NC_003197.2	CDS	3606321	3606912	-	591	EBBPGFGJ_03477	slyD	FKBP-type peptidyl-prolyl cis-trans isomerase SlyD	m	5mC	5-methylcytosine	20	0.03384095
NC_003197.2	CDS	3607006	3607207	-	201	EBBPGFGJ_03478		hypothetical protein	m	5mC	5-methylcytosine	1	0.00497512
NC_003197.2	CDS	3607217	3609023	-	1806	EBBPGFGJ_03479	kefC_2	Glutathione-regulated potassium-efflux system protein KefC	m	5mC	5-methylcytosine	23	0.01273533
NC_003197.2	CDS	3609022	3609574	-	552	EBBPGFGJ_03480	ywrO	General stress protein 14	m	5mC	5-methylcytosine	8	0.01449275
NC_003197.2	CDS	3609839	3611747	+	1908	EBBPGFGJ_03481	yheS	Uncharacterized ABC transporter ATP-binding protein YheS	m	5mC	5-methylcytosine	151	0.07914046
NC_003197.2	CDS	3611909	3612131	+	222	EBBPGFGJ_03482		hypothetical protein	m	5mC	5-methylcytosine	18	0.08108108
NC_003197.2	CDS	3612132	3612444	-	312	EBBPGFGJ_03483	ydhR	Putative monooxygenase YdhR	m	5mC	5-methylcytosine	1	0.00320513
NC_003197.2	CDS	3612686	3613709	+	1023	EBBPGFGJ_03484		hypothetical protein	m	5mC	5-methylcytosine	40	0.03910068
NC_003197.2	CDS	3613975	3614845	+	870	EBBPGFGJ_03486	cfxP	Phosphoribulokinase%2C plasmid	m	5mC	5-methylcytosine	11	0.01264368
NC_003197.2	CDS	3614940	3615345	-	405	EBBPGFGJ_03487	yhfA	Protein YhfA	m	5mC	5-methylcytosine	12	0.02962963
NC_003197.2	CDS	3615652	3616285	+	633	EBBPGFGJ_03488	crp	cAMP-activated global transcriptional regulator CRP	m	5mC	5-methylcytosine	2	0.00315956
NC_003197.2	CDS	3616333	3618421	+	2088	EBBPGFGJ_03489		hypothetical protein	m	5mC	5-methylcytosine	83	0.03975096
NC_003197.2	CDS	3618463	3619681	-	1218	EBBPGFGJ_03490	argD	Acetylornithine/succinyldiaminopimelate aminotransferase	m	5mC	5-methylcytosine	17	0.01395731
NC_003197.2	CDS	3619766	3620330	-	564	EBBPGFGJ_03491	pabA	Aminodeoxychorismate synthase component 2	m	5mC	5-methylcytosine	31	0.05496454
NC_003197.2	CDS	3620361	3620964	-	603	EBBPGFGJ_03492	fic	Probable protein adenylyltransferase Fic	m	5mC	5-methylcytosine	6	0.00995025
NC_003197.2	CDS	3620953	3621226	-	273	EBBPGFGJ_03493		hypothetical protein	m	5mC	5-methylcytosine	5	0.01831502
NC_003197.2	CDS	3621229	3621802	-	573	EBBPGFGJ_03494	ppiA	Peptidyl-prolyl cis-trans isomerase A	m	5mC	5-methylcytosine	4	0.00698080
NC_003197.2	CDS	3622078	3623260	+	1182	EBBPGFGJ_03495	tsgA	Protein TsgA	m	5mC	5-methylcytosine	11	0.00930626
NC_003197.2	CDS	3623522	3626066	+	2544	EBBPGFGJ_03496	nasD	Nitrite reductase [NAD(P)H]	m	5mC	5-methylcytosine	104	0.04088050
NC_003197.2	CDS	3626062	3626389	+	327	EBBPGFGJ_03497	nirD	Nitrite reductase (NADH) small subunit	m	5mC	5-methylcytosine	11	0.03363914
NC_003197.2	CDS	3626654	3627464	+	810	EBBPGFGJ_03498	nirC	Nitrite transporter NirC	m	5mC	5-methylcytosine	17	0.02098765
NC_003197.2	CDS	3627475	3628849	+	1374	EBBPGFGJ_03499	cysG	Siroheme synthase	m	5mC	5-methylcytosine	49	0.03566230
NC_003197.2	CDS	3629183	3635036	+	5853	EBBPGFGJ_03500		hypothetical protein	m	5mC	5-methylcytosine	289	0.04937639
NC_003197.2	CDS	3635167	3635626	-	459	EBBPGFGJ_03501		IS200/IS605 family transposase IS200F	m	5mC	5-methylcytosine	1	0.00217865
NC_003197.2	CDS	3636254	3637259	-	1005	EBBPGFGJ_03503	trpS	Tryptophan--tRNA ligase	m	5mC	5-methylcytosine	3	0.00298507
NC_003197.2	CDS	3637251	3638010	-	759	EBBPGFGJ_03504	gph	Phosphoglycolate phosphatase	m	5mC	5-methylcytosine	13	0.01712780
NC_003197.2	CDS	3638002	3638680	-	678	EBBPGFGJ_03505	rpe_2	Ribulose-phosphate 3-epimerase	m	5mC	5-methylcytosine	6	0.00884956
NC_003197.2	CDS	3638697	3639534	-	837	EBBPGFGJ_03506	dam_2	DNA adenine methylase	m	5mC	5-methylcytosine	6	0.00716846
NC_003197.2	CDS	3639714	3640992	-	1278	EBBPGFGJ_03507	damX	Cell division protein DamX	m	5mC	5-methylcytosine	85	0.06651017
NC_003197.2	CDS	3641089	3642178	-	1089	EBBPGFGJ_03508	aroB	3-dehydroquinate synthase	m	5mC	5-methylcytosine	20	0.01836547
NC_003197.2	CDS	3642234	3642756	-	522	EBBPGFGJ_03509	aroK	Shikimate kinase 1	m	5mC	5-methylcytosine	5	0.00957854
NC_003197.2	CDS	3643220	3644423	-	1203	EBBPGFGJ_03510	pilQ	Type IV pilus biogenesis and competence protein PilQ	m	5mC	5-methylcytosine	49	0.04073150
NC_003197.2	CDS	3644373	3644775	-	402	EBBPGFGJ_03511		hypothetical protein	m	5mC	5-methylcytosine	36	0.08955224
NC_003197.2	CDS	3644764	3645238	-	474	EBBPGFGJ_03512		hypothetical protein	m	5mC	5-methylcytosine	42	0.08860759
NC_003197.2	CDS	3645221	3645761	-	540	EBBPGFGJ_03513		hypothetical protein	m	5mC	5-methylcytosine	49	0.09074074
NC_003197.2	CDS	3645760	3646540	-	780	EBBPGFGJ_03514		hypothetical protein	m	5mC	5-methylcytosine	69	0.08846154
NC_003197.2	CDS	3646660	3649213	+	2553	EBBPGFGJ_03515	mrcA	Penicillin-binding protein 1A	m	5mC	5-methylcytosine	98	0.03838621
NC_003197.2	CDS	3649308	3649905	-	597	EBBPGFGJ_03516	nudE	ADP compounds hydrolase NudE	m	5mC	5-methylcytosine	6	0.01005025
NC_003197.2	CDS	3650194	3652327	+	2133	EBBPGFGJ_03517	igaA	Intracellular growth attenuator protein igaA	m	5mC	5-methylcytosine	53	0.02484763
NC_003197.2	CDS	3652391	3653060	+	669	EBBPGFGJ_03518	yrfG	GMP/IMP nucleotidase YrfG	m	5mC	5-methylcytosine	9	0.01345291
NC_003197.2	CDS	3653070	3653472	+	402	EBBPGFGJ_03519	hslR	Heat shock protein 15	m	5mC	5-methylcytosine	44	0.10945274
NC_003197.2	CDS	3653496	3654375	+	879	EBBPGFGJ_03520	hslO	33 kDa chaperonin	m	5mC	5-methylcytosine	24	0.02730375
NC_003197.2	CDS	3654484	3656194	-	1710	EBBPGFGJ_03521		hypothetical protein	m	5mC	5-methylcytosine	9	0.00526316
NC_003197.2	CDS	3656573	3658193	+	1620	EBBPGFGJ_03522	pckA	Phosphoenolpyruvate carboxykinase (ATP)	m	5mC	5-methylcytosine	66	0.04074074
NC_003197.2	CDS	3658267	3659620	-	1353	EBBPGFGJ_03523	envZ	Osmolarity sensor protein EnvZ	m	5mC	5-methylcytosine	77	0.05691057
NC_003197.2	CDS	3659616	3660336	-	720	EBBPGFGJ_03524	ompR	Transcriptional regulatory protein OmpR	m	5mC	5-methylcytosine	20	0.02777778
NC_003197.2	CDS	3660561	3661035	+	474	EBBPGFGJ_03525	greB	Transcription elongation factor GreB	m	5mC	5-methylcytosine	5	0.01054852
NC_003197.2	CDS	3661133	3663464	+	2331	EBBPGFGJ_03526	yhgF	Protein YhgF	m	5mC	5-methylcytosine	94	0.04032604
NC_003197.2	CDS	3663900	3664128	+	228	EBBPGFGJ_03527	feoA	Fe(2+) transport protein A	m	5mC	5-methylcytosine	1	0.00438596
NC_003197.2	CDS	3664146	3666465	+	2319	EBBPGFGJ_03528	feoB	Fe(2+) transporter FeoB	m	5mC	5-methylcytosine	59	0.02544200
NC_003197.2	CDS	3666477	3666714	+	237	EBBPGFGJ_03529	feoC	Probable [Fe-S]-dependent transcriptional repressor FeoC	m	5mC	5-methylcytosine	12	0.05063291
NC_003197.2	CDS	3666948	3667863	+	915	EBBPGFGJ_03530		ISNCY family transposase ISSen7	m	5mC	5-methylcytosine	10	0.01092896
NC_003197.2	CDS	3667898	3668669	-	771	EBBPGFGJ_03531	bioH	Pimeloyl-[acyl-carrier protein] methyl ester esterase	m	5mC	5-methylcytosine	35	0.04539559
NC_003197.2	CDS	3668706	3669390	+	684	EBBPGFGJ_03532	prs_2	Putative ribose-phosphate pyrophosphokinase	m	5mC	5-methylcytosine	12	0.01754386
NC_003197.2	CDS	3669448	3670024	+	576	EBBPGFGJ_03533	nfuA	Fe/S biogenesis protein NfuA	m	5mC	5-methylcytosine	6	0.01041667
NC_003197.2	CDS	3670400	3671717	+	1317	EBBPGFGJ_03534	gntT_2	High-affinity gluconate transporter	m	5mC	5-methylcytosine	17	0.01290812
NC_003197.2	CDS	3671835	3673914	-	2079	EBBPGFGJ_03535	malQ	4-alpha-glucanotransferase	m	5mC	5-methylcytosine	78	0.03751804
NC_003197.2	CDS	3673923	3676317	-	2394	EBBPGFGJ_03536	malP_1	Maltodextrin phosphorylase	m	5mC	5-methylcytosine	37	0.01545530
NC_003197.2	CDS	3676910	3679616	+	2706	EBBPGFGJ_03537	malT_2	HTH-type transcriptional regulator MalT	m	5mC	5-methylcytosine	53	0.01958610
NC_003197.2	CDS	3679981	3680242	-	261	EBBPGFGJ_03539	dinJ	Antitoxin DinJ	m	5mC	5-methylcytosine	3	0.01149425
NC_003197.2	CDS	3680350	3681370	-	1020	EBBPGFGJ_03540	rtcA	RNA 3'-terminal phosphate cyclase	m	5mC	5-methylcytosine	165	0.16176471
NC_003197.2	CDS	3681373	3682591	-	1218	EBBPGFGJ_03541	rtcB_2	RNA-splicing ligase RtcB	m	5mC	5-methylcytosine	11	0.00903120
NC_003197.2	CDS	3683135	3684689	-	1554	EBBPGFGJ_03543	rsr	60 kDa SS-A/Ro ribonucleoprotein homolog	m	5mC	5-methylcytosine	57	0.03667954
NC_003197.2	CDS	3684878	3686462	+	1584	EBBPGFGJ_03544	norR_4	Anaerobic nitric oxide reductase transcription regulator NorR	m	5mC	5-methylcytosine	135	0.08522727
NC_003197.2	CDS	3686458	3687217	-	759	EBBPGFGJ_03545	glpR	Glycerol-3-phosphate regulon repressor	m	5mC	5-methylcytosine	11	0.01449275
NC_003197.2	CDS	3687310	3688141	-	831	EBBPGFGJ_03546	glpG	Rhomboid protease GlpG	m	5mC	5-methylcytosine	18	0.02166065
NC_003197.2	CDS	3688216	3688543	-	327	EBBPGFGJ_03547	glpE	Thiosulfate sulfurtransferase GlpE	m	5mC	5-methylcytosine	5	0.01529052
NC_003197.2	CDS	3688741	3690250	+	1509	EBBPGFGJ_03548	glpD	Aerobic glycerol-3-phosphate dehydrogenase	m	5mC	5-methylcytosine	53	0.03512260
NC_003197.2	CDS	3690296	3690842	-	546	EBBPGFGJ_03549		hypothetical protein	m	5mC	5-methylcytosine	4	0.00732601
NC_003197.2	CDS	3690851	3692348	-	1497	EBBPGFGJ_03550		hypothetical protein	m	5mC	5-methylcytosine	12	0.00801603
NC_003197.2	CDS	3692504	3693614	-	1110	EBBPGFGJ_03551	gldA_1	Glycerol dehydrogenase	m	5mC	5-methylcytosine	9	0.00810811
NC_003197.2	CDS	3693951	3695286	+	1335	EBBPGFGJ_03552	ttuB_3	Putative tartrate transporter	m	5mC	5-methylcytosine	22	0.01647940
NC_003197.2	CDS	3695282	3696998	+	1716	EBBPGFGJ_03553	ilvD_1	Dihydroxy-acid dehydratase	m	5mC	5-methylcytosine	44	0.02564103
NC_003197.2	CDS	3697041	3697947	+	906	EBBPGFGJ_03554	yjhH	Probable 2-dehydro-3-deoxy-D-pentonate aldolase YjhH	m	5mC	5-methylcytosine	10	0.01103753
NC_003197.2	CDS	3697990	3698746	-	756	EBBPGFGJ_03555	rhmR_2	Uncharacterized HTH-type transcriptional regulator RhmR	m	5mC	5-methylcytosine	3	0.00396825
NC_003197.2	CDS	3698923	3701371	-	2448	EBBPGFGJ_03556	malP_2	Maltodextrin phosphorylase	m	5mC	5-methylcytosine	60	0.02450980
NC_003197.2	CDS	3701390	3702824	-	1434	EBBPGFGJ_03557	glgA	Glycogen synthase	m	5mC	5-methylcytosine	50	0.03486750
NC_003197.2	CDS	3702823	3704119	-	1296	EBBPGFGJ_03558	glgC	Glucose-1-phosphate adenylyltransferase	m	5mC	5-methylcytosine	31	0.02391975
NC_003197.2	CDS	3704133	3706110	-	1977	EBBPGFGJ_03559	glgX_2	Glycogen debranching enzyme	m	5mC	5-methylcytosine	91	0.04602934
NC_003197.2	CDS	3706106	3708293	-	2187	EBBPGFGJ_03560	glgB	1%2C4-alpha-glucan branching enzyme GlgB	m	5mC	5-methylcytosine	75	0.03429355
NC_003197.2	CDS	3708639	3709746	-	1107	EBBPGFGJ_03561	asd	Aspartate-semialdehyde dehydrogenase	m	5mC	5-methylcytosine	36	0.03252033
NC_003197.2	CDS	3710169	3711510	-	1341	EBBPGFGJ_03562	gntU	Low-affinity gluconate transporter	m	5mC	5-methylcytosine	56	0.04175988
NC_003197.2	CDS	3711506	3712040	-	534	EBBPGFGJ_03563	gntK_1	Thermoresistant gluconokinase	m	5mC	5-methylcytosine	5	0.00936330
NC_003197.2	CDS	3712178	3713174	-	996	EBBPGFGJ_03564	gntR_2	HTH-type transcriptional regulator GntR	m	5mC	5-methylcytosine	53	0.05321285
NC_003197.2	CDS	3713303	3713999	-	696	EBBPGFGJ_03565	yhhW	Quercetin 2%2C3-dioxygenase	m	5mC	5-methylcytosine	38	0.05459770
NC_003197.2	CDS	3714122	3715160	-	1038	EBBPGFGJ_03566	yhhX	Uncharacterized oxidoreductase YhhX	m	5mC	5-methylcytosine	14	0.01348748
NC_003197.2	CDS	3715628	3716117	+	489	EBBPGFGJ_03568	aaaT	L-amino acid N-acetyltransferase AaaT	m	5mC	5-methylcytosine	17	0.03476483
NC_003197.2	CDS	3716381	3717596	+	1215	EBBPGFGJ_03569	RBKS_2	Ribokinase	m	5mC	5-methylcytosine	9	0.00740741
NC_003197.2	CDS	3717611	3718373	+	762	EBBPGFGJ_03570		hypothetical protein	m	5mC	5-methylcytosine	10	0.01312336
NC_003197.2	CDS	3718426	3719398	+	972	EBBPGFGJ_03571		hypothetical protein	m	5mC	5-methylcytosine	31	0.03189300
NC_003197.2	CDS	3719394	3720429	+	1035	EBBPGFGJ_03572	php	Phosphotriesterase homology protein	m	5mC	5-methylcytosine	8	0.00772947
NC_003197.2	CDS	3720473	3722216	-	1743	EBBPGFGJ_03573	ggt	Glutathione hydrolase proenzyme	m	5mC	5-methylcytosine	82	0.04704532
NC_003197.2	CDS	3722341	3722758	+	417	EBBPGFGJ_03574	yhhA	Uncharacterized protein YhhA	m	5mC	5-methylcytosine	2	0.00479616
NC_003197.2	CDS	3722770	3723511	-	741	EBBPGFGJ_03575	ugpQ	Glycerophosphodiester phosphodiesterase%2C cytoplasmic	m	5mC	5-methylcytosine	16	0.02159244
NC_003197.2	CDS	3723507	3724578	-	1071	EBBPGFGJ_03576	ugpC	sn-glycerol-3-phosphate import ATP-binding protein UgpC	m	5mC	5-methylcytosine	55	0.05135387
NC_003197.2	CDS	3724579	3725425	-	846	EBBPGFGJ_03577	lacG	Lactose transport system permease protein LacG	m	5mC	5-methylcytosine	2	0.00236407
NC_003197.2	CDS	3725421	3726309	-	888	EBBPGFGJ_03578	ugpA	sn-glycerol-3-phosphate transport system permease protein UgpA	m	5mC	5-methylcytosine	6	0.00675676
NC_003197.2	CDS	3726372	3727689	-	1317	EBBPGFGJ_03579	ugpB	sn-glycerol-3-phosphate-binding periplasmic protein UgpB	m	5mC	5-methylcytosine	10	0.00759301
NC_003197.2	CDS	3727947	3728316	-	369	EBBPGFGJ_03580		hypothetical protein	m	5mC	5-methylcytosine	2	0.00542005
NC_003197.2	CDS	3728312	3728534	-	222	EBBPGFGJ_03581		hypothetical protein	m	5mC	5-methylcytosine	3	0.01351351
NC_003197.2	CDS	3728665	3729379	-	714	EBBPGFGJ_03582	livF	High-affinity branched-chain amino acid transport ATP-binding protein LivF	m	5mC	5-methylcytosine	53	0.07422969
NC_003197.2	CDS	3729380	3730148	-	768	EBBPGFGJ_03583	lptB_2	Lipopolysaccharide export system ATP-binding protein LptB	m	5mC	5-methylcytosine	49	0.06380208
NC_003197.2	CDS	3730144	3731422	-	1278	EBBPGFGJ_03584		hypothetical protein	m	5mC	5-methylcytosine	37	0.02895149
NC_003197.2	CDS	3731418	3732345	-	927	EBBPGFGJ_03585	livH	High-affinity branched-chain amino acid transport system permease protein LivH	m	5mC	5-methylcytosine	25	0.02696872
NC_003197.2	CDS	3732404	3733514	-	1110	EBBPGFGJ_03586	livK	Leucine-specific-binding protein	m	5mC	5-methylcytosine	19	0.01711712
NC_003197.2	CDS	3733935	3734319	+	384	EBBPGFGJ_03587	panM	PanD regulatory factor	m	5mC	5-methylcytosine	6	0.01562500
NC_003197.2	CDS	3734513	3735611	-	1098	EBBPGFGJ_03588	livJ	Leu/Ile/Val/Thr-binding protein	m	5mC	5-methylcytosine	34	0.03096539
NC_003197.2	CDS	3735938	3736793	-	855	EBBPGFGJ_03589	rpoH	RNA polymerase sigma factor RpoH	m	5mC	5-methylcytosine	30	0.03508772
NC_003197.2	CDS	3737038	3738094	-	1056	EBBPGFGJ_03590	ftsX	Cell division protein FtsX	m	5mC	5-methylcytosine	59	0.05587121
NC_003197.2	CDS	3738086	3738755	-	669	EBBPGFGJ_03591	ftsE	Cell division ATP-binding protein FtsE	m	5mC	5-methylcytosine	19	0.02840060
NC_003197.2	CDS	3738757	3740233	-	1476	EBBPGFGJ_03592	ftsY	Signal recognition particle receptor FtsY	m	5mC	5-methylcytosine	20	0.01355014
NC_003197.2	CDS	3740358	3740955	+	597	EBBPGFGJ_03593	rsmD	Ribosomal RNA small subunit methyltransferase D	m	5mC	5-methylcytosine	44	0.07370184
NC_003197.2	CDS	3740944	3741214	+	270	EBBPGFGJ_03594		hypothetical protein	m	5mC	5-methylcytosine	1	0.00370370
NC_003197.2	CDS	3741235	3741607	-	372	EBBPGFGJ_03595		hypothetical protein	m	5mC	5-methylcytosine	3	0.00806452
NC_003197.2	CDS	3741748	3742375	+	627	EBBPGFGJ_03596		hypothetical protein	m	5mC	5-methylcytosine	15	0.02392344
NC_003197.2	CDS	3742455	3744654	+	2199	EBBPGFGJ_03597	zntA	Zinc/cadmium/lead-transporting P-type ATPase	m	5mC	5-methylcytosine	218	0.09913597
NC_003197.2	CDS	3744853	3746497	+	1644	EBBPGFGJ_03598	tsr_1	Methyl-accepting chemotaxis protein I	m	5mC	5-methylcytosine	32	0.01946472
NC_003197.2	CDS	3746520	3746856	-	336	EBBPGFGJ_03599	tusA	Sulfur carrier protein TusA	m	5mC	5-methylcytosine	3	0.00892857
NC_003197.2	CDS	3746935	3747601	+	666	EBBPGFGJ_03600	yhhQ	Queuosine precursor transporter	m	5mC	5-methylcytosine	4	0.00600601
NC_003197.2	CDS	3747673	3748231	+	558	EBBPGFGJ_03601		hypothetical protein	m	5mC	5-methylcytosine	11	0.01971326
NC_003197.2	CDS	3748234	3749494	-	1260	EBBPGFGJ_03602	yhhS	Uncharacterized MFS-type transporter YhhS	m	5mC	5-methylcytosine	24	0.01904762
NC_003197.2	CDS	3749583	3750633	+	1050	EBBPGFGJ_03603	yhhT	Putative transport protein YhhT	m	5mC	5-methylcytosine	6	0.00571429
NC_003197.2	CDS	3750684	3751263	+	579	EBBPGFGJ_03604		hypothetical protein	m	5mC	5-methylcytosine	14	0.02417962
NC_003197.2	CDS	3751318	3751756	+	438	EBBPGFGJ_03605	nikR	Nickel-responsive regulator	m	5mC	5-methylcytosine	7	0.01598174
NC_003197.2	CDS	3751845	3752970	-	1125	EBBPGFGJ_03606	yhhJ	Inner membrane transport permease YhhJ	m	5mC	5-methylcytosine	13	0.01155556
NC_003197.2	CDS	3752969	3755711	-	2742	EBBPGFGJ_03607	rbbA	Ribosome-associated ATPase	m	5mC	5-methylcytosine	109	0.03975201
NC_003197.2	CDS	3755707	3756775	-	1068	EBBPGFGJ_03608		hypothetical protein	m	5mC	5-methylcytosine	61	0.05711610
NC_003197.2	CDS	3757080	3758277	-	1197	EBBPGFGJ_03609		Uncharacterized protein HI_0933	m	5mC	5-methylcytosine	38	0.03174603
NC_003197.2	CDS	3758507	3760004	+	1497	EBBPGFGJ_03610	pitA	Low-affinity inorganic phosphate transporter 1	m	5mC	5-methylcytosine	35	0.02338009
NC_003197.2	CDS	3760143	3760479	-	336	EBBPGFGJ_03611	uspB	Universal stress protein B	m	5mC	5-methylcytosine	5	0.01488095
NC_003197.2	CDS	3760866	3761301	+	435	EBBPGFGJ_03612	uspA	Universal stress protein A	m	5mC	5-methylcytosine	4	0.00919540
NC_003197.2	CDS	3761625	3763095	+	1470	EBBPGFGJ_03613	dtpB	Dipeptide and tripeptide permease B	m	5mC	5-methylcytosine	15	0.01020408
NC_003197.2	CDS	3763186	3763945	-	759	EBBPGFGJ_03614	rsmJ	Ribosomal RNA small subunit methyltransferase J	m	5mC	5-methylcytosine	81	0.10671937
NC_003197.2	CDS	3763951	3765994	-	2043	EBBPGFGJ_03615	prlC	Oligopeptidase A	m	5mC	5-methylcytosine	122	0.05971610
NC_003197.2	CDS	3766175	3767447	-	1272	EBBPGFGJ_03616		hypothetical protein	m	5mC	5-methylcytosine	25	0.01965409
NC_003197.2	CDS	3767657	3768500	+	843	EBBPGFGJ_03617	rlmJ	Ribosomal RNA large subunit methyltransferase J	m	5mC	5-methylcytosine	51	0.06049822
NC_003197.2	CDS	3768604	3769957	+	1353	EBBPGFGJ_03618	gor	Glutathione reductase	m	5mC	5-methylcytosine	44	0.03252033
NC_003197.2	CDS	3770003	3771047	-	1044	EBBPGFGJ_03619	ansB_2	L-asparaginase	m	5mC	5-methylcytosine	13	0.01245211
NC_003197.2	CDS	3771105	3772425	-	1320	EBBPGFGJ_03620	dcuA_1	Anaerobic C4-dicarboxylate transporter DcuA	m	5mC	5-methylcytosine	21	0.01590909
NC_003197.2	CDS	3772478	3773324	-	846	EBBPGFGJ_03621	frlD	Fructosamine kinase FrlD	m	5mC	5-methylcytosine	9	0.01063830
NC_003197.2	CDS	3773387	3774365	-	978	EBBPGFGJ_03622	frlB_2	Fructosamine deglycase FrlB	m	5mC	5-methylcytosine	26	0.02658487
NC_003197.2	CDS	3774540	3775260	-	720	EBBPGFGJ_03623	nagR_2	HTH-type transcriptional repressor NagR	m	5mC	5-methylcytosine	18	0.02500000
NC_003197.2	CDS	3775585	3777235	+	1650	EBBPGFGJ_03624	treF	Cytoplasmic trehalase	m	5mC	5-methylcytosine	35	0.02121212
NC_003197.2	CDS	3777247	3778837	-	1590	EBBPGFGJ_03625		hypothetical protein	m	5mC	5-methylcytosine	171	0.10754717
NC_003197.2	CDS	3779117	3779474	+	357	EBBPGFGJ_03626		hypothetical protein	m	5mC	5-methylcytosine	3	0.00840336
NC_003197.2	CDS	3779479	3780082	-	603	EBBPGFGJ_03627	yhjB	Putative HTH-type transcriptional regulator YhjB	m	5mC	5-methylcytosine	5	0.00829187
NC_003197.2	CDS	3780712	3781612	+	900	EBBPGFGJ_03628	dmlR_7	HTH-type transcriptional regulator DmlR	m	5mC	5-methylcytosine	12	0.01333333
NC_003197.2	CDS	3781684	3782713	+	1029	EBBPGFGJ_03629	yhjD	Inner membrane protein YhjD	m	5mC	5-methylcytosine	25	0.02429543
NC_003197.2	CDS	3783063	3784386	+	1323	EBBPGFGJ_03630	yhjE	Inner membrane metabolite transport protein YhjE	m	5mC	5-methylcytosine	49	0.03703704
NC_003197.2	CDS	3784425	3786486	-	2061	EBBPGFGJ_03631		hypothetical protein	m	5mC	5-methylcytosine	57	0.02765648
NC_003197.2	CDS	3786595	3787363	-	768	EBBPGFGJ_03632	pdeH	Cyclic di-GMP phosphodiesterase PdeH	m	5mC	5-methylcytosine	8	0.01041667
NC_003197.2	CDS	3787591	3788521	+	930	EBBPGFGJ_03633	kdgK	2-dehydro-3-deoxygluconokinase	m	5mC	5-methylcytosine	51	0.05483871
NC_003197.2	CDS	3788574	3790062	-	1488	EBBPGFGJ_03634	yhjJ	Protein YhjJ	m	5mC	5-methylcytosine	16	0.01075269
NC_003197.2	CDS	3790281	3791568	-	1287	EBBPGFGJ_03635	dctA	Aerobic C4-dicarboxylate transport protein	m	5mC	5-methylcytosine	26	0.02020202
NC_003197.2	CDS	3791725	3793732	-	2007	EBBPGFGJ_03636	pdeK	Probable cyclic di-GMP phosphodiesterase PdeK	m	5mC	5-methylcytosine	35	0.01743896
NC_003197.2	CDS	3793905	3797448	-	3543	EBBPGFGJ_03637	bcsC	Cellulose synthase operon protein C	m	5mC	5-methylcytosine	131	0.03697432
NC_003197.2	CDS	3797429	3798539	-	1110	EBBPGFGJ_03638	bcsZ	Endoglucanase	m	5mC	5-methylcytosine	55	0.04954955
NC_003197.2	CDS	3798542	3800693	-	2151	EBBPGFGJ_03639	bcsB	Cyclic di-GMP-binding protein	m	5mC	5-methylcytosine	44	0.02045560
NC_003197.2	CDS	3800853	3803478	-	2625	EBBPGFGJ_03640	bcsA	Cellulose synthase catalytic subunit [UDP-forming]	m	5mC	5-methylcytosine	57	0.02171429
NC_003197.2	CDS	3803474	3804227	-	753	EBBPGFGJ_03641	bcsQ	Cellulose biosynthesis protein BcsQ	m	5mC	5-methylcytosine	73	0.09694555
NC_003197.2	CDS	3804227	3804431	-	204	EBBPGFGJ_03642	yhjR	Protein YhjR	m	5mC	5-methylcytosine	1	0.00490196
NC_003197.2	CDS	3804687	3806247	+	1560	EBBPGFGJ_03643	bcsE	Cyclic di-GMP binding protein BcsE	m	5mC	5-methylcytosine	34	0.02179487
NC_003197.2	CDS	3806243	3806435	+	192	EBBPGFGJ_03644		hypothetical protein	m	5mC	5-methylcytosine	1	0.00520833
NC_003197.2	CDS	3806431	3808111	+	1680	EBBPGFGJ_03645	bcsG	Cellulose biosynthesis protein BcsG	m	5mC	5-methylcytosine	42	0.02500000
NC_003197.2	CDS	3808192	3808300	-	108	EBBPGFGJ_03646	ldrD	Small toxic polypeptide LdrD	m	5mC	5-methylcytosine	18	0.16666667
NC_003197.2	CDS	3808942	3810241	+	1299	EBBPGFGJ_03647	yhjV	Inner membrane transport protein YhjV	m	5mC	5-methylcytosine	5	0.00384911
NC_003197.2	CDS	3810341	3811355	-	1014	EBBPGFGJ_03648	oppF_2	Oligopeptide transport ATP-binding protein OppF	m	5mC	5-methylcytosine	26	0.02564103
NC_003197.2	CDS	3811351	3812335	-	984	EBBPGFGJ_03649	dppD	Dipeptide transport ATP-binding protein DppD	m	5mC	5-methylcytosine	62	0.06300813
NC_003197.2	CDS	3812345	3813248	-	903	EBBPGFGJ_03650	dppC_2	Dipeptide transport system permease protein DppC	m	5mC	5-methylcytosine	35	0.03875969
NC_003197.2	CDS	3813257	3814277	-	1020	EBBPGFGJ_03651	dppB_2	Dipeptide transport system permease protein DppB	m	5mC	5-methylcytosine	28	0.02745098
NC_003197.2	CDS	3814433	3816041	-	1608	EBBPGFGJ_03652	dppA	Periplasmic dipeptide transport protein	m	5mC	5-methylcytosine	19	0.01181592
NC_003197.2	CDS	3816596	3817922	-	1326	EBBPGFGJ_03653	pucK	Uric acid permease PucK	m	5mC	5-methylcytosine	29	0.02187029
NC_003197.2	CDS	3817979	3819104	-	1125	EBBPGFGJ_03654		hypothetical protein	m	5mC	5-methylcytosine	42	0.03733333
NC_003197.2	CDS	3819253	3820261	+	1008	EBBPGFGJ_03655	malR	HTH-type transcriptional regulator MalR	m	5mC	5-methylcytosine	108	0.10714286
NC_003197.2	tRNA	3820420	3820497	-	77	EBBPGFGJ_03656		tRNA-Pro(cgg)	m	5mC	5-methylcytosine	11	0.14285714
NC_003197.2	CDS	3820587	3822279	-	1692	EBBPGFGJ_03657	eptB	Kdo(2)-lipid A phosphoethanolamine 7''-transferase	m	5mC	5-methylcytosine	12	0.00709220
NC_003197.2	CDS	3822496	3823024	-	528	EBBPGFGJ_03658	lpfE	Probable fimbrial subunit LpfE	m	5mC	5-methylcytosine	2	0.00378788
NC_003197.2	CDS	3823029	3824109	-	1080	EBBPGFGJ_03659	lpfD_2	Probable minor fimbrial subunit LpfD	m	5mC	5-methylcytosine	10	0.00925926
NC_003197.2	CDS	3824126	3826655	-	2529	EBBPGFGJ_03660	elfC_2	Probable outer membrane usher protein ElfC	m	5mC	5-methylcytosine	70	0.02767892
NC_003197.2	CDS	3826677	3827376	-	699	EBBPGFGJ_03661	lpfB_1	Probable fimbrial chaperone LpfB	m	5mC	5-methylcytosine	9	0.01287554
NC_003197.2	CDS	3827460	3827985	-	525	EBBPGFGJ_03662	lpfA	Probable major fimbrial subunit LpfA	m	5mC	5-methylcytosine	2	0.00380952
NC_003197.2	CDS	3828502	3829207	-	705	EBBPGFGJ_03663		hypothetical protein	m	5mC	5-methylcytosine	15	0.02127660
NC_003197.2	CDS	3829363	3829945	+	582	EBBPGFGJ_03664	tag	DNA-3-methyladenine glycosylase 1	m	5mC	5-methylcytosine	15	0.02577320
NC_003197.2	CDS	3829922	3830363	+	441	EBBPGFGJ_03665	yiaC	Peptidyl-lysine N-acetyltransferase YiaC	m	5mC	5-methylcytosine	14	0.03174603
NC_003197.2	CDS	3830331	3832665	-	2334	EBBPGFGJ_03666	bisC	Biotin sulfoxide reductase	m	5mC	5-methylcytosine	181	0.07754927
NC_003197.2	CDS	3832817	3833480	+	663	EBBPGFGJ_03667	yiaD	Probable lipoprotein YiaD	m	5mC	5-methylcytosine	22	0.03318250
NC_003197.2	CDS	3833698	3834673	+	975	EBBPGFGJ_03668	ghrB	Glyoxylate/hydroxypyruvate reductase B	m	5mC	5-methylcytosine	34	0.03487179
NC_003197.2	CDS	3834722	3835433	-	711	EBBPGFGJ_03669		hypothetical protein	m	5mC	5-methylcytosine	31	0.04360056
NC_003197.2	CDS	3835829	3836162	+	333	EBBPGFGJ_03670		hypothetical protein	m	5mC	5-methylcytosine	7	0.02102102
NC_003197.2	CDS	3836450	3836663	+	213	EBBPGFGJ_03671	cspA	Cold shock protein CspA	m	5mC	5-methylcytosine	2	0.00938967
NC_003197.2	CDS	3836836	3837376	+	540	EBBPGFGJ_03672		hypothetical protein	m	5mC	5-methylcytosine	9	0.01666667
NC_003197.2	CDS	3837747	3838233	-	486	EBBPGFGJ_03673		hypothetical protein	m	5mC	5-methylcytosine	3	0.00617284
NC_003197.2	CDS	3838685	3839153	-	468	EBBPGFGJ_03675	yafP	Uncharacterized N-acetyltransferase YafP	m	5mC	5-methylcytosine	3	0.00641026
NC_003197.2	CDS	3839781	3841851	-	2070	EBBPGFGJ_03676	glyS	Glycine--tRNA ligase beta subunit	m	5mC	5-methylcytosine	158	0.07632850
NC_003197.2	CDS	3841860	3842772	-	912	EBBPGFGJ_03677	glyQ	Glycine--tRNA ligase alpha subunit	m	5mC	5-methylcytosine	43	0.04714912
NC_003197.2	CDS	3842910	3843213	-	303	EBBPGFGJ_03678		hypothetical protein	m	5mC	5-methylcytosine	7	0.02310231
NC_003197.2	CDS	3843378	3844374	+	996	EBBPGFGJ_03679	wecH	O-acetyltransferase WecH	m	5mC	5-methylcytosine	3	0.00301205
NC_003197.2	CDS	3844396	3844750	-	354	EBBPGFGJ_03680		hypothetical protein	m	5mC	5-methylcytosine	3	0.00847458
NC_003197.2	CDS	3844924	3846379	-	1455	EBBPGFGJ_03681	xylB	Xylulose kinase	m	5mC	5-methylcytosine	85	0.05841924
NC_003197.2	CDS	3846478	3847801	-	1323	EBBPGFGJ_03682	xylA	Xylose isomerase	m	5mC	5-methylcytosine	31	0.02343159
NC_003197.2	CDS	3848163	3849342	+	1179	EBBPGFGJ_03683	xylR	Xylose operon regulatory protein	m	5mC	5-methylcytosine	82	0.06955047
NC_003197.2	CDS	3849402	3850227	-	825	EBBPGFGJ_03684		hypothetical protein	m	5mC	5-methylcytosine	16	0.01939394
NC_003197.2	CDS	3850542	3852570	+	2028	EBBPGFGJ_03685	malS	Periplasmic alpha-amylase	m	5mC	5-methylcytosine	97	0.04783037
NC_003197.2	CDS	3852743	3853994	+	1251	EBBPGFGJ_03686	avtA	Valine--pyruvate aminotransferase	m	5mC	5-methylcytosine	32	0.02557954
NC_003197.2	CDS	3854030	3854504	-	474	EBBPGFGJ_03687	hyfA_3	Hydrogenase-4 component A	m	5mC	5-methylcytosine	34	0.07172996
NC_003197.2	CDS	3854620	3855421	-	801	EBBPGFGJ_03688	yiaJ	DNA-binding transcriptional repressor YiaJ	m	5mC	5-methylcytosine	11	0.01373283
NC_003197.2	CDS	3855650	3856649	+	999	EBBPGFGJ_03689	dlgD	2%2C3-diketo-L-gulonate reductase	m	5mC	5-methylcytosine	48	0.04804805
NC_003197.2	CDS	3856660	3857125	+	465	EBBPGFGJ_03690	yhcH_2	Uncharacterized protein YhcH	m	5mC	5-methylcytosine	5	0.01075269
NC_003197.2	CDS	3857148	3858081	+	933	EBBPGFGJ_03691	yiaX1	Uncharacterized protein YiaX1	m	5mC	5-methylcytosine	12	0.01286174
NC_003197.2	CDS	3858219	3858693	+	474	EBBPGFGJ_03692	yiaM	2%2C3-diketo-L-gulonate TRAP transporter small permease protein YiaM	m	5mC	5-methylcytosine	3	0.00632911
NC_003197.2	CDS	3858695	3859973	+	1278	EBBPGFGJ_03693	siaM	Sialic acid TRAP transporter large permease protein SiaM	m	5mC	5-methylcytosine	42	0.03286385
NC_003197.2	CDS	3859984	3860971	+	987	EBBPGFGJ_03694	yiaO	2%2C3-diketo-L-gulonate-binding periplasmic protein YiaO	m	5mC	5-methylcytosine	4	0.00405268
NC_003197.2	CDS	3860974	3862471	+	1497	EBBPGFGJ_03695	lyx	L-xylulose/3-keto-L-gulonate kinase	m	5mC	5-methylcytosine	129	0.08617234
NC_003197.2	CDS	3862467	3863130	+	663	EBBPGFGJ_03696	sgbH	3-keto-L-gulonate-6-phosphate decarboxylase SgbH	m	5mC	5-methylcytosine	28	0.04223228
NC_003197.2	CDS	3863122	3863983	+	861	EBBPGFGJ_03697	ulaE_1	L-ribulose-5-phosphate 3-epimerase UlaE	m	5mC	5-methylcytosine	18	0.02090592
NC_003197.2	CDS	3863976	3864672	+	696	EBBPGFGJ_03698	sgbE	L-ribulose-5-phosphate 4-epimerase SgbE	m	5mC	5-methylcytosine	51	0.07327586
NC_003197.2	CDS	3864832	3865648	-	816	EBBPGFGJ_03699	rhaR_5	HTH-type transcriptional activator RhaR	m	5mC	5-methylcytosine	30	0.03676471
NC_003197.2	CDS	3865911	3867867	+	1956	EBBPGFGJ_03700	hypBA1	Non-reducing end beta-L-arabinofuranosidase	m	5mC	5-methylcytosine	60	0.03067485
NC_003197.2	CDS	3867984	3869523	-	1539	EBBPGFGJ_03701	aldB	Aldehyde dehydrogenase B	m	5mC	5-methylcytosine	15	0.00974659
NC_003197.2	CDS	3869691	3870573	+	882	EBBPGFGJ_03702	bglK	Beta-glucoside kinase	m	5mC	5-methylcytosine	48	0.05442177
NC_003197.2	CDS	3870857	3872708	-	1851	EBBPGFGJ_03703	selB	Selenocysteine-specific elongation factor	m	5mC	5-methylcytosine	66	0.03565640
NC_003197.2	CDS	3872704	3874096	-	1392	EBBPGFGJ_03704	selA	L-seryl-tRNA(Sec) selenium transferase	m	5mC	5-methylcytosine	110	0.07902299
NC_003197.2	CDS	3874194	3874803	-	609	EBBPGFGJ_03705	yibF	Uncharacterized GST-like protein YibF	m	5mC	5-methylcytosine	5	0.00821018
NC_003197.2	CDS	3875278	3877195	+	1917	EBBPGFGJ_03706	mtlA	PTS system mannitol-specific EIICBA component	m	5mC	5-methylcytosine	50	0.02608242
NC_003197.2	CDS	3877415	3878564	+	1149	EBBPGFGJ_03707	mtlD	Mannitol-1-phosphate 5-dehydrogenase	m	5mC	5-methylcytosine	28	0.02436902
NC_003197.2	CDS	3878560	3879151	+	591	EBBPGFGJ_03708	mtlR	Mannitol operon repressor	m	5mC	5-methylcytosine	36	0.06091371
NC_003197.2	CDS	3879160	3879370	-	210	EBBPGFGJ_03709		hypothetical protein	m	5mC	5-methylcytosine	3	0.01428571
NC_003197.2	CDS	3879660	3880023	+	363	EBBPGFGJ_03710	yibL	Uncharacterized protein YibL	m	5mC	5-methylcytosine	7	0.01928375
NC_003197.2	CDS	3881239	3885625	+	4386	EBBPGFGJ_03712	sadA	Autotransporter adhesin SadA	m	5mC	5-methylcytosine	98	0.02234382
NC_003197.2	CDS	3885923	3887579	+	1656	EBBPGFGJ_03713	lldP	L-lactate permease	m	5mC	5-methylcytosine	31	0.01871981
NC_003197.2	CDS	3887575	3888352	+	777	EBBPGFGJ_03714	lldR_1	Putative L-lactate dehydrogenase operon regulatory protein	m	5mC	5-methylcytosine	45	0.05791506
NC_003197.2	CDS	3888348	3889539	+	1191	EBBPGFGJ_03715	lldD	L-lactate dehydrogenase	m	5mC	5-methylcytosine	105	0.08816121
NC_003197.2	CDS	3889602	3890076	+	474	EBBPGFGJ_03716	trmL_1	tRNA (cytidine(34)-2'-O)-methyltransferase	m	5mC	5-methylcytosine	2	0.00421941
NC_003197.2	CDS	3890143	3891148	-	1005	EBBPGFGJ_03717	gntR_3	HTH-type transcriptional regulator GntR	m	5mC	5-methylcytosine	4	0.00398010
NC_003197.2	CDS	3891466	3892663	+	1197	EBBPGFGJ_03718		L-talarate/galactarate dehydratase	m	5mC	5-methylcytosine	10	0.00835422
NC_003197.2	CDS	3892736	3894047	+	1311	EBBPGFGJ_03719	gudP_2	Probable glucarate transporter	m	5mC	5-methylcytosine	9	0.00686499
NC_003197.2	CDS	3894129	3894951	-	822	EBBPGFGJ_03720	cysE_2	Serine acetyltransferase	m	5mC	5-methylcytosine	25	0.03041363
NC_003197.2	CDS	3895028	3896048	-	1020	EBBPGFGJ_03721	gpsA	Glycerol-3-phosphate dehydrogenase [NAD(P)+]	m	5mC	5-methylcytosine	87	0.08529412
NC_003197.2	CDS	3896047	3896515	-	468	EBBPGFGJ_03722	secB	Protein-export protein SecB	m	5mC	5-methylcytosine	1	0.00213675
NC_003197.2	CDS	3896558	3896810	-	252	EBBPGFGJ_03723	grxC	Glutaredoxin 3	m	5mC	5-methylcytosine	4	0.01587302
NC_003197.2	CDS	3896896	3897328	-	432	EBBPGFGJ_03724	yibN	Uncharacterized protein YibN	m	5mC	5-methylcytosine	3	0.00694444
NC_003197.2	CDS	3897575	3899120	+	1545	EBBPGFGJ_03725	gpmI	2%2C3-bisphosphoglycerate-independent phosphoglycerate mutase	m	5mC	5-methylcytosine	56	0.03624595
NC_003197.2	CDS	3899129	3900413	+	1284	EBBPGFGJ_03726	envC	Murein hydrolase activator EnvC	m	5mC	5-methylcytosine	131	0.10202492
NC_003197.2	CDS	3900416	3901379	+	963	EBBPGFGJ_03727		hypothetical protein	m	5mC	5-methylcytosine	64	0.06645898
NC_003197.2	CDS	3901365	3902400	-	1035	EBBPGFGJ_03728	epsJ	Uncharacterized glycosyltransferase EpsJ	m	5mC	5-methylcytosine	24	0.02318841
NC_003197.2	CDS	3902893	3903919	-	1026	EBBPGFGJ_03729	tdh	L-threonine 3-dehydrogenase	m	5mC	5-methylcytosine	10	0.00974659
NC_003197.2	CDS	3903928	3905125	-	1197	EBBPGFGJ_03730	kbl	2-amino-3-ketobutyrate coenzyme A ligase	m	5mC	5-methylcytosine	53	0.04427736
NC_003197.2	CDS	3905327	3906260	+	933	EBBPGFGJ_03731	hldD	ADP-L-glycero-D-manno-heptose-6-epimerase	m	5mC	5-methylcytosine	29	0.03108253
NC_003197.2	CDS	3906262	3907309	+	1047	EBBPGFGJ_03732	rfaF	ADP-heptose--LPS heptosyltransferase 2	m	5mC	5-methylcytosine	122	0.11652340
NC_003197.2	CDS	3907308	3908262	+	954	EBBPGFGJ_03733	rfaC	Lipopolysaccharide heptosyltransferase 1	m	5mC	5-methylcytosine	33	0.03459119
NC_003197.2	CDS	3908301	3909516	+	1215	EBBPGFGJ_03734		hypothetical protein	m	5mC	5-methylcytosine	12	0.00987654
NC_003197.2	CDS	3909572	3910718	-	1146	EBBPGFGJ_03735	mshA_3	D-inositol-3-phosphate glycosyltransferase	m	5mC	5-methylcytosine	12	0.01047120
NC_003197.2	CDS	3910818	3911628	-	810	EBBPGFGJ_03736		hypothetical protein	m	5mC	5-methylcytosine	16	0.01975309
NC_003197.2	CDS	3911777	3912476	-	699	EBBPGFGJ_03737	rfaY	Lipopolysaccharide core heptose(II) kinase RfaY	m	5mC	5-methylcytosine	5	0.00715308
NC_003197.2	CDS	3912498	3913509	-	1011	EBBPGFGJ_03738		hypothetical protein	m	5mC	5-methylcytosine	8	0.00791296
NC_003197.2	CDS	3913526	3914549	-	1023	EBBPGFGJ_03739		hypothetical protein	m	5mC	5-methylcytosine	13	0.01270772
NC_003197.2	CDS	3914545	3915625	-	1080	EBBPGFGJ_03740	rfaB	Lipopolysaccharide 1%2C6-galactosyltransferase	m	5mC	5-methylcytosine	2	0.00185185
NC_003197.2	CDS	3915694	3915904	-	210	EBBPGFGJ_03741		hypothetical protein	m	5mC	5-methylcytosine	2	0.00952381
NC_003197.2	CDS	3915959	3916757	-	798	EBBPGFGJ_03742	rfaP	Lipopolysaccharide core heptose(I) kinase RfaP	m	5mC	5-methylcytosine	14	0.01754386
NC_003197.2	CDS	3916749	3917874	-	1125	EBBPGFGJ_03743	rfaG	Lipopolysaccharide core biosynthesis protein RfaG	m	5mC	5-methylcytosine	20	0.01777778
NC_003197.2	CDS	3917870	3918941	-	1071	EBBPGFGJ_03744	rfaQ	Lipopolysaccharide core heptosyltransferase RfaQ	m	5mC	5-methylcytosine	13	0.01213819
NC_003197.2	CDS	3919349	3920627	+	1278	EBBPGFGJ_03745	waaA	3-deoxy-D-manno-octulosonic acid transferase	m	5mC	5-methylcytosine	87	0.06807512
NC_003197.2	CDS	3920635	3921115	+	480	EBBPGFGJ_03746	coaD	Phosphopantetheine adenylyltransferase	m	5mC	5-methylcytosine	24	0.05000000
NC_003197.2	CDS	3921142	3921952	-	810	EBBPGFGJ_03747	mutM	Formamidopyrimidine-DNA glycosylase	m	5mC	5-methylcytosine	29	0.03580247
NC_003197.2	CDS	3922049	3922217	-	168	EBBPGFGJ_03748	rpmG	50S ribosomal protein L33	m	5mC	5-methylcytosine	4	0.02380952
NC_003197.2	CDS	3922237	3922474	-	237	EBBPGFGJ_03749	rpmB	50S ribosomal protein L28	m	5mC	5-methylcytosine	1	0.00421941
NC_003197.2	CDS	3922691	3923357	-	666	EBBPGFGJ_03750		UPF0758 protein SP_1088	m	5mC	5-methylcytosine	30	0.04504505
NC_003197.2	CDS	3923529	3924753	+	1224	EBBPGFGJ_03751	coaBC	Coenzyme A biosynthesis bifunctional protein CoaBC	m	5mC	5-methylcytosine	74	0.06045752
NC_003197.2	CDS	3924730	3925189	+	459	EBBPGFGJ_03752	dut	Deoxyuridine 5'-triphosphate nucleotidohydrolase	m	5mC	5-methylcytosine	3	0.00653595
NC_003197.2	CDS	3925296	3925893	+	597	EBBPGFGJ_03753	slmA	Nucleoid occlusion factor SlmA	m	5mC	5-methylcytosine	27	0.04522613
NC_003197.2	CDS	3925970	3926612	-	642	EBBPGFGJ_03754	pyrE	Orotate phosphoribosyltransferase	m	5mC	5-methylcytosine	3	0.00467290
NC_003197.2	CDS	3926690	3927407	-	717	EBBPGFGJ_03755	rph	Ribonuclease PH	m	5mC	5-methylcytosine	45	0.06276151
NC_003197.2	CDS	3927532	3928396	+	864	EBBPGFGJ_03756	yicC	UPF0701 protein YicC	m	5mC	5-methylcytosine	24	0.02777778
NC_003197.2	CDS	3928445	3929348	-	903	EBBPGFGJ_03757	yidZ_1	HTH-type transcriptional regulator YidZ	m	5mC	5-methylcytosine	26	0.02879291
NC_003197.2	CDS	3929421	3930303	+	882	EBBPGFGJ_03758		hypothetical protein	m	5mC	5-methylcytosine	21	0.02380952
NC_003197.2	CDS	3930553	3931171	+	618	EBBPGFGJ_03759	yicG	UPF0126 inner membrane protein YicG	m	5mC	5-methylcytosine	5	0.00809061
NC_003197.2	CDS	3931167	3932853	-	1686	EBBPGFGJ_03760	ligB	DNA ligase B	m	5mC	5-methylcytosine	65	0.03855279
NC_003197.2	CDS	3933109	3933733	+	624	EBBPGFGJ_03761	gmk	Guanylate kinase	m	5mC	5-methylcytosine	19	0.03044872
NC_003197.2	CDS	3933787	3934063	+	276	EBBPGFGJ_03762	rpoZ	DNA-directed RNA polymerase subunit omega	m	5mC	5-methylcytosine	9	0.03260870
NC_003197.2	CDS	3934081	3936193	+	2112	EBBPGFGJ_03763	spoT	Bifunctional (p)ppGpp synthase/hydrolase SpoT	m	5mC	5-methylcytosine	77	0.03645833
NC_003197.2	CDS	3936197	3936887	+	690	EBBPGFGJ_03764	trmH	tRNA (guanosine(18)-2'-O)-methyltransferase	m	5mC	5-methylcytosine	12	0.01739130
NC_003197.2	CDS	3936892	3938974	+	2082	EBBPGFGJ_03765	recG	ATP-dependent DNA helicase RecG	m	5mC	5-methylcytosine	107	0.05139289
NC_003197.2	CDS	3938976	3939828	-	852	EBBPGFGJ_03766		hypothetical protein	m	5mC	5-methylcytosine	5	0.00586854
NC_003197.2	CDS	3939830	3941036	-	1206	EBBPGFGJ_03767	gltS	Sodium/glutamate symporter	m	5mC	5-methylcytosine	20	0.01658375
NC_003197.2	CDS	3941263	3942655	+	1392	EBBPGFGJ_03768	xanP	Xanthine permease XanP	m	5mC	5-methylcytosine	56	0.04022989
NC_003197.2	CDS	3942775	3944485	+	1710	EBBPGFGJ_03769		hypothetical protein	m	5mC	5-methylcytosine	96	0.05614035
NC_003197.2	CDS	3944587	3946906	-	2319	EBBPGFGJ_03770	yicI	Alpha-xylosidase	m	5mC	5-methylcytosine	72	0.03104787
NC_003197.2	CDS	3946917	3948300	-	1383	EBBPGFGJ_03771	yicJ_2	Inner membrane symporter YicJ	m	5mC	5-methylcytosine	39	0.02819957
NC_003197.2	tRNA	3948587	3948682	+	95	EBBPGFGJ_03772		tRNA-SeC(tca)	m	5mC	5-methylcytosine	1	0.01052632
NC_003197.2	CDS	3948998	3949343	-	345	EBBPGFGJ_03773		hypothetical protein	m	5mC	5-methylcytosine	1	0.00289855
NC_003197.2	CDS	3950020	3951211	+	1191	EBBPGFGJ_03774	recF_1	DNA replication and repair protein RecF	m	5mC	5-methylcytosine	20	0.01679261
NC_003197.2	CDS	3951210	3951558	+	348	EBBPGFGJ_03775		hypothetical protein	m	5mC	5-methylcytosine	1	0.00287356
NC_003197.2	CDS	3951744	3952782	+	1038	EBBPGFGJ_03776		hypothetical protein	m	5mC	5-methylcytosine	16	0.01541426
NC_003197.2	CDS	3952893	3953067	-	174	EBBPGFGJ_03777		hypothetical protein	m	5mC	5-methylcytosine	2	0.01149425
NC_003197.2	CDS	3954080	3954698	+	618	EBBPGFGJ_03778	ecpR	HTH-type transcriptional regulator EcpR	m	5mC	5-methylcytosine	1	0.00161812
NC_003197.2	CDS	3954772	3957640	+	2868	EBBPGFGJ_03779		hypothetical protein	m	5mC	5-methylcytosine	128	0.04463040
NC_003197.2	CDS	3957734	3958199	-	465	EBBPGFGJ_03780		hypothetical protein	m	5mC	5-methylcytosine	18	0.03870968
NC_003197.2	CDS	3958209	3959067	-	858	EBBPGFGJ_03781		hypothetical protein	m	5mC	5-methylcytosine	8	0.00932401
NC_003197.2	CDS	3959850	3960531	+	681	EBBPGFGJ_03782	ycaC_2	Probable hydrolase YcaC	m	5mC	5-methylcytosine	22	0.03230543
NC_003197.2	CDS	3960759	3961239	-	480	EBBPGFGJ_03783		hypothetical protein	m	5mC	5-methylcytosine	5	0.01041667
NC_003197.2	CDS	3961553	3964280	-	2727	EBBPGFGJ_03785	mgtB	Magnesium-transporting ATPase%2C P-type 1	m	5mC	5-methylcytosine	109	0.03997066
NC_003197.2	CDS	3964499	3965183	-	684	EBBPGFGJ_03786	mgtC	Protein MgtC	m	5mC	5-methylcytosine	13	0.01900585
NC_003197.2	CDS	3965703	3966606	+	903	EBBPGFGJ_03787	yicL	Uncharacterized inner membrane transporter YicL	m	5mC	5-methylcytosine	18	0.01993355
NC_003197.2	CDS	3966648	3967590	-	942	EBBPGFGJ_03788		ISNCY family transposase ISRor2	m	5mC	5-methylcytosine	5	0.00530786
NC_003197.2	CDS	3967825	3968569	-	744	EBBPGFGJ_03789	dgaF_1	2-dehydro-3-deoxy-phosphogluconate aldolase	m	5mC	5-methylcytosine	102	0.13709677
NC_003197.2	CDS	3968555	3969665	-	1110	EBBPGFGJ_03790	dgaE_1	D-glucosaminate-6-phosphate ammonia lyase	m	5mC	5-methylcytosine	38	0.03423423
NC_003197.2	CDS	3969668	3970526	-	858	EBBPGFGJ_03791	manZ_3	PTS system mannose-specific EIID component	m	5mC	5-methylcytosine	21	0.02447552
NC_003197.2	CDS	3970525	3971275	-	750	EBBPGFGJ_03792	agaC_1	N-acetylgalactosamine permease IIC component 1	m	5mC	5-methylcytosine	28	0.03733333
NC_003197.2	CDS	3971420	3971906	-	486	EBBPGFGJ_03793	levE	PTS system fructose-specific EIIB component	m	5mC	5-methylcytosine	7	0.01440329
NC_003197.2	CDS	3971916	3972342	-	426	EBBPGFGJ_03794		hypothetical protein	m	5mC	5-methylcytosine	32	0.07511737
NC_003197.2	CDS	3972560	3975359	-	2799	EBBPGFGJ_03795	dgaR_1	Transcriptional regulatory protein DagR	m	5mC	5-methylcytosine	107	0.03822794
NC_003197.2	CDS	3975555	3975849	+	294	EBBPGFGJ_03796		hypothetical protein	m	5mC	5-methylcytosine	7	0.02380952
NC_003197.2	CDS	3975954	3977337	+	1383	EBBPGFGJ_03797	gmuD	6-phospho-beta-glucosidase GmuD	m	5mC	5-methylcytosine	24	0.01735358
NC_003197.2	CDS	3977396	3978590	-	1194	EBBPGFGJ_03798	nepI	Purine ribonucleoside efflux pump NepI	m	5mC	5-methylcytosine	17	0.01423786
NC_003197.2	CDS	3978805	3979165	+	360	EBBPGFGJ_03799		hypothetical protein	m	5mC	5-methylcytosine	8	0.02222222
NC_003197.2	CDS	3979148	3979472	+	324	EBBPGFGJ_03800		hypothetical protein	m	5mC	5-methylcytosine	5	0.01543210
NC_003197.2	CDS	3979841	3980702	-	861	EBBPGFGJ_03802	fba	Fructose-bisphosphate aldolase	m	5mC	5-methylcytosine	7	0.00813008
NC_003197.2	CDS	3980764	3982249	-	1485	EBBPGFGJ_03803	glpK_1	Glycerol kinase	m	5mC	5-methylcytosine	24	0.01616162
NC_003197.2	CDS	3982241	3983600	-	1359	EBBPGFGJ_03804	gatC_3	PTS system galactitol-specific EIIC component	m	5mC	5-methylcytosine	21	0.01545254
NC_003197.2	CDS	3983959	3984433	-	474	EBBPGFGJ_03806		hypothetical protein	m	5mC	5-methylcytosine	3	0.00632911
NC_003197.2	CDS	3984450	3985194	-	744	EBBPGFGJ_03807	mngR_1	Mannosyl-D-glycerate transport/metabolism system repressor MngR	m	5mC	5-methylcytosine	7	0.00940860
NC_003197.2	CDS	3985546	3985999	-	453	EBBPGFGJ_03808		hypothetical protein	m	5mC	5-methylcytosine	15	0.03311258
NC_003197.2	CDS	3986191	3987583	-	1392	EBBPGFGJ_03809	uhpT	Hexose-6-phosphate:phosphate antiporter	m	5mC	5-methylcytosine	48	0.03448276
NC_003197.2	CDS	3987725	3989054	-	1329	EBBPGFGJ_03810	uhpC_2	Membrane sensor protein UhpC	m	5mC	5-methylcytosine	51	0.03837472
NC_003197.2	CDS	3989063	3990566	-	1503	EBBPGFGJ_03811	uhpB	Signal transduction histidine-protein kinase/phosphatase UhpB	m	5mC	5-methylcytosine	119	0.07917498
NC_003197.2	CDS	3990565	3991156	-	591	EBBPGFGJ_03812	uhpA	Transcriptional regulatory protein UhpA	m	5mC	5-methylcytosine	34	0.05752961
NC_003197.2	CDS	3991230	3992244	-	1014	EBBPGFGJ_03813		hypothetical protein	m	5mC	5-methylcytosine	14	0.01380671
NC_003197.2	CDS	3992255	3993572	-	1317	EBBPGFGJ_03814	fucP_2	L-fucose-proton symporter	m	5mC	5-methylcytosine	13	0.00987092
NC_003197.2	CDS	3993602	3994523	-	921	EBBPGFGJ_03815	rbsK_1	Ribokinase	m	5mC	5-methylcytosine	7	0.00760043
NC_003197.2	CDS	3994847	3995633	+	786	EBBPGFGJ_03816	deoR_2	Deoxyribose operon repressor	m	5mC	5-methylcytosine	7	0.00890585
NC_003197.2	CDS	3995634	3995925	-	291	EBBPGFGJ_03817	ilvN	Acetolactate synthase isozyme 1 small subunit	m	5mC	5-methylcytosine	3	0.01030928
NC_003197.2	CDS	3995928	3997617	-	1689	EBBPGFGJ_03818	ilvB	Acetolactate synthase isozyme 1 large subunit	m	5mC	5-methylcytosine	47	0.02782712
NC_003197.2	CDS	3998455	3998545	+	90	EBBPGFGJ_03820	tisB	Small toxic protein TisB	m	5mC	5-methylcytosine	1	0.01111111
NC_003197.2	CDS	3998664	3999498	+	834	EBBPGFGJ_03821		hypothetical protein	m	5mC	5-methylcytosine	36	0.04316547
NC_003197.2	CDS	3999700	4000885	+	1185	EBBPGFGJ_03822	emrD	Multidrug resistance protein D	m	5mC	5-methylcytosine	36	0.03037975
NC_003197.2	CDS	4000811	4001873	-	1062	EBBPGFGJ_03823		hypothetical protein	m	5mC	5-methylcytosine	70	0.06591337
NC_003197.2	CDS	4001960	4002884	-	924	EBBPGFGJ_03824	dsdC	HTH-type transcriptional regulator DsdC	m	5mC	5-methylcytosine	7	0.00757576
NC_003197.2	CDS	4003109	4004447	+	1338	EBBPGFGJ_03825	dsdX	D-serine transporter DsdX	m	5mC	5-methylcytosine	19	0.01420030
NC_003197.2	CDS	4004464	4005787	+	1323	EBBPGFGJ_03826	dsdA	D-serine dehydratase	m	5mC	5-methylcytosine	27	0.02040816
NC_003197.2	CDS	4005868	4006399	-	531	EBBPGFGJ_03827		hypothetical protein	m	5mC	5-methylcytosine	4	0.00753296
NC_003197.2	CDS	4006395	4006758	-	363	EBBPGFGJ_03828	yidG	Inner membrane protein YidG	m	5mC	5-methylcytosine	1	0.00275482
NC_003197.2	CDS	4006747	4007095	-	348	EBBPGFGJ_03829	yidH	Inner membrane protein YidH	m	5mC	5-methylcytosine	2	0.00574713
NC_003197.2	CDS	4007538	4009200	-	1662	EBBPGFGJ_03830	aspT_2	Aspartate/alanine antiporter	m	5mC	5-methylcytosine	59	0.03549940
NC_003197.2	CDS	4009389	4009818	-	429	EBBPGFGJ_03831	ibpB	Small heat shock protein IbpB	m	5mC	5-methylcytosine	6	0.01398601
NC_003197.2	CDS	4009927	4010341	-	414	EBBPGFGJ_03832	ibpA_2	Small heat shock protein IbpA	m	5mC	5-methylcytosine	5	0.01207729
NC_003197.2	CDS	4010692	4010983	+	291	EBBPGFGJ_03833		hypothetical protein	m	5mC	5-methylcytosine	5	0.01718213
NC_003197.2	CDS	4010984	4012211	-	1227	EBBPGFGJ_03834		hypothetical protein	m	5mC	5-methylcytosine	21	0.01711491
NC_003197.2	CDS	4012332	4013376	-	1044	EBBPGFGJ_03835	ccmH_2	Cytochrome c-type biogenesis protein CcmH	m	5mC	5-methylcytosine	135	0.12931034
NC_003197.2	CDS	4013372	4013930	-	558	EBBPGFGJ_03836	dsbE_2	Thiol:disulfide interchange protein DsbE	m	5mC	5-methylcytosine	3	0.00537634
NC_003197.2	CDS	4013926	4015858	-	1932	EBBPGFGJ_03837	ccmF_2	Cytochrome c-type biogenesis protein CcmF	m	5mC	5-methylcytosine	123	0.06366460
NC_003197.2	CDS	4015854	4016334	-	480	EBBPGFGJ_03838	ccmE_2	Cytochrome c-type biogenesis protein CcmE	m	5mC	5-methylcytosine	40	0.08333333
NC_003197.2	CDS	4016330	4016504	-	174	EBBPGFGJ_03839	ccmD_2	Heme exporter protein D	m	5mC	5-methylcytosine	10	0.05747126
NC_003197.2	CDS	4016539	4017286	-	747	EBBPGFGJ_03840	ccmC_2	Heme exporter protein C	m	5mC	5-methylcytosine	72	0.09638554
NC_003197.2	CDS	4017328	4017985	-	657	EBBPGFGJ_03841	ccmB_2	Heme exporter protein B	m	5mC	5-methylcytosine	46	0.07001522
NC_003197.2	CDS	4017984	4018611	-	627	EBBPGFGJ_03842	ccmA_2	Cytochrome c biogenesis ATP-binding export protein CcmA	m	5mC	5-methylcytosine	88	0.14035088
NC_003197.2	CDS	4020197	4020830	-	633	EBBPGFGJ_03844	torD_2	Chaperone protein TorD	m	5mC	5-methylcytosine	16	0.02527646
NC_003197.2	CDS	4020822	4023375	-	2553	EBBPGFGJ_03845	torA	Trimethylamine-N-oxide reductase 1	m	5mC	5-methylcytosine	68	0.02663533
NC_003197.2	CDS	4023364	4024549	-	1185	EBBPGFGJ_03846	torC	Cytochrome c-type protein TorC	m	5mC	5-methylcytosine	19	0.01603376
NC_003197.2	CDS	4024642	4025371	+	729	EBBPGFGJ_03847	torR	TorCAD operon transcriptional regulatory protein TorR	m	5mC	5-methylcytosine	61	0.08367627
NC_003197.2	CDS	4025343	4026384	-	1041	EBBPGFGJ_03848	torT	Periplasmic protein TorT	m	5mC	5-methylcytosine	30	0.02881844
NC_003197.2	CDS	4026463	4029199	+	2736	EBBPGFGJ_03849	torS	Sensor protein TorS	m	5mC	5-methylcytosine	89	0.03252924
NC_003197.2	CDS	4029224	4030517	-	1293	EBBPGFGJ_03850	dgoT	D-galactonate transporter	m	5mC	5-methylcytosine	35	0.02706883
NC_003197.2	CDS	4030646	4031795	-	1149	EBBPGFGJ_03851	dgoD_1	D-galactonate dehydratase	m	5mC	5-methylcytosine	33	0.02872063
NC_003197.2	CDS	4031791	4032409	-	618	EBBPGFGJ_03852	dgoA	2-dehydro-3-deoxy-6-phosphogalactonate aldolase	m	5mC	5-methylcytosine	62	0.10032362
NC_003197.2	CDS	4032392	4033271	-	879	EBBPGFGJ_03853	dgoK1	Probable 2-dehydro-3-deoxygalactonokinase DgoK1	m	5mC	5-methylcytosine	50	0.05688282
NC_003197.2	CDS	4033267	4033957	-	690	EBBPGFGJ_03854	lutR	HTH-type transcriptional regulator LutR	m	5mC	5-methylcytosine	10	0.01449275
NC_003197.2	CDS	4034217	4035063	-	846	EBBPGFGJ_03855	yidA	Sugar phosphatase YidA	m	5mC	5-methylcytosine	3	0.00354610
NC_003197.2	CDS	4035368	4036631	+	1263	EBBPGFGJ_03856	sauU_2	Probable sulfoacetate transporter SauU	m	5mC	5-methylcytosine	12	0.00950119
NC_003197.2	CDS	4036647	4037838	+	1191	EBBPGFGJ_03857	dgoD_2	D-galactonate dehydratase	m	5mC	5-methylcytosine	40	0.03358522
NC_003197.2	CDS	4037952	4038849	+	897	EBBPGFGJ_03858	benM_2	HTH-type transcriptional regulator BenM	m	5mC	5-methylcytosine	25	0.02787068
NC_003197.2	CDS	4038867	4041282	-	2415	EBBPGFGJ_03859	gyrB	DNA gyrase subunit B	m	5mC	5-methylcytosine	96	0.03975155
NC_003197.2	CDS	4041310	4042384	-	1074	EBBPGFGJ_03860	recF_2	DNA replication and repair protein RecF	m	5mC	5-methylcytosine	20	0.01862197
NC_003197.2	CDS	4042531	4043632	-	1101	EBBPGFGJ_03861	dnaN	Beta sliding clamp	m	5mC	5-methylcytosine	46	0.04178020
NC_003197.2	CDS	4043636	4045037	-	1401	EBBPGFGJ_03862	dnaA	Chromosomal replication initiator protein DnaA	m	5mC	5-methylcytosine	22	0.01570307
NC_003197.2	CDS	4045890	4046088	-	198	EBBPGFGJ_03863		hypothetical protein	m	5mC	5-methylcytosine	1	0.00505051
NC_003197.2	CDS	4046437	4048084	+	1647	EBBPGFGJ_03864	yidC	Membrane protein insertase YidC	m	5mC	5-methylcytosine	84	0.05100182
NC_003197.2	CDS	4048225	4049590	+	1365	EBBPGFGJ_03865	mnmE	tRNA modification GTPase MnmE	m	5mC	5-methylcytosine	107	0.07838828
NC_003197.2	CDS	4049845	4050340	+	495	EBBPGFGJ_03866	intA_4	Prophage integrase IntA	m	5mC	5-methylcytosine	3	0.00606061
NC_003197.2	CDS	4050355	4051066	+	711	EBBPGFGJ_03867	intA_5	Prophage integrase IntA	m	5mC	5-methylcytosine	4	0.00562588
NC_003197.2	CDS	4051390	4052353	+	963	EBBPGFGJ_03868		hypothetical protein	m	5mC	5-methylcytosine	4	0.00415369
NC_003197.2	CDS	4052352	4053288	+	936	EBBPGFGJ_03869		hypothetical protein	m	5mC	5-methylcytosine	4	0.00427350
NC_003197.2	CDS	4054089	4055277	+	1188	EBBPGFGJ_03871	mdtL	Multidrug resistance protein MdtL	m	5mC	5-methylcytosine	29	0.02441077
NC_003197.2	CDS	4055245	4056205	+	960	EBBPGFGJ_03872	yidZ_2	HTH-type transcriptional regulator YidZ	m	5mC	5-methylcytosine	25	0.02604167
NC_003197.2	CDS	4056362	4057118	+	756	EBBPGFGJ_03873		hypothetical protein	m	5mC	5-methylcytosine	13	0.01719577
NC_003197.2	CDS	4057135	4057702	+	567	EBBPGFGJ_03874	chrR	Quinone reductase	m	5mC	5-methylcytosine	23	0.04056437
NC_003197.2	CDS	4057746	4059084	-	1338	EBBPGFGJ_03875	adeP	Adenine permease AdeP	m	5mC	5-methylcytosine	20	0.01494768
NC_003197.2	CDS	4059252	4059918	+	666	EBBPGFGJ_03876	yieH	6-phosphogluconate phosphatase	m	5mC	5-methylcytosine	9	0.01351351
NC_003197.2	CDS	4060012	4060738	-	726	EBBPGFGJ_03877	phoU	Phosphate-specific transport system accessory protein PhoU	m	5mC	5-methylcytosine	49	0.06749311
NC_003197.2	CDS	4060752	4061526	-	774	EBBPGFGJ_03878	pstB	Phosphate import ATP-binding protein PstB	m	5mC	5-methylcytosine	21	0.02713178
NC_003197.2	CDS	4061612	4062503	-	891	EBBPGFGJ_03879	pstA	Phosphate transport system permease protein PstA	m	5mC	5-methylcytosine	7	0.00785634
NC_003197.2	CDS	4062502	4063462	-	960	EBBPGFGJ_03880	pstC	Phosphate transport system permease protein PstC	m	5mC	5-methylcytosine	10	0.01041667
NC_003197.2	CDS	4063597	4064638	-	1041	EBBPGFGJ_03881	pstS	Phosphate-binding protein PstS	m	5mC	5-methylcytosine	20	0.01921230
NC_003197.2	CDS	4064804	4066178	-	1374	EBBPGFGJ_03883	fruA_3	PTS system fructose-specific EIIB'BC component	m	5mC	5-methylcytosine	12	0.00873362
NC_003197.2	CDS	4066226	4067045	-	819	EBBPGFGJ_03884	sdhL	Shikimate dehydrogenase-like protein HI_0607	m	5mC	5-methylcytosine	9	0.01098901
NC_003197.2	CDS	4067106	4068897	+	1791	EBBPGFGJ_03885	sgrR_4	HTH-type transcriptional regulator SgrR	m	5mC	5-methylcytosine	117	0.06532663
NC_003197.2	CDS	4069047	4070877	-	1830	EBBPGFGJ_03886	glmS_1	Glutamine--fructose-6-phosphate aminotransferase [isomerizing]	m	5mC	5-methylcytosine	44	0.02404372
NC_003197.2	CDS	4071065	4072436	-	1371	EBBPGFGJ_03887	glmU	Bifunctional protein GlmU	m	5mC	5-methylcytosine	8	0.00583516
NC_003197.2	CDS	4072755	4073454	-	699	EBBPGFGJ_03888		hypothetical protein	m	5mC	5-methylcytosine	1	0.00143062
NC_003197.2	CDS	4073683	4074103	-	420	EBBPGFGJ_03889	atpC	ATP synthase epsilon chain	m	5mC	5-methylcytosine	51	0.12142857
NC_003197.2	CDS	4074123	4075506	-	1383	EBBPGFGJ_03890	atpD	ATP synthase subunit beta	m	5mC	5-methylcytosine	34	0.02458424
NC_003197.2	CDS	4075532	4076396	-	864	EBBPGFGJ_03891	atpG	ATP synthase gamma chain	m	5mC	5-methylcytosine	29	0.03356481
NC_003197.2	CDS	4076446	4077988	-	1542	EBBPGFGJ_03892	atpA	ATP synthase subunit alpha	m	5mC	5-methylcytosine	63	0.04085603
NC_003197.2	CDS	4078000	4078534	-	534	EBBPGFGJ_03893	atpH	ATP synthase subunit delta	m	5mC	5-methylcytosine	26	0.04868914
NC_003197.2	CDS	4078548	4079019	-	471	EBBPGFGJ_03894	atpF	ATP synthase subunit b	m	5mC	5-methylcytosine	20	0.04246285
NC_003197.2	CDS	4079364	4080180	-	816	EBBPGFGJ_03896	atpB	ATP synthase subunit a	m	5mC	5-methylcytosine	7	0.00857843
NC_003197.2	CDS	4080188	4080569	-	381	EBBPGFGJ_03897	atpI	ATP synthase protein I	m	5mC	5-methylcytosine	4	0.01049869
NC_003197.2	CDS	4081184	4081808	-	624	EBBPGFGJ_03898	rsmG	Ribosomal RNA small subunit methyltransferase G	m	5mC	5-methylcytosine	9	0.01442308
NC_003197.2	CDS	4081910	4083800	-	1890	EBBPGFGJ_03899	mnmG	tRNA uridine 5-carboxymethylaminomethyl modification enzyme MnmG	m	5mC	5-methylcytosine	70	0.03703704
NC_003197.2	CDS	4084178	4084622	-	444	EBBPGFGJ_03900	mioC	Protein MioC	m	5mC	5-methylcytosine	2	0.00450450
NC_003197.2	CDS	4084711	4085170	-	459	EBBPGFGJ_03901	asnC	Regulatory protein AsnC	m	5mC	5-methylcytosine	1	0.00217865
NC_003197.2	CDS	4085320	4086313	+	993	EBBPGFGJ_03902	asnA	Aspartate--ammonia ligase	m	5mC	5-methylcytosine	50	0.05035247
NC_003197.2	CDS	4086317	4087769	-	1452	EBBPGFGJ_03903	viaA	Protein ViaA	m	5mC	5-methylcytosine	73	0.05027548
NC_003197.2	CDS	4087762	4089259	-	1497	EBBPGFGJ_03904	ravA	ATPase RavA	m	5mC	5-methylcytosine	17	0.01135605
NC_003197.2	CDS	4089606	4091475	+	1869	EBBPGFGJ_03905	kup	Low affinity potassium transport system protein kup	m	5mC	5-methylcytosine	21	0.01123596
NC_003197.2	CDS	4092098	4093604	+	1506	EBBPGFGJ_03907	rbsA	Ribose import ATP-binding protein RbsA	m	5mC	5-methylcytosine	42	0.02788845
NC_003197.2	CDS	4093609	4094575	+	966	EBBPGFGJ_03908	rbsC	Ribose import permease protein RbsC	m	5mC	5-methylcytosine	87	0.09006211
NC_003197.2	CDS	4094599	4095490	+	891	EBBPGFGJ_03909	rbsB	Ribose import binding protein RbsB	m	5mC	5-methylcytosine	47	0.05274972
NC_003197.2	CDS	4095623	4096553	+	930	EBBPGFGJ_03910	rbsK_2	Ribokinase	m	5mC	5-methylcytosine	9	0.00967742
NC_003197.2	CDS	4096565	4097555	+	990	EBBPGFGJ_03911	rbsR	Ribose operon repressor	m	5mC	5-methylcytosine	31	0.03131313
NC_003197.2	CDS	4097520	4098948	-	1428	EBBPGFGJ_03912	hsrA	Probable transport protein HsrA	m	5mC	5-methylcytosine	12	0.00840336
NC_003197.2	CDS	4098959	4099664	-	705	EBBPGFGJ_03913	lldR_2	Putative L-lactate dehydrogenase operon regulatory protein	m	5mC	5-methylcytosine	14	0.01985816
NC_003197.2	rRNA	4100147	4101685	+	1538	EBBPGFGJ_03914		16S ribosomal RNA	m	5mC	5-methylcytosine	78	0.05071521
NC_003197.2	tRNA	4101771	4101847	+	76	EBBPGFGJ_03915		tRNA-Glu(ttc)	m	5mC	5-methylcytosine	6	0.07894737
NC_003197.2	rRNA	4102042	4105031	+	2989	EBBPGFGJ_03916		23S ribosomal RNA	m	5mC	5-methylcytosine	66	0.02208096
NC_003197.2	rRNA	4105127	4105238	+	111	EBBPGFGJ_03917		5S ribosomal RNA	m	5mC	5-methylcytosine	5	0.04504505
NC_003197.2	tRNA	4105295	4105372	+	77	EBBPGFGJ_03918		tRNA-Asp(gtc)	m	5mC	5-methylcytosine	7	0.09090909
NC_003197.2	tRNA	4105380	4105456	+	76	EBBPGFGJ_03919		tRNA-Trp(cca)	m	5mC	5-methylcytosine	2	0.02631579
NC_003197.2	CDS	4105557	4106394	-	837	EBBPGFGJ_03920	hdfR_3	HTH-type transcriptional regulator HdfR	m	5mC	5-methylcytosine	8	0.00955795
NC_003197.2	CDS	4106512	4106851	+	339	EBBPGFGJ_03921	yifE	UPF0438 protein YifE	m	5mC	5-methylcytosine	9	0.02654867
NC_003197.2	CDS	4106875	4108396	-	1521	EBBPGFGJ_03922	comM	Competence protein ComM	m	5mC	5-methylcytosine	19	0.01249178
NC_003197.2	CDS	4108985	4110632	+	1647	EBBPGFGJ_03923	ilvG	Acetolactate synthase isozyme 2 large subunit	m	5mC	5-methylcytosine	81	0.04918033
NC_003197.2	CDS	4110628	4110892	+	264	EBBPGFGJ_03924	ilvM	Acetolactate synthase isozyme 2 small subunit	m	5mC	5-methylcytosine	2	0.00757576
NC_003197.2	CDS	4110909	4111839	+	930	EBBPGFGJ_03925	ilvE	Branched-chain-amino-acid aminotransferase	m	5mC	5-methylcytosine	20	0.02150538
NC_003197.2	CDS	4111999	4113850	+	1851	EBBPGFGJ_03926	ilvD_2	Dihydroxy-acid dehydratase	m	5mC	5-methylcytosine	87	0.04700162
NC_003197.2	CDS	4113852	4115397	+	1545	EBBPGFGJ_03927	ilvA	L-threonine dehydratase biosynthetic IlvA	m	5mC	5-methylcytosine	89	0.05760518
NC_003197.2	CDS	4115680	4115998	+	318	EBBPGFGJ_03928		hypothetical protein	m	5mC	5-methylcytosine	1	0.00314465
NC_003197.2	CDS	4116338	4117226	-	888	EBBPGFGJ_03930	gltC_2	HTH-type transcriptional regulator GltC	m	5mC	5-methylcytosine	85	0.09572072
NC_003197.2	CDS	4117389	4118865	+	1476	EBBPGFGJ_03931	ilvC	Ketol-acid reductoisomerase (NADP(+))	m	5mC	5-methylcytosine	57	0.03861789
NC_003197.2	CDS	4118956	4119238	-	282	EBBPGFGJ_03932	ppiC	Peptidyl-prolyl cis-trans isomerase C	m	5mC	5-methylcytosine	1	0.00354610
NC_003197.2	CDS	4119775	4121800	+	2025	EBBPGFGJ_03933	rep	ATP-dependent DNA helicase Rep	m	5mC	5-methylcytosine	37	0.01827160
NC_003197.2	CDS	4121839	4123321	-	1482	EBBPGFGJ_03934	gppA	Guanosine-5'-triphosphate%2C3'-diphosphate pyrophosphatase	m	5mC	5-methylcytosine	55	0.03711201
NC_003197.2	CDS	4123439	4124705	-	1266	EBBPGFGJ_03935	rhlB	ATP-dependent RNA helicase RhlB	m	5mC	5-methylcytosine	38	0.03001580
NC_003197.2	CDS	4124848	4125178	+	330	EBBPGFGJ_03936	trxA	Thioredoxin 1	m	5mC	5-methylcytosine	1	0.00303030
NC_003197.2	CDS	4125596	4126856	+	1260	EBBPGFGJ_03937	rho	Transcription termination factor Rho	m	5mC	5-methylcytosine	40	0.03174603
NC_003197.2	CDS	4127085	4128189	+	1104	EBBPGFGJ_03938	wecA	Undecaprenyl-phosphate alpha-N-acetylglucosaminyl 1-phosphate transferase	m	5mC	5-methylcytosine	18	0.01630435
NC_003197.2	CDS	4128200	4129247	+	1047	EBBPGFGJ_03939	wzzE	ECA polysaccharide chain length modulation protein	m	5mC	5-methylcytosine	6	0.00573066
NC_003197.2	CDS	4129347	4130433	+	1086	EBBPGFGJ_03940	wecB	UDP-N-acetylglucosamine 2-epimerase	m	5mC	5-methylcytosine	8	0.00736648
NC_003197.2	CDS	4130429	4131692	+	1263	EBBPGFGJ_03941	wecC	UDP-N-acetyl-D-mannosamine dehydrogenase	m	5mC	5-methylcytosine	74	0.05859066
NC_003197.2	CDS	4131691	4132759	+	1068	EBBPGFGJ_03942	rffG	dTDP-glucose 4%2C6-dehydratase 2	m	5mC	5-methylcytosine	48	0.04494382
NC_003197.2	CDS	4132791	4133016	+	225	EBBPGFGJ_03943		hypothetical protein	m	5mC	5-methylcytosine	9	0.04000000
NC_003197.2	CDS	4132993	4133671	+	678	EBBPGFGJ_03944	wecD	dTDP-fucosamine acetyltransferase	m	5mC	5-methylcytosine	23	0.03392330
NC_003197.2	CDS	4133675	4134806	+	1131	EBBPGFGJ_03945	wecE	dTDP-4-amino-4%2C6-dideoxygalactose transaminase	m	5mC	5-methylcytosine	23	0.02033599
NC_003197.2	CDS	4134807	4136058	+	1251	EBBPGFGJ_03946	wzxE	Lipid III flippase	m	5mC	5-methylcytosine	52	0.04156675
NC_003197.2	CDS	4136054	4137134	+	1080	EBBPGFGJ_03947	wecF	TDP-N-acetylfucosamine:lipid II N-acetylfucosaminyltransferase	m	5mC	5-methylcytosine	34	0.03148148
NC_003197.2	CDS	4137130	4138489	+	1359	EBBPGFGJ_03948	wzyE	Probable ECA polymerase	m	5mC	5-methylcytosine	11	0.00809419
NC_003197.2	CDS	4138485	4139226	+	741	EBBPGFGJ_03949	wecG	UDP-N-acetyl-D-mannosaminuronic acid transferase	m	5mC	5-methylcytosine	15	0.02024291
NC_003197.2	CDS	4139432	4140818	+	1386	EBBPGFGJ_03950	yifK	Probable transport protein YifK	m	5mC	5-methylcytosine	12	0.00865801
NC_003197.2	tRNA	4140920	4140997	+	77	EBBPGFGJ_03951		tRNA-Arg(ccg)	m	5mC	5-methylcytosine	2	0.02597403
NC_003197.2	tRNA	4141147	4141234	+	87	EBBPGFGJ_03953		tRNA-Leu(cag)	m	5mC	5-methylcytosine	1	0.01149425
NC_003197.2	tRNA	4141276	4141353	+	77	EBBPGFGJ_03954		tRNA-Pro(tgg)	m	5mC	5-methylcytosine	1	0.01298701
NC_003197.2	CDS	4141934	4143134	-	1200	EBBPGFGJ_03955	hemY	Protein HemY	m	5mC	5-methylcytosine	54	0.04500000
NC_003197.2	CDS	4143133	4144303	-	1170	EBBPGFGJ_03956	hemX	Protein HemX	m	5mC	5-methylcytosine	51	0.04358974
NC_003197.2	CDS	4144324	4145065	-	741	EBBPGFGJ_03957	hemD	Uroporphyrinogen-III synthase	m	5mC	5-methylcytosine	45	0.06072874
NC_003197.2	CDS	4145061	4146024	-	963	EBBPGFGJ_03958	hemC	Porphobilinogen deaminase	m	5mC	5-methylcytosine	109	0.11318795
NC_003197.2	CDS	4146379	4148926	+	2547	EBBPGFGJ_03959	cyaA	Adenylate cyclase	m	5mC	5-methylcytosine	72	0.02826855
NC_003197.2	CDS	4149033	4149387	+	354	EBBPGFGJ_03960		hypothetical protein	m	5mC	5-methylcytosine	1	0.00282486
NC_003197.2	CDS	4150126	4150489	+	363	EBBPGFGJ_03962		hypothetical protein	m	5mC	5-methylcytosine	5	0.01377410
NC_003197.2	CDS	4150559	4150880	-	321	EBBPGFGJ_03963	cyaY	Iron-sulfur cluster assembly protein CyaY	m	5mC	5-methylcytosine	12	0.03738318
NC_003197.2	CDS	4152034	4152238	+	204	EBBPGFGJ_03967		hypothetical protein	m	5mC	5-methylcytosine	1	0.00490196
NC_003197.2	CDS	4152274	4153099	+	825	EBBPGFGJ_03968	dapF	Diaminopimelate epimerase	m	5mC	5-methylcytosine	29	0.03515152
NC_003197.2	CDS	4153095	4153803	+	708	EBBPGFGJ_03969		hypothetical protein	m	5mC	5-methylcytosine	23	0.03248588
NC_003197.2	CDS	4153799	4154702	+	903	EBBPGFGJ_03970	xerC_2	Tyrosine recombinase XerC	m	5mC	5-methylcytosine	49	0.05426357
NC_003197.2	CDS	4154701	4155418	+	717	EBBPGFGJ_03971	yigB	5-amino-6-(5-phospho-D-ribitylamino)uracil phosphatase YigB	m	5mC	5-methylcytosine	17	0.02370990
NC_003197.2	CDS	4155553	4157716	+	2163	EBBPGFGJ_03972	uvrD	DNA helicase II	m	5mC	5-methylcytosine	98	0.04530744
NC_003197.2	CDS	4158187	4159138	+	951	EBBPGFGJ_03973	corA	Magnesium transport protein CorA	m	5mC	5-methylcytosine	22	0.02313354
NC_003197.2	CDS	4160075	4160960	-	885	EBBPGFGJ_03976	rarD_2	Protein RarD	m	5mC	5-methylcytosine	14	0.01581921
NC_003197.2	CDS	4161003	4161471	-	468	EBBPGFGJ_03977		hypothetical protein	m	5mC	5-methylcytosine	40	0.08547009
NC_003197.2	CDS	4161635	4162505	+	870	EBBPGFGJ_03978	pldA	Phospholipase A1	m	5mC	5-methylcytosine	11	0.01264368
NC_003197.2	CDS	4162570	4164418	+	1848	EBBPGFGJ_03979	recQ	ATP-dependent DNA helicase RecQ	m	5mC	5-methylcytosine	35	0.01893939
NC_003197.2	CDS	4164481	4165102	+	621	EBBPGFGJ_03980	rhtC_2	Threonine efflux protein	m	5mC	5-methylcytosine	26	0.04186795
NC_003197.2	CDS	4165141	4165762	-	621	EBBPGFGJ_03981	rhtB	Homoserine/homoserine lactone efflux protein	m	5mC	5-methylcytosine	4	0.00644122
NC_003197.2	CDS	4165872	4166889	+	1017	EBBPGFGJ_03982	pldB	Lysophospholipase L2	m	5mC	5-methylcytosine	24	0.02359882
NC_003197.2	CDS	4166904	4167705	+	801	EBBPGFGJ_03983	yigL	Pyridoxal phosphate phosphatase YigL	m	5mC	5-methylcytosine	36	0.04494382
NC_003197.2	CDS	4167785	4168685	+	900	EBBPGFGJ_03984	bioP	Biotin transporter	m	5mC	5-methylcytosine	30	0.03333333
NC_003197.2	CDS	4168572	4169526	-	954	EBBPGFGJ_03985	metR	HTH-type transcriptional regulator MetR	m	5mC	5-methylcytosine	33	0.03459119
NC_003197.2	CDS	4169774	4172039	+	2265	EBBPGFGJ_03986	metE	5-methyltetrahydropteroyltriglutamate--homocysteine methyltransferase	m	5mC	5-methylcytosine	128	0.05651214
NC_003197.2	CDS	4172430	4173726	+	1296	EBBPGFGJ_03987	chuR_3	Anaerobic sulfatase-maturating enzyme	m	5mC	5-methylcytosine	8	0.00617284
NC_003197.2	CDS	4173805	4174618	-	813	EBBPGFGJ_03988		hypothetical protein	m	5mC	5-methylcytosine	29	0.03567036
NC_003197.2	CDS	4174876	4175638	+	762	EBBPGFGJ_03989	udp	Uridine phosphorylase	m	5mC	5-methylcytosine	25	0.03280840
NC_003197.2	CDS	4175777	4177208	+	1431	EBBPGFGJ_03990		hypothetical protein	m	5mC	5-methylcytosine	82	0.05730259
NC_003197.2	CDS	4177303	4178059	+	756	EBBPGFGJ_03991	ubiE	Ubiquinone/menaquinone biosynthesis C-methyltransferase UbiE	m	5mC	5-methylcytosine	3	0.00396825
NC_003197.2	CDS	4178068	4178674	+	606	EBBPGFGJ_03992	ubiJ_2	Ubiquinone biosynthesis accessory factor UbiJ	m	5mC	5-methylcytosine	24	0.03960396
NC_003197.2	CDS	4178670	4180311	+	1641	EBBPGFGJ_03993	ubiB	Probable protein kinase UbiB	m	5mC	5-methylcytosine	31	0.01889092
NC_003197.2	CDS	4180774	4181323	+	549	EBBPGFGJ_03995	tatB	Sec-independent protein translocase protein TatB	m	5mC	5-methylcytosine	34	0.06193078
NC_003197.2	CDS	4181325	4182105	+	780	EBBPGFGJ_03996	tatC	Sec-independent protein translocase protein TatC	m	5mC	5-methylcytosine	12	0.01538462
NC_003197.2	CDS	4182134	4182929	+	795	EBBPGFGJ_03997	tatD	3'-5' ssDNA/RNA exonuclease TatD	m	5mC	5-methylcytosine	38	0.04779874
NC_003197.2	CDS	4182936	4183425	-	489	EBBPGFGJ_03998	rfaH	Transcription antitermination protein RfaH	m	5mC	5-methylcytosine	4	0.00817996
NC_003197.2	CDS	4183610	4185089	+	1479	EBBPGFGJ_03999	ubiD	3-octaprenyl-4-hydroxybenzoate carboxy-lyase	m	5mC	5-methylcytosine	56	0.03786342
NC_003197.2	CDS	4185174	4185876	+	702	EBBPGFGJ_04000	fre	NAD(P)H-flavin reductase	m	5mC	5-methylcytosine	8	0.01139601
NC_003197.2	CDS	4186129	4186843	+	714	EBBPGFGJ_04001	assT_5	Arylsulfate sulfotransferase AssT	m	5mC	5-methylcytosine	5	0.00700280
NC_003197.2	CDS	4186894	4187953	+	1059	EBBPGFGJ_04002	assT_6	Arylsulfate sulfotransferase AssT	m	5mC	5-methylcytosine	9	0.00849858
NC_003197.2	CDS	4188149	4189313	-	1164	EBBPGFGJ_04003	fadA	3-ketoacyl-CoA thiolase	m	5mC	5-methylcytosine	100	0.08591065
NC_003197.2	CDS	4189322	4191512	-	2190	EBBPGFGJ_04004	fadB	Fatty acid oxidation complex subunit alpha	m	5mC	5-methylcytosine	95	0.04337900
NC_003197.2	CDS	4191701	4193033	+	1332	EBBPGFGJ_04005	pepQ	Xaa-Pro dipeptidase	m	5mC	5-methylcytosine	46	0.03453453
NC_003197.2	CDS	4193032	4193647	+	615	EBBPGFGJ_04006	yigZ	IMPACT family member YigZ	m	5mC	5-methylcytosine	53	0.08617886
NC_003197.2	CDS	4193685	4195137	+	1452	EBBPGFGJ_04007	trkH	Trk system potassium uptake protein TrkH	m	5mC	5-methylcytosine	9	0.00619835
NC_003197.2	CDS	4195148	4195694	+	546	EBBPGFGJ_04008	hemG	Protoporphyrinogen IX dehydrogenase [menaquinone]	m	5mC	5-methylcytosine	4	0.00732601
NC_003197.2	rRNA	4196074	4197612	+	1538	EBBPGFGJ_04009		16S ribosomal RNA	m	5mC	5-methylcytosine	86	0.05591678
NC_003197.2	tRNA	4197682	4197759	+	77	EBBPGFGJ_04010		tRNA-Ile(gat)	m	5mC	5-methylcytosine	2	0.02597403
NC_003197.2	tRNA	4197870	4197946	+	76	EBBPGFGJ_04011		tRNA-Ala(tgc)	m	5mC	5-methylcytosine	1	0.01315789
NC_003197.2	rRNA	4198130	4201119	+	2989	EBBPGFGJ_04012		23S ribosomal RNA	m	5mC	5-methylcytosine	59	0.01973904
NC_003197.2	rRNA	4201318	4201429	+	111	EBBPGFGJ_04013		5S ribosomal RNA	m	5mC	5-methylcytosine	6	0.05405405
NC_003197.2	CDS	4201696	4202227	-	531	EBBPGFGJ_04014	mobB	Molybdopterin-guanine dinucleotide biosynthesis adapter protein	m	5mC	5-methylcytosine	13	0.02448211
NC_003197.2	CDS	4202208	4202793	-	585	EBBPGFGJ_04015	mobA	Molybdenum cofactor guanylyltransferase	m	5mC	5-methylcytosine	12	0.02051282
NC_003197.2	CDS	4202862	4203132	+	270	EBBPGFGJ_04016	yihD	Protein YihD	m	5mC	5-methylcytosine	12	0.04444444
NC_003197.2	CDS	4203208	4204195	+	987	EBBPGFGJ_04017	rdoA	Serine/threonine protein kinase RdoA	m	5mC	5-methylcytosine	19	0.01925025
NC_003197.2	CDS	4204211	4204835	+	624	EBBPGFGJ_04018	dsbA_1	Thiol:disulfide interchange protein DsbA	m	5mC	5-methylcytosine	20	0.03205128
NC_003197.2	CDS	4204847	4205756	-	909	EBBPGFGJ_04019	yihG	Probable acyltransferase YihG	m	5mC	5-methylcytosine	10	0.01100110
NC_003197.2	CDS	4206143	4208930	+	2787	EBBPGFGJ_04020	polA	DNA polymerase I	m	5mC	5-methylcytosine	80	0.02870470
NC_003197.2	CDS	4209264	4209897	-	633	EBBPGFGJ_04021	engB	Probable GTP-binding protein EngB	m	5mC	5-methylcytosine	19	0.03001580
NC_003197.2	CDS	4210163	4210361	+	198	EBBPGFGJ_04022		hypothetical protein	m	5mC	5-methylcytosine	1	0.00505051
NC_003197.2	CDS	4210479	4210995	+	516	EBBPGFGJ_04023	yihI	Der GTPase-activating protein YihI	m	5mC	5-methylcytosine	4	0.00775194
NC_003197.2	CDS	4211183	4212557	+	1374	EBBPGFGJ_04024	hemN	Oxygen-independent coproporphyrinogen III oxidase	m	5mC	5-methylcytosine	27	0.01965066
NC_003197.2	CDS	4212646	4212757	-	111	EBBPGFGJ_04025	yshB	Uncharacterized protein YshB	m	5mC	5-methylcytosine	14	0.12612613
NC_003197.2	CDS	4212869	4214279	-	1410	EBBPGFGJ_04026	glnG	DNA-binding transcriptional regulator NtrC	m	5mC	5-methylcytosine	72	0.05106383
NC_003197.2	CDS	4214287	4215337	-	1050	EBBPGFGJ_04027	glnL	Sensory histidine kinase/phosphatase NtrB	m	5mC	5-methylcytosine	36	0.03428571
NC_003197.2	CDS	4215611	4217021	-	1410	EBBPGFGJ_04028	glnA	Glutamine synthetase	m	5mC	5-methylcytosine	62	0.04397163
NC_003197.2	CDS	4217396	4219220	+	1824	EBBPGFGJ_04029	typA	GTP-binding protein TypA/BipA	m	5mC	5-methylcytosine	96	0.05263158
NC_003197.2	CDS	4219274	4220009	-	735	EBBPGFGJ_04030	ybhA_2	Pyridoxal phosphate phosphatase YbhA	m	5mC	5-methylcytosine	5	0.00680272
NC_003197.2	CDS	4219993	4220872	-	879	EBBPGFGJ_04031		hypothetical protein	m	5mC	5-methylcytosine	11	0.01251422
NC_003197.2	CDS	4220868	4222110	-	1242	EBBPGFGJ_04032	hemW_2	Heme chaperone HemW	m	5mC	5-methylcytosine	9	0.00724638
NC_003197.2	CDS	4222111	4222987	-	876	EBBPGFGJ_04033		hypothetical protein	m	5mC	5-methylcytosine	9	0.01027397
NC_003197.2	CDS	4222979	4224005	-	1026	EBBPGFGJ_04034		hypothetical protein	m	5mC	5-methylcytosine	19	0.01851852
NC_003197.2	CDS	4224017	4224866	-	849	EBBPGFGJ_04035		hypothetical protein	m	5mC	5-methylcytosine	9	0.01060071
NC_003197.2	CDS	4225022	4225715	-	693	EBBPGFGJ_04036	ompL	Porin OmpL	m	5mC	5-methylcytosine	2	0.00288600
NC_003197.2	CDS	4225782	4227204	-	1422	EBBPGFGJ_04037	yihP_1	Putative 2%2C3-dihydroxypropane-1-sulfonate exporter	m	5mC	5-methylcytosine	14	0.00984529
NC_003197.2	CDS	4227249	4228632	-	1383	EBBPGFGJ_04038	yihP_2	Putative 2%2C3-dihydroxypropane-1-sulfonate exporter	m	5mC	5-methylcytosine	27	0.01952278
NC_003197.2	CDS	4228677	4230714	-	2037	EBBPGFGJ_04039	yihQ	Sulfoquinovosidase	m	5mC	5-methylcytosine	87	0.04270987
NC_003197.2	CDS	4230757	4231600	-	843	EBBPGFGJ_04040	yihR	Uncharacterized protein YihR	m	5mC	5-methylcytosine	44	0.05219454
NC_003197.2	CDS	4231618	4232860	-	1242	EBBPGFGJ_04041	yihS	Sulfoquinovose isomerase	m	5mC	5-methylcytosine	40	0.03220612
NC_003197.2	CDS	4232875	4233754	-	879	EBBPGFGJ_04042	yihT	Sulfofructosephosphate aldolase	m	5mC	5-methylcytosine	25	0.02844141
NC_003197.2	CDS	4233776	4234673	-	897	EBBPGFGJ_04043	yihU	3-sulfolactaldehyde reductase	m	5mC	5-methylcytosine	7	0.00780379
NC_003197.2	CDS	4234837	4235734	+	897	EBBPGFGJ_04044	yihV	Sulfofructose kinase	m	5mC	5-methylcytosine	34	0.03790412
NC_003197.2	CDS	4235767	4236571	+	804	EBBPGFGJ_04045	csqR	HTH-type transcriptional repressor CsqR	m	5mC	5-methylcytosine	13	0.01616915
NC_003197.2	CDS	4236761	4237361	+	600	EBBPGFGJ_04046	yihX	Alpha-D-glucose 1-phosphate phosphatase YihX	m	5mC	5-methylcytosine	14	0.02333333
NC_003197.2	CDS	4237447	4238227	+	780	EBBPGFGJ_04047	yihY	UPF0761 membrane protein YihY	m	5mC	5-methylcytosine	12	0.01538462
NC_003197.2	CDS	4238223	4238661	+	438	EBBPGFGJ_04048	dtd	D-aminoacyl-tRNA deacylase	m	5mC	5-methylcytosine	19	0.04337900
NC_003197.2	CDS	4238705	4239647	+	942	EBBPGFGJ_04049		hypothetical protein	m	5mC	5-methylcytosine	11	0.01167728
NC_003197.2	CDS	4239661	4240108	-	447	EBBPGFGJ_04050	higA	Antitoxin HigA	m	5mC	5-methylcytosine	2	0.00447427
NC_003197.2	CDS	4240104	4240416	-	312	EBBPGFGJ_04051	higB	mRNA interferase HigB	m	5mC	5-methylcytosine	1	0.00320513
NC_003197.2	CDS	4240501	4241431	-	930	EBBPGFGJ_04052	nlhH	Carboxylesterase NlhH	m	5mC	5-methylcytosine	12	0.01290323
NC_003197.2	CDS	4241960	4242251	+	291	EBBPGFGJ_04054		hypothetical protein	m	5mC	5-methylcytosine	1	0.00343643
NC_003197.2	CDS	4242297	4243227	-	930	EBBPGFGJ_04055	fdhE	Protein FdhE	m	5mC	5-methylcytosine	78	0.08387097
NC_003197.2	CDS	4243223	4243859	-	636	EBBPGFGJ_04056	fdoI	Formate dehydrogenase%2C cytochrome b556(fdo) subunit	m	5mC	5-methylcytosine	11	0.01729560
NC_003197.2	CDS	4243855	4244758	-	903	EBBPGFGJ_04057	fdoH	Formate dehydrogenase-O iron-sulfur subunit	m	5mC	5-methylcytosine	48	0.05315615
NC_003197.2	CDS	4244770	4247185	-	2415	EBBPGFGJ_04058	fdoG_1	Formate dehydrogenase-O major subunit	m	5mC	5-methylcytosine	111	0.04596273
NC_003197.2	CDS	4247233	4247821	-	588	EBBPGFGJ_04059	fdoG_2	Formate dehydrogenase-O major subunit	m	5mC	5-methylcytosine	20	0.03401361
NC_003197.2	CDS	4248015	4248852	+	837	EBBPGFGJ_04060	fdhD	Sulfur carrier protein FdhD	m	5mC	5-methylcytosine	10	0.01194743
NC_003197.2	CDS	4249119	4250151	-	1032	EBBPGFGJ_04061		hypothetical protein	m	5mC	5-methylcytosine	5	0.00484496
NC_003197.2	CDS	4250333	4251434	+	1101	EBBPGFGJ_04062		hypothetical protein	m	5mC	5-methylcytosine	17	0.01544051
NC_003197.2	CDS	4251788	4252112	-	324	EBBPGFGJ_04063		hypothetical protein	m	5mC	5-methylcytosine	4	0.01234568
NC_003197.2	CDS	4252111	4252771	-	660	EBBPGFGJ_04064		hypothetical protein	m	5mC	5-methylcytosine	26	0.03939394
NC_003197.2	CDS	4252871	4253420	+	549	EBBPGFGJ_04065	sutR_3	HTH-type transcriptional regulator SutR	m	5mC	5-methylcytosine	23	0.04189435
NC_003197.2	CDS	4253508	4253823	-	315	EBBPGFGJ_04066	rhaM	L-rhamnose mutarotase	m	5mC	5-methylcytosine	16	0.05079365
NC_003197.2	CDS	4253819	4254968	-	1149	EBBPGFGJ_04067	mdh_3	NAD-dependent methanol dehydrogenase	m	5mC	5-methylcytosine	93	0.08093995
NC_003197.2	CDS	4255094	4255922	-	828	EBBPGFGJ_04068	rhaD	Rhamnulose-1-phosphate aldolase	m	5mC	5-methylcytosine	9	0.01086957
NC_003197.2	CDS	4256064	4257324	-	1260	EBBPGFGJ_04069	rhaA	L-rhamnose isomerase	m	5mC	5-methylcytosine	75	0.05952381
NC_003197.2	CDS	4257320	4258790	-	1470	EBBPGFGJ_04070	rhaB	Rhamnulokinase	m	5mC	5-methylcytosine	31	0.02108844
NC_003197.2	CDS	4259077	4259914	+	837	EBBPGFGJ_04071	rhaS_5	HTH-type transcriptional activator RhaS	m	5mC	5-methylcytosine	22	0.02628435
NC_003197.2	CDS	4260066	4260915	+	849	EBBPGFGJ_04072	rhaR_6	HTH-type transcriptional activator RhaR	m	5mC	5-methylcytosine	8	0.00942285
NC_003197.2	CDS	4260911	4261946	-	1035	EBBPGFGJ_04073	rhaT	L-rhamnose-proton symporter	m	5mC	5-methylcytosine	18	0.01739130
NC_003197.2	CDS	4263405	4264713	-	1308	EBBPGFGJ_04075	dctM_2	C4-dicarboxylate TRAP transporter large permease protein DctM	m	5mC	5-methylcytosine	80	0.06116208
NC_003197.2	CDS	4264705	4265221	-	516	EBBPGFGJ_04076		hypothetical protein	m	5mC	5-methylcytosine	5	0.00968992
NC_003197.2	CDS	4265239	4266223	-	984	EBBPGFGJ_04077		Solute-binding protein Bpro_3107	m	5mC	5-methylcytosine	30	0.03048780
NC_003197.2	CDS	4266551	4267172	+	621	EBBPGFGJ_04078	sodA	Superoxide dismutase [Mn]	m	5mC	5-methylcytosine	6	0.00966184
NC_003197.2	CDS	4267241	4267931	+	690	EBBPGFGJ_04079	yiiM	Protein YiiM	m	5mC	5-methylcytosine	23	0.03333333
NC_003197.2	CDS	4267942	4268338	+	396	EBBPGFGJ_04080		hypothetical protein	m	5mC	5-methylcytosine	14	0.03535354
NC_003197.2	CDS	4268388	4269762	-	1374	EBBPGFGJ_04081	cpxA	Sensor histidine kinase CpxA	m	5mC	5-methylcytosine	79	0.05749636
NC_003197.2	CDS	4269758	4270457	-	699	EBBPGFGJ_04082	cpxR	Transcriptional regulatory protein CpxR	m	5mC	5-methylcytosine	37	0.05293276
NC_003197.2	CDS	4270607	4271108	+	501	EBBPGFGJ_04083	cpxP	Periplasmic protein CpxP	m	5mC	5-methylcytosine	4	0.00798403
NC_003197.2	CDS	4271255	4272158	+	903	EBBPGFGJ_04084	fieF	Ferrous-iron efflux pump FieF	m	5mC	5-methylcytosine	12	0.01328904
NC_003197.2	CDS	4272342	4273305	+	963	EBBPGFGJ_04085	pfkA	ATP-dependent 6-phosphofructokinase isozyme 1	m	5mC	5-methylcytosine	19	0.01973001
NC_003197.2	CDS	4273508	4274498	+	990	EBBPGFGJ_04086	sbp	Sulfate-binding protein	m	5mC	5-methylcytosine	22	0.02222222
NC_003197.2	CDS	4274598	4275354	+	756	EBBPGFGJ_04087	cdh	CDP-diacylglycerol pyrophosphatase	m	5mC	5-methylcytosine	12	0.01587302
NC_003197.2	CDS	4275616	4276951	+	1335	EBBPGFGJ_04088	yagG	Putative glycoside/cation symporter YagG	m	5mC	5-methylcytosine	23	0.01722846
NC_003197.2	CDS	4276961	4277921	+	960	EBBPGFGJ_04089	scrK	Fructokinase	m	5mC	5-methylcytosine	55	0.05729167
NC_003197.2	CDS	4277930	4278971	+	1041	EBBPGFGJ_04090		hypothetical protein	m	5mC	5-methylcytosine	25	0.02401537
NC_003197.2	CDS	4279033	4279756	+	723	EBBPGFGJ_04091	mngR_2	Mannosyl-D-glycerate transport/metabolism system repressor MngR	m	5mC	5-methylcytosine	16	0.02213001
NC_003197.2	CDS	4279853	4280018	+	165	EBBPGFGJ_04092		hypothetical protein	m	5mC	5-methylcytosine	1	0.00606061
NC_003197.2	CDS	4280254	4280605	-	351	EBBPGFGJ_04093		hypothetical protein	m	5mC	5-methylcytosine	2	0.00569801
NC_003197.2	CDS	4280618	4282211	-	1593	EBBPGFGJ_04094	lsrK	Autoinducer-2 kinase	m	5mC	5-methylcytosine	43	0.02699309
NC_003197.2	CDS	4282298	4283258	-	960	EBBPGFGJ_04095	lsrR	Transcriptional regulator LsrR	m	5mC	5-methylcytosine	66	0.06875000
NC_003197.2	CDS	4283513	4285049	+	1536	EBBPGFGJ_04096	lsrA	Autoinducer 2 import ATP-binding protein LsrA	m	5mC	5-methylcytosine	28	0.01822917
NC_003197.2	CDS	4285042	4286086	+	1044	EBBPGFGJ_04097	lsrC	Autoinducer 2 import system permease protein LsrC	m	5mC	5-methylcytosine	29	0.02777778
NC_003197.2	CDS	4286085	4287084	+	999	EBBPGFGJ_04098	lsrD	Autoinducer 2 import system permease protein LsrD	m	5mC	5-methylcytosine	11	0.01101101
NC_003197.2	CDS	4287112	4288135	+	1023	EBBPGFGJ_04099	lsrB	Autoinducer 2-binding protein LsrB	m	5mC	5-methylcytosine	12	0.01173021
NC_003197.2	CDS	4288163	4289039	+	876	EBBPGFGJ_04100	lsrF	3-hydroxy-5-phosphonooxypentane-2%2C4-dione thiolase	m	5mC	5-methylcytosine	11	0.01255708
NC_003197.2	CDS	4289082	4289412	+	330	EBBPGFGJ_04101	lsrG	(4S)-4-hydroxy-5-phosphonooxypentane-2%2C3-dione isomerase	m	5mC	5-methylcytosine	2	0.00606061
NC_003197.2	CDS	4289421	4290186	+	765	EBBPGFGJ_04102	lsrE	Putative epimerase LsrE	m	5mC	5-methylcytosine	8	0.01045752
NC_003197.2	CDS	4290277	4291045	-	768	EBBPGFGJ_04103	tpiA	Triosephosphate isomerase	m	5mC	5-methylcytosine	10	0.01302083
NC_003197.2	CDS	4291157	4291754	-	597	EBBPGFGJ_04104		hypothetical protein	m	5mC	5-methylcytosine	8	0.01340034
NC_003197.2	CDS	4291854	4292283	+	429	EBBPGFGJ_04105		hypothetical protein	m	5mC	5-methylcytosine	1	0.00233100
NC_003197.2	CDS	4292389	4293136	-	747	EBBPGFGJ_04106	fpr	Flavodoxin/ferredoxin--NADP reductase	m	5mC	5-methylcytosine	12	0.01606426
NC_003197.2	CDS	4293232	4294243	-	1011	EBBPGFGJ_04107	glpX	Fructose-1%2C6-bisphosphatase 1 class 2	m	5mC	5-methylcytosine	81	0.08011869
NC_003197.2	CDS	4294354	4295863	-	1509	EBBPGFGJ_04108	glpK_2	Glycerol kinase	m	5mC	5-methylcytosine	84	0.05566600
NC_003197.2	CDS	4295883	4296729	-	846	EBBPGFGJ_04109	glpF	Glycerol uptake facilitator protein	m	5mC	5-methylcytosine	13	0.01536643
NC_003197.2	CDS	4297588	4298074	-	486	EBBPGFGJ_04111	rraA	Regulator of ribonuclease activity A	m	5mC	5-methylcytosine	20	0.04115226
NC_003197.2	CDS	4298166	4299096	-	930	EBBPGFGJ_04112	menA	1%2C4-dihydroxy-2-naphthoate octaprenyltransferase	m	5mC	5-methylcytosine	15	0.01612903
NC_003197.2	CDS	4299162	4300494	-	1332	EBBPGFGJ_04113	hslU	ATP-dependent protease ATPase subunit HslU	m	5mC	5-methylcytosine	43	0.03228228
NC_003197.2	CDS	4300503	4301034	-	531	EBBPGFGJ_04114	hslV	ATP-dependent protease subunit HslV	m	5mC	5-methylcytosine	9	0.01694915
NC_003197.2	CDS	4301125	4302007	-	882	EBBPGFGJ_04115	ftsN	Cell division protein FtsN	m	5mC	5-methylcytosine	52	0.05895692
NC_003197.2	CDS	4302193	4303219	-	1026	EBBPGFGJ_04116	cytR	HTH-type transcriptional repressor CytR	m	5mC	5-methylcytosine	6	0.00584795
NC_003197.2	CDS	4303373	4305572	-	2199	EBBPGFGJ_04117	priA	Primosomal protein N'	m	5mC	5-methylcytosine	195	0.08867667
NC_003197.2	CDS	4305775	4305988	+	213	EBBPGFGJ_04118	rpmE	50S ribosomal protein L31	m	5mC	5-methylcytosine	3	0.01408451
NC_003197.2	CDS	4306033	4306696	-	663	EBBPGFGJ_04119		hypothetical protein	m	5mC	5-methylcytosine	1	0.00150830
NC_003197.2	CDS	4306896	4308687	-	1791	EBBPGFGJ_04120	assT_7	Arylsulfate sulfotransferase AssT	m	5mC	5-methylcytosine	5	0.00279174
NC_003197.2	CDS	4309143	4309461	-	318	EBBPGFGJ_04121	metJ	Met repressor	m	5mC	5-methylcytosine	1	0.00314465
NC_003197.2	CDS	4309725	4310886	+	1161	EBBPGFGJ_04122	metB	Cystathionine gamma-synthase	m	5mC	5-methylcytosine	9	0.00775194
NC_003197.2	CDS	4310888	4313321	+	2433	EBBPGFGJ_04123	metL	Bifunctional aspartokinase/homoserine dehydrogenase 2	m	5mC	5-methylcytosine	264	0.10850801
NC_003197.2	CDS	4313436	4314294	-	858	EBBPGFGJ_04124	mscS_2	Small-conductance mechanosensitive channel	m	5mC	5-methylcytosine	6	0.00699301
NC_003197.2	CDS	4314296	4315295	-	999	EBBPGFGJ_04125		hypothetical protein	m	5mC	5-methylcytosine	4	0.00400400
NC_003197.2	CDS	4315529	4316654	-	1125	EBBPGFGJ_04126		hypothetical protein	m	5mC	5-methylcytosine	59	0.05244444
NC_003197.2	CDS	4316789	4318346	+	1557	EBBPGFGJ_04127	yfkN	Trifunctional nucleotide phosphoesterase protein YfkN	m	5mC	5-methylcytosine	21	0.01348748
NC_003197.2	CDS	4318540	4319431	+	891	EBBPGFGJ_04128	metF	5%2C10-methylenetetrahydrofolate reductase	m	5mC	5-methylcytosine	11	0.01234568
NC_003197.2	CDS	4319595	4321776	+	2181	EBBPGFGJ_04129	katG	Catalase-peroxidase	m	5mC	5-methylcytosine	65	0.02980284
NC_003197.2	CDS	4321833	4322457	-	624	EBBPGFGJ_04130		hypothetical protein	m	5mC	5-methylcytosine	4	0.00641026
NC_003197.2	CDS	4322715	4323819	-	1104	EBBPGFGJ_04131	gldA_2	Glycerol dehydrogenase	m	5mC	5-methylcytosine	63	0.05706522
NC_003197.2	CDS	4323830	4324493	-	663	EBBPGFGJ_04132	fsaB	Fructose-6-phosphate aldolase 2	m	5mC	5-methylcytosine	24	0.03619910
NC_003197.2	CDS	4324503	4327005	-	2502	EBBPGFGJ_04133	fryA	Multiphosphoryl transfer protein 1	m	5mC	5-methylcytosine	141	0.05635492
NC_003197.2	CDS	4327313	4328393	+	1080	EBBPGFGJ_04134	manP	PTS system mannose-specific EIIBCA component	m	5mC	5-methylcytosine	10	0.00925926
NC_003197.2	CDS	4328407	4328728	+	321	EBBPGFGJ_04135	fryB	PTS system fructose-like EIIB component 1	m	5mC	5-methylcytosine	2	0.00623053
NC_003197.2	CDS	4328826	4331124	+	2298	EBBPGFGJ_04136	cutC_2	Choline trimethylamine-lyase	m	5mC	5-methylcytosine	38	0.01653612
NC_003197.2	CDS	4331089	4331968	+	879	EBBPGFGJ_04137	bssD	Benzylsuccinate synthase activating enzyme	m	5mC	5-methylcytosine	40	0.04550626
NC_003197.2	CDS	4331969	4332323	+	354	EBBPGFGJ_04138	frwD	PTS system fructose-like EIIB component 3	m	5mC	5-methylcytosine	11	0.03107345
NC_003197.2	CDS	4332309	4333161	-	852	EBBPGFGJ_04139	rhaR_7	HTH-type transcriptional activator RhaR	m	5mC	5-methylcytosine	13	0.01525822
NC_003197.2	CDS	4333321	4335055	-	1734	EBBPGFGJ_04140	cptA	Phosphoethanolamine transferase CptA	m	5mC	5-methylcytosine	13	0.00749712
NC_003197.2	CDS	4335265	4337917	-	2652	EBBPGFGJ_04141	ppc	Phosphoenolpyruvate carboxylase	m	5mC	5-methylcytosine	155	0.05844646
NC_003197.2	CDS	4338285	4339437	-	1152	EBBPGFGJ_04142	argE	Acetylornithine deacetylase	m	5mC	5-methylcytosine	33	0.02864583
NC_003197.2	CDS	4339525	4340530	+	1005	EBBPGFGJ_04143	argC	N-acetyl-gamma-glutamyl-phosphate reductase	m	5mC	5-methylcytosine	25	0.02487562
NC_003197.2	CDS	4340537	4341314	+	777	EBBPGFGJ_04144	argB	Acetylglutamate kinase	m	5mC	5-methylcytosine	34	0.04375804
NC_003197.2	CDS	4341431	4342808	+	1377	EBBPGFGJ_04145	argH	Argininosuccinate lyase	m	5mC	5-methylcytosine	78	0.05664488
NC_003197.2	CDS	4343092	4344010	+	918	EBBPGFGJ_04146	oxyR_2	Hydrogen peroxide-inducible genes activator	m	5mC	5-methylcytosine	59	0.06427015
NC_003197.2	CDS	4343992	4345393	-	1401	EBBPGFGJ_04147	sthA	Soluble pyridine nucleotide transhydrogenase	m	5mC	5-methylcytosine	29	0.02069950
NC_003197.2	CDS	4345591	4346227	+	636	EBBPGFGJ_04148	fabR	HTH-type transcriptional repressor FabR	m	5mC	5-methylcytosine	8	0.01257862
NC_003197.2	CDS	4346648	4347749	-	1101	EBBPGFGJ_04150	trmA	tRNA/tmRNA (uracil-C(5))-methyltransferase	m	5mC	5-methylcytosine	28	0.02543143
NC_003197.2	CDS	4348122	4349967	+	1845	EBBPGFGJ_04151	btuB	Vitamin B12 transporter BtuB	m	5mC	5-methylcytosine	23	0.01246612
NC_003197.2	CDS	4349911	4350763	+	852	EBBPGFGJ_04152	murI	Glutamate racemase	m	5mC	5-methylcytosine	40	0.04694836
NC_003197.2	rRNA	4351145	4352683	+	1538	EBBPGFGJ_04153		16S ribosomal RNA	m	5mC	5-methylcytosine	77	0.05006502
NC_003197.2	tRNA	4352753	4352830	+	77	EBBPGFGJ_04154		tRNA-Ile(gat)	m	5mC	5-methylcytosine	2	0.02597403
NC_003197.2	rRNA	4353201	4356190	+	2989	EBBPGFGJ_04156		23S ribosomal RNA	m	5mC	5-methylcytosine	52	0.01739712
NC_003197.2	rRNA	4356389	4356500	+	111	EBBPGFGJ_04157		5S ribosomal RNA	m	5mC	5-methylcytosine	3	0.02702703
NC_003197.2	CDS	4356684	4357713	+	1029	EBBPGFGJ_04158	murB	UDP-N-acetylenolpyruvoylglucosamine reductase	m	5mC	5-methylcytosine	31	0.03012634
NC_003197.2	CDS	4357709	4358672	+	963	EBBPGFGJ_04159	birA	Bifunctional ligase/repressor BirA	m	5mC	5-methylcytosine	5	0.00519211
NC_003197.2	CDS	4358706	4359633	-	927	EBBPGFGJ_04160	coaA	Pantothenate kinase	m	5mC	5-methylcytosine	14	0.01510248
NC_003197.2	tRNA	4360058	4360134	+	76	EBBPGFGJ_04161		tRNA-Thr(tgt)	m	5mC	5-methylcytosine	2	0.02631579
NC_003197.2	tRNA	4360142	4360227	+	85	EBBPGFGJ_04162		tRNA-Tyr(gta)	m	5mC	5-methylcytosine	4	0.04705882
NC_003197.2	tRNA	4360343	4360418	+	75	EBBPGFGJ_04163		tRNA-Gly(tcc)	m	5mC	5-methylcytosine	5	0.06666667
NC_003197.2	tRNA	4360424	4360500	+	76	EBBPGFGJ_04164		tRNA-Thr(ggt)	m	5mC	5-methylcytosine	2	0.02631579
NC_003197.2	CDS	4360615	4361800	+	1185	EBBPGFGJ_04165	tuf1_2	Elongation factor Tu 1	m	5mC	5-methylcytosine	32	0.02700422
NC_003197.2	CDS	4362029	4362413	+	384	EBBPGFGJ_04166	secE	Protein translocase subunit SecE	m	5mC	5-methylcytosine	8	0.02083333
NC_003197.2	CDS	4362414	4362960	+	546	EBBPGFGJ_04167	nusG	Transcription termination/antitermination protein NusG	m	5mC	5-methylcytosine	8	0.01465201
NC_003197.2	CDS	4363117	4363546	+	429	EBBPGFGJ_04168	rplK	50S ribosomal protein L11	m	5mC	5-methylcytosine	5	0.01165501
NC_003197.2	CDS	4363549	4364254	+	705	EBBPGFGJ_04169	rplA	50S ribosomal protein L1	m	5mC	5-methylcytosine	55	0.07801418
NC_003197.2	CDS	4364673	4365171	+	498	EBBPGFGJ_04170	rplJ	50S ribosomal protein L10	m	5mC	5-methylcytosine	24	0.04819277
NC_003197.2	CDS	4365237	4365603	+	366	EBBPGFGJ_04171	rplL	50S ribosomal protein L7/L12	m	5mC	5-methylcytosine	3	0.00819672
NC_003197.2	CDS	4365920	4369949	+	4029	EBBPGFGJ_04172	rpoB	DNA-directed RNA polymerase subunit beta	m	5mC	5-methylcytosine	185	0.04591710
NC_003197.2	CDS	4370025	4374249	+	4224	EBBPGFGJ_04173	rpoC	DNA-directed RNA polymerase subunit beta'	m	5mC	5-methylcytosine	151	0.03574811
NC_003197.2	CDS	4375362	4376373	+	1011	EBBPGFGJ_04176		hypothetical protein	m	5mC	5-methylcytosine	3	0.00296736
NC_003197.2	CDS	4377034	4378168	-	1134	EBBPGFGJ_04177	thiH	2-iminoacetate synthase	m	5mC	5-methylcytosine	12	0.01058201
NC_003197.2	CDS	4378164	4378935	-	771	EBBPGFGJ_04178	thiG	Thiazole synthase	m	5mC	5-methylcytosine	66	0.08560311
NC_003197.2	CDS	4378936	4379110	-	174	EBBPGFGJ_04179	thiS	Sulfur carrier protein ThiS	m	5mC	5-methylcytosine	21	0.12068966
NC_003197.2	CDS	4379117	4379876	-	759	EBBPGFGJ_04180	thiF	Sulfur carrier protein ThiS adenylyltransferase	m	5mC	5-methylcytosine	85	0.11198946
NC_003197.2	CDS	4379868	4380504	-	636	EBBPGFGJ_04181	thiE	Thiamine-phosphate synthase	m	5mC	5-methylcytosine	56	0.08805031
NC_003197.2	CDS	4380503	4382399	-	1896	EBBPGFGJ_04182	thiC	Phosphomethylpyrimidine synthase	m	5mC	5-methylcytosine	82	0.04324895
NC_003197.2	CDS	4382762	4383251	-	489	EBBPGFGJ_04183	rsd	Regulator of sigma D	m	5mC	5-methylcytosine	4	0.00817996
NC_003197.2	CDS	4383343	4384117	+	774	EBBPGFGJ_04184	nudC	NADH pyrophosphatase	m	5mC	5-methylcytosine	5	0.00645995
NC_003197.2	CDS	4384157	4385222	+	1065	EBBPGFGJ_04185	hemE	Uroporphyrinogen decarboxylase	m	5mC	5-methylcytosine	23	0.02159624
NC_003197.2	CDS	4385231	4385903	+	672	EBBPGFGJ_04186	nfi	Endonuclease V	m	5mC	5-methylcytosine	33	0.04910714
NC_003197.2	CDS	4385944	4386535	+	591	EBBPGFGJ_04187		Uncharacterized protein HI_0431	m	5mC	5-methylcytosine	5	0.00846024
NC_003197.2	CDS	4386721	4386994	+	273	EBBPGFGJ_04188	hupA	DNA-binding protein HU-alpha	m	5mC	5-methylcytosine	1	0.00366300
NC_003197.2	CDS	4387005	4387698	+	693	EBBPGFGJ_04189		hypothetical protein	m	5mC	5-methylcytosine	9	0.01298701
NC_003197.2	CDS	4387739	4388195	-	456	EBBPGFGJ_04190	zraP	Zinc resistance-associated protein	m	5mC	5-methylcytosine	6	0.01315789
NC_003197.2	CDS	4388259	4389846	+	1587	EBBPGFGJ_04191	zraS	Sensor protein ZraS	m	5mC	5-methylcytosine	21	0.01323251
NC_003197.2	CDS	4389851	4391177	+	1326	EBBPGFGJ_04192	zraR	Transcriptional regulatory protein ZraR	m	5mC	5-methylcytosine	29	0.02187029
NC_003197.2	CDS	4391173	4392463	-	1290	EBBPGFGJ_04193	purD	Phosphoribosylamine--glycine ligase	m	5mC	5-methylcytosine	108	0.08372093
NC_003197.2	CDS	4392474	4394064	-	1590	EBBPGFGJ_04194	purH	Bifunctional purine biosynthesis protein PurH	m	5mC	5-methylcytosine	52	0.03270440
NC_003197.2	rRNA	4394690	4396229	+	1539	EBBPGFGJ_04195		16S ribosomal RNA	m	5mC	5-methylcytosine	70	0.04548408
NC_003197.2	tRNA	4396315	4396391	+	76	EBBPGFGJ_04196		tRNA-Glu(ttc)	m	5mC	5-methylcytosine	2	0.02631579
NC_003197.2	rRNA	4396625	4399614	+	2989	EBBPGFGJ_04197		23S ribosomal RNA	m	5mC	5-methylcytosine	59	0.01973904
NC_003197.2	rRNA	4399813	4399924	+	111	EBBPGFGJ_04198		5S ribosomal RNA	m	5mC	5-methylcytosine	2	0.01801802
NC_003197.2	CDS	4400259	4400697	-	438	EBBPGFGJ_04199	yjaB	Peptidyl-lysine N-acetyltransferase YjaB	m	5mC	5-methylcytosine	6	0.01369863
NC_003197.2	CDS	4400853	4401783	+	930	EBBPGFGJ_04200	metAS	Homoserine O-succinyltransferase	m	5mC	5-methylcytosine	3	0.00322581
NC_003197.2	CDS	4402051	4403653	+	1602	EBBPGFGJ_04201	aceB	Malate synthase A	m	5mC	5-methylcytosine	12	0.00749064
NC_003197.2	CDS	4403684	4404989	+	1305	EBBPGFGJ_04202	aceA	Isocitrate lyase	m	5mC	5-methylcytosine	51	0.03908046
NC_003197.2	CDS	4405090	4406842	+	1752	EBBPGFGJ_04203	aceK	Isocitrate dehydrogenase kinase/phosphatase	m	5mC	5-methylcytosine	16	0.00913242
NC_003197.2	CDS	4406805	4407240	-	435	EBBPGFGJ_04204		hypothetical protein	m	5mC	5-methylcytosine	63	0.14482759
NC_003197.2	CDS	4407223	4408048	-	825	EBBPGFGJ_04205	iclR	Transcriptional repressor IclR	m	5mC	5-methylcytosine	36	0.04363636
NC_003197.2	CDS	4408351	4412035	+	3684	EBBPGFGJ_04206	metH	Methionine synthase	m	5mC	5-methylcytosine	159	0.04315961
NC_003197.2	CDS	4412301	4413933	+	1632	EBBPGFGJ_04207		hypothetical protein	m	5mC	5-methylcytosine	22	0.01348039
NC_003197.2	CDS	4414008	4414698	-	690	EBBPGFGJ_04208	pepE	Peptidase E	m	5mC	5-methylcytosine	42	0.06086957
NC_003197.2	CDS	4414905	4415445	+	540	EBBPGFGJ_04209		hypothetical protein	m	5mC	5-methylcytosine	6	0.01111111
NC_003197.2	CDS	4415491	4416361	+	870	EBBPGFGJ_04210	rluF	Dual-specificity RNA pseudouridine synthase RluF	m	5mC	5-methylcytosine	14	0.01609195
NC_003197.2	CDS	4416357	4416630	-	273	EBBPGFGJ_04211		hypothetical protein	m	5mC	5-methylcytosine	12	0.04395604
NC_003197.2	CDS	4416727	4417669	-	942	EBBPGFGJ_04212	panS	Pantothenate precursors transporter PanS	m	5mC	5-methylcytosine	21	0.02229299
NC_003197.2	CDS	4417930	4418659	-	729	EBBPGFGJ_04213		hypothetical protein	m	5mC	5-methylcytosine	3	0.00411523
NC_003197.2	CDS	4419394	4419850	-	456	EBBPGFGJ_04214		hypothetical protein	m	5mC	5-methylcytosine	6	0.01315789
NC_003197.2	CDS	4419846	4420452	-	606	EBBPGFGJ_04215		hypothetical protein	m	5mC	5-methylcytosine	6	0.00990099
NC_003197.2	CDS	4420456	4422202	-	1746	EBBPGFGJ_04216		hypothetical protein	m	5mC	5-methylcytosine	43	0.02462772
NC_003197.2	CDS	4422204	4422837	-	633	EBBPGFGJ_04217		hypothetical protein	m	5mC	5-methylcytosine	5	0.00789889
NC_003197.2	CDS	4422829	4423945	-	1116	EBBPGFGJ_04218		hypothetical protein	m	5mC	5-methylcytosine	101	0.09050179
NC_003197.2	CDS	4423935	4424295	-	360	EBBPGFGJ_04219		hypothetical protein	m	5mC	5-methylcytosine	22	0.06111111
NC_003197.2	CDS	4424458	4426006	-	1548	EBBPGFGJ_04220		hypothetical protein	m	5mC	5-methylcytosine	5	0.00322997
NC_003197.2	CDS	4426005	4426935	-	930	EBBPGFGJ_04221	yfdH_2	Prophage bactoprenol glucosyl transferase homolog	m	5mC	5-methylcytosine	4	0.00430108
NC_003197.2	CDS	4427621	4428344	-	723	EBBPGFGJ_04222		hypothetical protein	m	5mC	5-methylcytosine	37	0.05117566
NC_003197.2	CDS	4428353	4429397	-	1044	EBBPGFGJ_04223		hypothetical protein	m	5mC	5-methylcytosine	10	0.00957854
NC_003197.2	CDS	4429384	4429594	-	210	EBBPGFGJ_04224		hypothetical protein	m	5mC	5-methylcytosine	24	0.11428571
NC_003197.2	CDS	4429593	4430547	-	954	EBBPGFGJ_04225		hypothetical protein	m	5mC	5-methylcytosine	41	0.04297694
NC_003197.2	CDS	4430546	4432901	-	2355	EBBPGFGJ_04226		hypothetical protein	m	5mC	5-methylcytosine	148	0.06284501
NC_003197.2	CDS	4433454	4433979	-	525	EBBPGFGJ_04228		hypothetical protein	m	5mC	5-methylcytosine	4	0.00761905
NC_003197.2	CDS	4433978	4435406	-	1428	EBBPGFGJ_04229		hypothetical protein	m	5mC	5-methylcytosine	19	0.01330532
NC_003197.2	CDS	4435589	4436045	-	456	EBBPGFGJ_04231		hypothetical protein	m	5mC	5-methylcytosine	1	0.00219298
NC_003197.2	CDS	4436204	4436519	-	315	EBBPGFGJ_04232		hypothetical protein	m	5mC	5-methylcytosine	9	0.02857143
NC_003197.2	CDS	4436531	4437104	-	573	EBBPGFGJ_04233	mltF_2	Membrane-bound lytic murein transglycosylase F	m	5mC	5-methylcytosine	22	0.03839442
NC_003197.2	CDS	4437139	4437427	-	288	EBBPGFGJ_04234		hypothetical protein	m	5mC	5-methylcytosine	6	0.02083333
NC_003197.2	CDS	4438002	4438350	+	348	EBBPGFGJ_04235		hypothetical protein	m	5mC	5-methylcytosine	5	0.01436782
NC_003197.2	CDS	4438482	4439832	-	1350	EBBPGFGJ_04236	lysC	Lysine-sensitive aspartokinase 3	m	5mC	5-methylcytosine	59	0.04370370
NC_003197.2	CDS	4440176	4441826	+	1650	EBBPGFGJ_04237	pgi	Glucose-6-phosphate isomerase	m	5mC	5-methylcytosine	24	0.01454545
NC_003197.2	CDS	4442266	4442512	+	246	EBBPGFGJ_04238		hypothetical protein	m	5mC	5-methylcytosine	11	0.04471545
NC_003197.2	CDS	4442575	4443214	+	639	EBBPGFGJ_04239	gfcB	Uncharacterized lipoprotein GfcB	m	5mC	5-methylcytosine	32	0.05007825
NC_003197.2	CDS	4443210	4443948	+	738	EBBPGFGJ_04240		hypothetical protein	m	5mC	5-methylcytosine	73	0.09891599
NC_003197.2	CDS	4443947	4446044	+	2097	EBBPGFGJ_04241		hypothetical protein	m	5mC	5-methylcytosine	22	0.01049118
NC_003197.2	CDS	4446186	4446597	+	411	EBBPGFGJ_04242	psiE	Protein PsiE	m	5mC	5-methylcytosine	4	0.00973236
NC_003197.2	CDS	4446762	4447653	-	891	EBBPGFGJ_04243	malG	Maltose/maltodextrin transport system permease protein MalG	m	5mC	5-methylcytosine	25	0.02805836
NC_003197.2	CDS	4447667	4449212	-	1545	EBBPGFGJ_04244	malF	Maltose/maltodextrin transport system permease protein MalF	m	5mC	5-methylcytosine	25	0.01618123
NC_003197.2	CDS	4449343	4450534	-	1191	EBBPGFGJ_04245	malE	Maltose/maltodextrin-binding periplasmic protein	m	5mC	5-methylcytosine	41	0.03442485
NC_003197.2	CDS	4450895	4452005	+	1110	EBBPGFGJ_04246	malK	Maltose/maltodextrin import ATP-binding protein MalK	m	5mC	5-methylcytosine	54	0.04864865
NC_003197.2	CDS	4452093	4453452	+	1359	EBBPGFGJ_04247	lamB	Maltoporin	m	5mC	5-methylcytosine	27	0.01986755
NC_003197.2	CDS	4453615	4454533	+	918	EBBPGFGJ_04248		hypothetical protein	m	5mC	5-methylcytosine	29	0.03159041
NC_003197.2	CDS	4454713	4455211	+	498	EBBPGFGJ_04249	ubiC	Chorismate pyruvate-lyase	m	5mC	5-methylcytosine	6	0.01204819
NC_003197.2	CDS	4455224	4456097	+	873	EBBPGFGJ_04250	ubiA	4-hydroxybenzoate octaprenyltransferase	m	5mC	5-methylcytosine	27	0.03092784
NC_003197.2	CDS	4456195	4458616	-	2421	EBBPGFGJ_04251	plsB	Glycerol-3-phosphate acyltransferase	m	5mC	5-methylcytosine	102	0.04213135
NC_003197.2	CDS	4458786	4459155	+	369	EBBPGFGJ_04252	dgkA	Diacylglycerol kinase	m	5mC	5-methylcytosine	2	0.00542005
NC_003197.2	CDS	4459263	4459872	+	609	EBBPGFGJ_04253	lexA	LexA repressor	m	5mC	5-methylcytosine	28	0.04597701
NC_003197.2	CDS	4460050	4461376	+	1326	EBBPGFGJ_04254	dinF	DNA damage-inducible protein F	m	5mC	5-methylcytosine	13	0.00980392
NC_003197.2	CDS	4461504	4461717	+	213	EBBPGFGJ_04256	yjbJ	UPF0337 protein YjbJ	m	5mC	5-methylcytosine	2	0.00938967
NC_003197.2	CDS	4461815	4462331	-	516	EBBPGFGJ_04257	zur	Zinc uptake regulation protein	m	5mC	5-methylcytosine	12	0.02325581
NC_003197.2	CDS	4462577	4463888	+	1311	EBBPGFGJ_04258		hypothetical protein	m	5mC	5-methylcytosine	13	0.00991609
NC_003197.2	CDS	4463975	4464974	+	999	EBBPGFGJ_04259	dusA	tRNA-dihydrouridine(20/20a) synthase	m	5mC	5-methylcytosine	19	0.01901902
NC_003197.2	CDS	4465141	4465384	+	243	EBBPGFGJ_04260	pspG	Phage shock protein G	m	5mC	5-methylcytosine	2	0.00823045
NC_003197.2	CDS	4465558	4466542	-	984	EBBPGFGJ_04261	qorA	Quinone oxidoreductase 1	m	5mC	5-methylcytosine	20	0.02032520
NC_003197.2	CDS	4466606	4468022	+	1416	EBBPGFGJ_04262	dnaB	Replicative DNA helicase	m	5mC	5-methylcytosine	39	0.02754237
NC_003197.2	CDS	4468053	4469133	+	1080	EBBPGFGJ_04263	alr	Alanine racemase%2C biosynthetic	m	5mC	5-methylcytosine	88	0.08148148
NC_003197.2	CDS	4469318	4470512	+	1194	EBBPGFGJ_04264	tyrB	Aromatic-amino-acid aminotransferase	m	5mC	5-methylcytosine	26	0.02177554
NC_003197.2	CDS	4470698	4471412	+	714	EBBPGFGJ_04265	aphA	Class B acid phosphatase	m	5mC	5-methylcytosine	13	0.01820728
NC_003197.2	CDS	4471540	4471957	+	417	EBBPGFGJ_04266		hypothetical protein	m	5mC	5-methylcytosine	1	0.00239808
NC_003197.2	CDS	4471959	4472316	+	357	EBBPGFGJ_04267	yjbR	Uncharacterized protein YjbR	m	5mC	5-methylcytosine	3	0.00840336
NC_003197.2	CDS	4472316	4472655	-	339	EBBPGFGJ_04268		hypothetical protein	m	5mC	5-methylcytosine	25	0.07374631
NC_003197.2	CDS	4472641	4473085	-	444	EBBPGFGJ_04269		hypothetical protein	m	5mC	5-methylcytosine	4	0.00900901
NC_003197.2	CDS	4473228	4476054	-	2826	EBBPGFGJ_04270	uvrA	UvrABC system protein A	m	5mC	5-methylcytosine	161	0.05697098
NC_003197.2	CDS	4476301	4476832	+	531	EBBPGFGJ_04271	ssb_1	Single-stranded DNA-binding protein	m	5mC	5-methylcytosine	26	0.04896422
NC_003197.2	CDS	4478501	4479890	+	1389	EBBPGFGJ_04273		hypothetical protein	m	5mC	5-methylcytosine	4	0.00287977
NC_003197.2	CDS	4479879	4481199	+	1320	EBBPGFGJ_04274	tolC_2	Outer membrane protein TolC	m	5mC	5-methylcytosine	28	0.02121212
NC_003197.2	CDS	4481195	4482473	+	1278	EBBPGFGJ_04275	prsE_2	Type I secretion system membrane fusion protein PrsE	m	5mC	5-methylcytosine	13	0.01017214
NC_003197.2	CDS	4482489	4499169	+	16680	EBBPGFGJ_04276		hypothetical protein	m	5mC	5-methylcytosine	333	0.01996403
NC_003197.2	CDS	4499208	4501275	+	2067	EBBPGFGJ_04277	btuD_5	Vitamin B12 import ATP-binding protein BtuD	m	5mC	5-methylcytosine	8	0.00387034
NC_003197.2	CDS	4501552	4501834	-	282	EBBPGFGJ_04278		hypothetical protein	m	5mC	5-methylcytosine	7	0.02482270
NC_003197.2	CDS	4502396	4503998	+	1602	EBBPGFGJ_04279	pdeC	Probable cyclic di-GMP phosphodiesterase PdeC	m	5mC	5-methylcytosine	18	0.01123596
NC_003197.2	CDS	4503985	4504309	-	324	EBBPGFGJ_04280	soxS	Regulatory protein SoxS	m	5mC	5-methylcytosine	21	0.06481481
NC_003197.2	CDS	4504395	4504854	+	459	EBBPGFGJ_04281	soxR	Redox-sensitive transcriptional activator SoxR	m	5mC	5-methylcytosine	34	0.07407407
NC_003197.2	CDS	4505146	4505815	+	669	EBBPGFGJ_04282		hypothetical protein	m	5mC	5-methylcytosine	30	0.04484305
NC_003197.2	CDS	4506161	4507511	+	1350	EBBPGFGJ_04283	ghxP	Guanine/hypoxanthine permease GhxP	m	5mC	5-methylcytosine	29	0.02148148
NC_003197.2	CDS	4507618	4509307	+	1689	EBBPGFGJ_04284	nhaK	Sodium%2C potassium%2C lithium and rubidium/H(+) antiporter	m	5mC	5-methylcytosine	28	0.01657786
NC_003197.2	CDS	4509401	4510289	-	888	EBBPGFGJ_04285	oxyR_3	Hydrogen peroxide-inducible genes activator	m	5mC	5-methylcytosine	32	0.03603604
NC_003197.2	CDS	4510392	4510803	+	411	EBBPGFGJ_04286	cidA	Holin-like protein CidA	m	5mC	5-methylcytosine	1	0.00243309
NC_003197.2	CDS	4510795	4511485	+	690	EBBPGFGJ_04287	yohK_2	Inner membrane protein YohK	m	5mC	5-methylcytosine	38	0.05507246
NC_003197.2	CDS	4511523	4513173	-	1650	EBBPGFGJ_04288	actP_2	Cation/acetate symporter ActP	m	5mC	5-methylcytosine	23	0.01393939
NC_003197.2	CDS	4513729	4515688	-	1959	EBBPGFGJ_04290	acs_2	Acetyl-coenzyme A synthetase	m	5mC	5-methylcytosine	67	0.03420112
NC_003197.2	CDS	4516119	4517556	+	1437	EBBPGFGJ_04291	nrfA	Cytochrome c-552	m	5mC	5-methylcytosine	55	0.03827418
NC_003197.2	CDS	4517667	4518234	+	567	EBBPGFGJ_04292	nrfB	Cytochrome c-type protein NrfB	m	5mC	5-methylcytosine	3	0.00529101
NC_003197.2	CDS	4518230	4518902	+	672	EBBPGFGJ_04293	ydhX	Uncharacterized ferredoxin-like protein YdhX	m	5mC	5-methylcytosine	33	0.04910714
NC_003197.2	CDS	4518898	4519855	+	957	EBBPGFGJ_04294		hypothetical protein	m	5mC	5-methylcytosine	13	0.01358412
NC_003197.2	CDS	4519847	4522070	+	2223	EBBPGFGJ_04295		hypothetical protein	m	5mC	5-methylcytosine	59	0.02654071
NC_003197.2	CDS	4522066	4522687	+	621	EBBPGFGJ_04296	nrfG	Formate-dependent nitrite reductase complex subunit NrfG	m	5mC	5-methylcytosine	53	0.08534622
NC_003197.2	CDS	4523031	4524342	+	1311	EBBPGFGJ_04297	gltP	Proton/glutamate-aspartate symporter	m	5mC	5-methylcytosine	12	0.00915332
NC_003197.2	CDS	4524499	4525189	-	690	EBBPGFGJ_04298		hypothetical protein	m	5mC	5-methylcytosine	4	0.00579710
NC_003197.2	CDS	4525365	4527045	-	1680	EBBPGFGJ_04299	fdhF_1	Formate dehydrogenase H	m	5mC	5-methylcytosine	88	0.05238095
NC_003197.2	CDS	4527093	4527513	-	420	EBBPGFGJ_04300	fdhF_2	Formate dehydrogenase H	m	5mC	5-methylcytosine	3	0.00714286
NC_003197.2	CDS	4527867	4528776	-	909	EBBPGFGJ_04301		hypothetical protein	m	5mC	5-methylcytosine	6	0.00660066
NC_003197.2	CDS	4529033	4529468	-	435	EBBPGFGJ_04302	phnO	Aminoalkylphosphonate N-acetyltransferase	m	5mC	5-methylcytosine	2	0.00459770
NC_003197.2	CDS	4529619	4530063	-	444	EBBPGFGJ_04303		hypothetical protein	m	5mC	5-methylcytosine	6	0.01351351
NC_003197.2	CDS	4530985	4532488	+	1503	EBBPGFGJ_04305	proP_2	Proline/betaine transporter	m	5mC	5-methylcytosine	17	0.01131071
NC_003197.2	CDS	4532654	4533734	-	1080	EBBPGFGJ_04307	basS	Sensor protein BasS	m	5mC	5-methylcytosine	28	0.02592593
NC_003197.2	CDS	4533734	4534403	-	669	EBBPGFGJ_04308	basR	Transcriptional regulatory protein BasR	m	5mC	5-methylcytosine	7	0.01046338
NC_003197.2	CDS	4534399	4536043	-	1644	EBBPGFGJ_04309	eptA	Phosphoethanolamine transferase EptA	m	5mC	5-methylcytosine	27	0.01642336
NC_003197.2	CDS	4536176	4537514	-	1338	EBBPGFGJ_04310	adiC	Arginine/agmatine antiporter	m	5mC	5-methylcytosine	77	0.05754858
NC_003197.2	CDS	4538712	4540983	-	2271	EBBPGFGJ_04312	adiA	Biodegradative arginine decarboxylase	m	5mC	5-methylcytosine	38	0.01673272
NC_003197.2	CDS	4541212	4542145	-	933	EBBPGFGJ_04313	melR	Melibiose operon regulatory protein	m	5mC	5-methylcytosine	19	0.02036442
NC_003197.2	CDS	4542416	4543769	+	1353	EBBPGFGJ_04314	melA	Alpha-galactosidase	m	5mC	5-methylcytosine	60	0.04434590
NC_003197.2	CDS	4543852	4545283	+	1431	EBBPGFGJ_04315	melB	Melibiose carrier protein	m	5mC	5-methylcytosine	5	0.00349406
NC_003197.2	CDS	4545380	4547027	-	1647	EBBPGFGJ_04316	fumB_2	Fumarate hydratase class I%2C anaerobic	m	5mC	5-methylcytosine	38	0.02307225
NC_003197.2	CDS	4547122	4548463	-	1341	EBBPGFGJ_04317	dcuB	Anaerobic C4-dicarboxylate transporter DcuB	m	5mC	5-methylcytosine	16	0.01193139
NC_003197.2	CDS	4548609	4548876	-	267	EBBPGFGJ_04318		hypothetical protein	m	5mC	5-methylcytosine	1	0.00374532
NC_003197.2	CDS	4549192	4549912	-	720	EBBPGFGJ_04319	dcuR	Transcriptional regulatory protein DcuR	m	5mC	5-methylcytosine	5	0.00694444
NC_003197.2	CDS	4549908	4551540	-	1632	EBBPGFGJ_04320	dcuS	Sensor histidine kinase DcuS	m	5mC	5-methylcytosine	64	0.03921569
NC_003197.2	CDS	4551895	4554325	+	2430	EBBPGFGJ_04321	dmsA_3	Dimethyl sulfoxide reductase DmsA	m	5mC	5-methylcytosine	101	0.04156379
NC_003197.2	CDS	4554338	4554965	+	627	EBBPGFGJ_04322	dmsB_4	Anaerobic dimethyl sulfoxide reductase chain B	m	5mC	5-methylcytosine	9	0.01435407
NC_003197.2	CDS	4554957	4555731	+	774	EBBPGFGJ_04323	dmsC_4	Anaerobic dimethyl sulfoxide reductase chain C	m	5mC	5-methylcytosine	38	0.04909561
NC_003197.2	CDS	4555806	4556400	+	594	EBBPGFGJ_04324	dmsD_2	Tat proofreading chaperone DmsD	m	5mC	5-methylcytosine	18	0.03030303
NC_003197.2	CDS	4556483	4557884	-	1401	EBBPGFGJ_04325		hypothetical protein	m	5mC	5-methylcytosine	15	0.01070664
NC_003197.2	CDS	4558232	4559093	+	861	EBBPGFGJ_04326	yjiK_1	Uncharacterized protein YjiK	m	5mC	5-methylcytosine	5	0.00580720
NC_003197.2	CDS	4559431	4559890	+	459	EBBPGFGJ_04327		IS200/IS605 family transposase IS200F	m	5mC	5-methylcytosine	3	0.00653595
NC_003197.2	CDS	4560098	4560461	-	363	EBBPGFGJ_04328		hypothetical protein	m	5mC	5-methylcytosine	1	0.00275482
NC_003197.2	CDS	4560613	4560886	-	273	EBBPGFGJ_04329		hypothetical protein	m	5mC	5-methylcytosine	2	0.00732601
NC_003197.2	CDS	4560897	4561773	-	876	EBBPGFGJ_04330	gadX_2	HTH-type transcriptional regulator GadX	m	5mC	5-methylcytosine	3	0.00342466
NC_003197.2	CDS	4562865	4563357	+	492	EBBPGFGJ_04332		hypothetical protein	m	5mC	5-methylcytosine	7	0.01422764
NC_003197.2	CDS	4563604	4564357	-	753	EBBPGFGJ_04333	phoC	Major phosphate-irrepressible acid phosphatase	m	5mC	5-methylcytosine	5	0.00664011
NC_003197.2	CDS	4565565	4565943	-	378	EBBPGFGJ_04334		hypothetical protein	m	5mC	5-methylcytosine	5	0.01322751
NC_003197.2	CDS	4566014	4566347	+	333	EBBPGFGJ_04335	hmrR_2	HTH-type transcriptional regulator HmrR	m	5mC	5-methylcytosine	1	0.00300300
NC_003197.2	tRNA	4566594	4566670	-	76	EBBPGFGJ_04336		tRNA-Phe(gaa)	m	5mC	5-methylcytosine	6	0.07894737
NC_003197.2	CDS	4566785	4567361	-	576	EBBPGFGJ_04337		hypothetical protein	m	5mC	5-methylcytosine	24	0.04166667
NC_003197.2	CDS	4567397	4569101	-	1704	EBBPGFGJ_04338	dsbD_2	Thiol:disulfide interchange protein DsbD	m	5mC	5-methylcytosine	58	0.03403756
NC_003197.2	CDS	4569076	4569424	-	348	EBBPGFGJ_04339	cutA	Divalent-cation tolerance protein CutA	m	5mC	5-methylcytosine	9	0.02586207
NC_003197.2	CDS	4569544	4570846	-	1302	EBBPGFGJ_04340	dcuA_2	Anaerobic C4-dicarboxylate transporter DcuA	m	5mC	5-methylcytosine	10	0.00768049
NC_003197.2	CDS	4570960	4572397	-	1437	EBBPGFGJ_04341	aspA	Aspartate ammonia-lyase	m	5mC	5-methylcytosine	24	0.01670146
NC_003197.2	CDS	4572698	4573214	+	516	EBBPGFGJ_04342	fxsA	UPF0716 protein FxsA	m	5mC	5-methylcytosine	3	0.00581395
NC_003197.2	CDS	4573272	4574535	-	1263	EBBPGFGJ_04343	yjeH	L-methionine/branched-chain amino acid exporter YjeH	m	5mC	5-methylcytosine	21	0.01662708
NC_003197.2	CDS	4574789	4575083	+	294	EBBPGFGJ_04344	groS	10 kDa chaperonin	m	5mC	5-methylcytosine	1	0.00340136
NC_003197.2	CDS	4575126	4576773	+	1647	EBBPGFGJ_04345	groL	60 kDa chaperonin	m	5mC	5-methylcytosine	69	0.04189435
NC_003197.2	CDS	4577016	4577370	+	354	EBBPGFGJ_04346		hypothetical protein	m	5mC	5-methylcytosine	5	0.01412429
NC_003197.2	CDS	4577417	4578275	-	858	EBBPGFGJ_04347		hypothetical protein	m	5mC	5-methylcytosine	3	0.00349650
NC_003197.2	CDS	4578556	4579585	-	1029	EBBPGFGJ_04348	epmB	L-lysine 2%2C3-aminomutase	m	5mC	5-methylcytosine	76	0.07385811
NC_003197.2	CDS	4579625	4580192	+	567	EBBPGFGJ_04349	efp	Elongation factor P	m	5mC	5-methylcytosine	10	0.01763668
NC_003197.2	CDS	4580213	4580387	+	174	EBBPGFGJ_04350		hypothetical protein	m	5mC	5-methylcytosine	2	0.01149425
NC_003197.2	CDS	4580671	4581259	-	588	EBBPGFGJ_04351	rcsA_2	Transcriptional regulatory protein RcsA	m	5mC	5-methylcytosine	2	0.00340136
NC_003197.2	CDS	4581515	4581833	+	318	EBBPGFGJ_04352	gdx	Guanidinium exporter	m	5mC	5-methylcytosine	3	0.00943396
NC_003197.2	CDS	4581849	4582383	-	534	EBBPGFGJ_04353	blc	Outer membrane lipoprotein Blc	m	5mC	5-methylcytosine	5	0.00936330
NC_003197.2	CDS	4582494	4582854	-	360	EBBPGFGJ_04354	frdD	Fumarate reductase subunit D	m	5mC	5-methylcytosine	21	0.05833333
NC_003197.2	CDS	4582864	4583260	-	396	EBBPGFGJ_04355	frdC	Fumarate reductase subunit C	m	5mC	5-methylcytosine	28	0.07070707
NC_003197.2	CDS	4583270	4584005	-	735	EBBPGFGJ_04356	frdB	Fumarate reductase iron-sulfur subunit	m	5mC	5-methylcytosine	12	0.01632653
NC_003197.2	CDS	4583997	4585788	-	1791	EBBPGFGJ_04357	frdA	Fumarate reductase flavoprotein subunit	m	5mC	5-methylcytosine	59	0.03294249
NC_003197.2	CDS	4586110	4587088	+	978	EBBPGFGJ_04358	epmA	Elongation factor P--(R)-beta-lysine ligase	m	5mC	5-methylcytosine	33	0.03374233
NC_003197.2	CDS	4587313	4588816	+	1503	EBBPGFGJ_04359	yjeM	Inner membrane transporter YjeM	m	5mC	5-methylcytosine	13	0.00864937
NC_003197.2	CDS	4588867	4589182	+	315	EBBPGFGJ_04360	yjeO	Inner membrane protein YjeO	m	5mC	5-methylcytosine	9	0.02857143
NC_003197.2	CDS	4589248	4592575	-	3327	EBBPGFGJ_04361	mscM	Miniconductance mechanosensitive channel MscM	m	5mC	5-methylcytosine	110	0.03306282
NC_003197.2	CDS	4592593	4593562	-	969	EBBPGFGJ_04362	psd	Phosphatidylserine decarboxylase proenzyme	m	5mC	5-methylcytosine	10	0.01031992
NC_003197.2	CDS	4593653	4594706	-	1053	EBBPGFGJ_04363	rsgA	Small ribosomal subunit biogenesis GTPase RsgA	m	5mC	5-methylcytosine	26	0.02469136
NC_003197.2	CDS	4594812	4595358	+	546	EBBPGFGJ_04364	orn	Oligoribonuclease	m	5mC	5-methylcytosine	9	0.01648352
NC_003197.2	CDS	4595419	4596160	-	741	EBBPGFGJ_04365	artJ_2	ABC transporter arginine-binding protein 1	m	5mC	5-methylcytosine	1	0.00134953
NC_003197.2	tRNA	4596435	4596511	+	76	EBBPGFGJ_04366		tRNA-Gly(gcc)	m	5mC	5-methylcytosine	2	0.02631579
NC_003197.2	tRNA	4596667	4596743	+	76	EBBPGFGJ_04367		tRNA-Gly(gcc)	m	5mC	5-methylcytosine	1	0.01315789
NC_003197.2	tRNA	4596899	4596975	+	76	EBBPGFGJ_04368		tRNA-Gly(gcc)	m	5mC	5-methylcytosine	3	0.03947368
NC_003197.2	CDS	4597244	4598384	-	1140	EBBPGFGJ_04369	queG	Epoxyqueuosine reductase	m	5mC	5-methylcytosine	10	0.00877193
NC_003197.2	CDS	4598385	4599930	+	1545	EBBPGFGJ_04370	nnr	Bifunctional NAD(P)H-hydrate repair enzyme Nnr	m	5mC	5-methylcytosine	111	0.07184466
NC_003197.2	CDS	4599901	4600363	+	462	EBBPGFGJ_04371	tsaE	tRNA threonylcarbamoyladenosine biosynthesis protein TsaE	m	5mC	5-methylcytosine	2	0.00432900
NC_003197.2	CDS	4600379	4601699	+	1320	EBBPGFGJ_04372	amiB	N-acetylmuramoyl-L-alanine amidase AmiB	m	5mC	5-methylcytosine	69	0.05227273
NC_003197.2	CDS	4601708	4603565	+	1857	EBBPGFGJ_04373	mutL	DNA mismatch repair protein MutL	m	5mC	5-methylcytosine	69	0.03715670
NC_003197.2	CDS	4603557	4604508	+	951	EBBPGFGJ_04374	miaA	tRNA dimethylallyltransferase	m	5mC	5-methylcytosine	14	0.01472135
NC_003197.2	CDS	4604970	4606251	+	1281	EBBPGFGJ_04376	hflX	GTPase HflX	m	5mC	5-methylcytosine	32	0.02498048
NC_003197.2	CDS	4606465	4607725	+	1260	EBBPGFGJ_04377	hflK	Modulator of FtsH protease HflK	m	5mC	5-methylcytosine	42	0.03333333
NC_003197.2	CDS	4607727	4608732	+	1005	EBBPGFGJ_04378	hflC	Modulator of FtsH protease HflC	m	5mC	5-methylcytosine	61	0.06069652
NC_003197.2	CDS	4608810	4609008	+	198	EBBPGFGJ_04379		hypothetical protein	m	5mC	5-methylcytosine	4	0.02020202
NC_003197.2	CDS	4609110	4610409	+	1299	EBBPGFGJ_04380	purA	Adenylosuccinate synthetase	m	5mC	5-methylcytosine	16	0.01231717
NC_003197.2	CDS	4611078	4613517	+	2439	EBBPGFGJ_04382	rnr	Ribonuclease R	m	5mC	5-methylcytosine	76	0.03116031
NC_003197.2	CDS	4613607	4614339	+	732	EBBPGFGJ_04383	rlmB	23S rRNA (guanosine-2'-O-)-methyltransferase RlmB	m	5mC	5-methylcytosine	66	0.09016393
NC_003197.2	CDS	4614470	4614875	+	405	EBBPGFGJ_04384		hypothetical protein	m	5mC	5-methylcytosine	1	0.00246914
NC_003197.2	CDS	4614889	4615588	+	699	EBBPGFGJ_04385		hypothetical protein	m	5mC	5-methylcytosine	39	0.05579399
NC_003197.2	CDS	4615587	4616658	+	1071	EBBPGFGJ_04386		hypothetical protein	m	5mC	5-methylcytosine	6	0.00560224
NC_003197.2	CDS	4616654	4617314	+	660	EBBPGFGJ_04387		hypothetical protein	m	5mC	5-methylcytosine	4	0.00606061
NC_003197.2	CDS	4617739	4618378	+	639	EBBPGFGJ_04389		hypothetical protein	m	5mC	5-methylcytosine	20	0.03129890
NC_003197.2	CDS	4618380	4619544	+	1164	EBBPGFGJ_04390	yjfC	Putative acid--amine ligase YjfC	m	5mC	5-methylcytosine	20	0.01718213
NC_003197.2	CDS	4619628	4621251	+	1623	EBBPGFGJ_04391	aidB	Putative acyl-CoA dehydrogenase AidB	m	5mC	5-methylcytosine	69	0.04251386
NC_003197.2	CDS	4621295	4621571	-	276	EBBPGFGJ_04392		hypothetical protein	m	5mC	5-methylcytosine	3	0.01086957
NC_003197.2	CDS	4621701	4622004	-	303	EBBPGFGJ_04393	bsmA	Lipoprotein BsmA	m	5mC	5-methylcytosine	3	0.00990099
NC_003197.2	CDS	4622214	4622964	+	750	EBBPGFGJ_04394		hypothetical protein	m	5mC	5-methylcytosine	42	0.05600000
NC_003197.2	CDS	4622960	4623716	-	756	EBBPGFGJ_04395	ulaR	HTH-type transcriptional regulator UlaR	m	5mC	5-methylcytosine	6	0.00793651
NC_003197.2	CDS	4623820	4624885	-	1065	EBBPGFGJ_04396	ulaG	Probable L-ascorbate-6-phosphate lactonase UlaG	m	5mC	5-methylcytosine	22	0.02065728
NC_003197.2	CDS	4625247	4626645	+	1398	EBBPGFGJ_04397	ulaA_3	Ascorbate-specific PTS system EIIC component	m	5mC	5-methylcytosine	5	0.00357654
NC_003197.2	CDS	4626660	4626966	+	306	EBBPGFGJ_04398	ulaB	Ascorbate-specific PTS system EIIB component	m	5mC	5-methylcytosine	8	0.02614379
NC_003197.2	CDS	4626975	4627440	+	465	EBBPGFGJ_04399	ulaC_3	Ascorbate-specific PTS system EIIA component	m	5mC	5-methylcytosine	3	0.00645161
NC_003197.2	CDS	4627453	4628104	+	651	EBBPGFGJ_04400	ulaD	3-keto-L-gulonate-6-phosphate decarboxylase UlaD	m	5mC	5-methylcytosine	28	0.04301075
NC_003197.2	CDS	4628113	4628968	+	855	EBBPGFGJ_04401	ulaE_2	L-ribulose-5-phosphate 3-epimerase UlaE	m	5mC	5-methylcytosine	83	0.09707602
NC_003197.2	CDS	4628967	4629654	+	687	EBBPGFGJ_04402	ulaF	L-ribulose-5-phosphate 4-epimerase UlaF	m	5mC	5-methylcytosine	22	0.03202329
NC_003197.2	CDS	4629782	4630058	-	276	EBBPGFGJ_04403		hypothetical protein	m	5mC	5-methylcytosine	2	0.00724638
NC_003197.2	CDS	4630528	4630924	+	396	EBBPGFGJ_04404	rpsF	30S ribosomal protein S6	m	5mC	5-methylcytosine	12	0.03030303
NC_003197.2	CDS	4630930	4631245	+	315	EBBPGFGJ_04405	priB	Primosomal replication protein N	m	5mC	5-methylcytosine	11	0.03492063
NC_003197.2	CDS	4631518	4631968	+	450	EBBPGFGJ_04407	rplI	50S ribosomal protein L9	m	5mC	5-methylcytosine	13	0.02888889
NC_003197.2	CDS	4632115	4633042	+	927	EBBPGFGJ_04408		hypothetical protein	m	5mC	5-methylcytosine	2	0.00215750
NC_003197.2	CDS	4633091	4633727	-	636	EBBPGFGJ_04409		hypothetical protein	m	5mC	5-methylcytosine	70	0.11006289
NC_003197.2	CDS	4633946	4634567	+	621	EBBPGFGJ_04410	fklB	FKBP-type 22 kDa peptidyl-prolyl cis-trans isomerase	m	5mC	5-methylcytosine	29	0.04669887
NC_003197.2	CDS	4634862	4636272	+	1410	EBBPGFGJ_04411	cycA	D-serine/D-alanine/glycine transporter	m	5mC	5-methylcytosine	17	0.01205674
NC_003197.2	CDS	4636383	4637046	-	663	EBBPGFGJ_04412	ytfE	Iron-sulfur cluster repair protein YtfE	m	5mC	5-methylcytosine	28	0.04223228
NC_003197.2	CDS	4637148	4638114	-	966	EBBPGFGJ_04413	ytfF	Inner membrane protein YtfF	m	5mC	5-methylcytosine	64	0.06625259
NC_003197.2	CDS	4638194	4639043	-	849	EBBPGFGJ_04414	qorB	Quinone oxidoreductase 2	m	5mC	5-methylcytosine	51	0.06007067
NC_003197.2	CDS	4639130	4639517	+	387	EBBPGFGJ_04415		hypothetical protein	m	5mC	5-methylcytosine	9	0.02325581
NC_003197.2	CDS	4639574	4641518	-	1944	EBBPGFGJ_04416	cpdB	2'%2C3'-cyclic-nucleotide 2'-phosphodiesterase/3'-nucleotidase	m	5mC	5-methylcytosine	50	0.02572016
NC_003197.2	CDS	4641785	4642526	+	741	EBBPGFGJ_04417	cysQ	3'(2')%2C5'-bisphosphate nucleotidase CysQ	m	5mC	5-methylcytosine	68	0.09176788
NC_003197.2	CDS	4642515	4643073	-	558	EBBPGFGJ_04418	ytfJ	Uncharacterized protein YtfJ	m	5mC	5-methylcytosine	6	0.01075269
NC_003197.2	CDS	4643399	4643606	+	207	EBBPGFGJ_04419		hypothetical protein	m	5mC	5-methylcytosine	2	0.00966184
NC_003197.2	CDS	4643690	4645034	-	1344	EBBPGFGJ_04420	ytfL	UPF0053 inner membrane protein YtfL	m	5mC	5-methylcytosine	21	0.01562500
NC_003197.2	CDS	4645216	4645855	-	639	EBBPGFGJ_04421	msrA	Peptide methionine sulfoxide reductase MsrA	m	5mC	5-methylcytosine	12	0.01877934
NC_003197.2	CDS	4646067	4647801	+	1734	EBBPGFGJ_04422	tamA	Translocation and assembly module subunit TamA	m	5mC	5-methylcytosine	26	0.01499423
NC_003197.2	CDS	4647797	4651577	+	3780	EBBPGFGJ_04423	tamB	Translocation and assembly module subunit TamB	m	5mC	5-methylcytosine	166	0.04391534
NC_003197.2	CDS	4651579	4651924	+	345	EBBPGFGJ_04424	ytfP	Gamma-glutamylcyclotransferase family protein YtfP	m	5mC	5-methylcytosine	1	0.00289855
NC_003197.2	CDS	4651977	4653186	-	1209	EBBPGFGJ_04425	sauU_3	Probable sulfoacetate transporter SauU	m	5mC	5-methylcytosine	16	0.01323408
NC_003197.2	CDS	4653182	4654343	-	1161	EBBPGFGJ_04426		Deacetylase Atu3266	m	5mC	5-methylcytosine	14	0.01205857
NC_003197.2	CDS	4654755	4655286	-	531	EBBPGFGJ_04427	ppa	Inorganic pyrophosphatase	m	5mC	5-methylcytosine	19	0.03578154
NC_003197.2	CDS	4655512	4656511	-	999	EBBPGFGJ_04428	fbp	Fructose-1%2C6-bisphosphatase class 1	m	5mC	5-methylcytosine	22	0.02202202
NC_003197.2	CDS	4656685	4658065	+	1380	EBBPGFGJ_04429	mpl	UDP-N-acetylmuramate--L-alanyl-gamma-D-glutamyl-meso-2%2C6-diaminoheptandioate ligase	m	5mC	5-methylcytosine	85	0.06159420
NC_003197.2	CDS	4658061	4658376	-	315	EBBPGFGJ_04430		hypothetical protein	m	5mC	5-methylcytosine	3	0.00952381
NC_003197.2	CDS	4658555	4659389	+	834	EBBPGFGJ_04431	hexR_2	HTH-type transcriptional regulator HexR	m	5mC	5-methylcytosine	11	0.01318945
NC_003197.2	CDS	4659439	4660873	-	1434	EBBPGFGJ_04432	xylE_1	D-xylose-proton symporter	m	5mC	5-methylcytosine	13	0.00906555
NC_003197.2	CDS	4661115	4661295	-	180	EBBPGFGJ_04433		hypothetical protein	m	5mC	5-methylcytosine	2	0.01111111
NC_003197.2	CDS	4661331	4662768	+	1437	EBBPGFGJ_04434	xylE_2	D-xylose-proton symporter	m	5mC	5-methylcytosine	3	0.00208768
NC_003197.2	CDS	4663120	4663930	-	810	EBBPGFGJ_04435	iolB	5-deoxy-glucuronate isomerase	m	5mC	5-methylcytosine	11	0.01358025
NC_003197.2	CDS	4663954	4665460	-	1506	EBBPGFGJ_04436	bauC	Putative 3-oxopropanoate dehydrogenase	m	5mC	5-methylcytosine	131	0.08698539
NC_003197.2	CDS	4665849	4666725	+	876	EBBPGFGJ_04437	rhaR_8	HTH-type transcriptional activator RhaR	m	5mC	5-methylcytosine	4	0.00456621
NC_003197.2	CDS	4666999	4667905	+	906	EBBPGFGJ_04438	iolE	Inosose dehydratase	m	5mC	5-methylcytosine	4	0.00441501
NC_003197.2	CDS	4667923	4668934	+	1011	EBBPGFGJ_04439	iolG_2	Inositol 2-dehydrogenase	m	5mC	5-methylcytosine	10	0.00989120
NC_003197.2	CDS	4669030	4670374	+	1344	EBBPGFGJ_04440		hypothetical protein	m	5mC	5-methylcytosine	6	0.00446429
NC_003197.2	CDS	4670374	4671208	+	834	EBBPGFGJ_04441	iolI	Inosose isomerase	m	5mC	5-methylcytosine	9	0.01079137
NC_003197.2	CDS	4671204	4672371	-	1167	EBBPGFGJ_04442	yfcJ_2	Uncharacterized MFS-type transporter YfcJ	m	5mC	5-methylcytosine	99	0.08483290
NC_003197.2	CDS	4672431	4674363	-	1932	EBBPGFGJ_04443	iolC_2	5-dehydro-2-deoxygluconokinase	m	5mC	5-methylcytosine	67	0.03467909
NC_003197.2	CDS	4674785	4676726	+	1941	EBBPGFGJ_04444	iolD	3D-(3%2C5/4)-trihydroxycyclohexane-1%2C2-dione hydrolase	m	5mC	5-methylcytosine	48	0.02472952
NC_003197.2	CDS	4676906	4677929	+	1023	EBBPGFGJ_04445	iolG_3	Myo-inositol 2-dehydrogenase	m	5mC	5-methylcytosine	5	0.00488759
NC_003197.2	CDS	4678001	4679228	+	1227	EBBPGFGJ_04446	csbX	Alpha-ketoglutarate permease	m	5mC	5-methylcytosine	21	0.01711491
NC_003197.2	CDS	4679388	4680204	+	816	EBBPGFGJ_04447		hypothetical protein	m	5mC	5-methylcytosine	3	0.00367647
NC_003197.2	CDS	4680256	4681141	+	885	EBBPGFGJ_04448		hypothetical protein	m	5mC	5-methylcytosine	19	0.02146893
NC_003197.2	CDS	4681196	4681748	-	552	EBBPGFGJ_04449	yjgA	UPF0307 protein YjgA	m	5mC	5-methylcytosine	23	0.04166667
NC_003197.2	CDS	4681843	4683196	+	1353	EBBPGFGJ_04450	pmbA	Metalloprotease PmbA	m	5mC	5-methylcytosine	99	0.07317073
NC_003197.2	CDS	4683294	4683681	+	387	EBBPGFGJ_04451	cybC	Soluble cytochrome b562	m	5mC	5-methylcytosine	1	0.00258398
NC_003197.2	CDS	4683967	4684297	+	330	EBBPGFGJ_04452		hypothetical protein	m	5mC	5-methylcytosine	4	0.01212121
NC_003197.2	CDS	4684307	4684670	+	363	EBBPGFGJ_04453		hypothetical protein	m	5mC	5-methylcytosine	13	0.03581267
NC_003197.2	CDS	4684669	4684972	+	303	EBBPGFGJ_04454		hypothetical protein	m	5mC	5-methylcytosine	7	0.02310231
NC_003197.2	CDS	4684994	4685771	+	777	EBBPGFGJ_04455		hypothetical protein	m	5mC	5-methylcytosine	34	0.04375804
NC_003197.2	CDS	4685782	4686427	+	645	EBBPGFGJ_04456		hypothetical protein	m	5mC	5-methylcytosine	6	0.00930233
NC_003197.2	CDS	4686485	4687619	+	1134	EBBPGFGJ_04457		Deacetylase EF_0837	m	5mC	5-methylcytosine	31	0.02733686
NC_003197.2	CDS	4687602	4688721	+	1119	EBBPGFGJ_04458	dgaE_2	D-glucosaminate-6-phosphate ammonia lyase	m	5mC	5-methylcytosine	36	0.03217158
NC_003197.2	CDS	4688717	4689458	+	741	EBBPGFGJ_04459	dgaF_2	2-dehydro-3-deoxy-phosphogluconate aldolase	m	5mC	5-methylcytosine	16	0.02159244
NC_003197.2	CDS	4689474	4691388	+	1914	EBBPGFGJ_04460	licR	Probable licABCH operon regulator	m	5mC	5-methylcytosine	55	0.02873563
NC_003197.2	CDS	4691465	4691708	+	243	EBBPGFGJ_04461	relB	Antitoxin RelB	m	5mC	5-methylcytosine	10	0.04115226
NC_003197.2	CDS	4691697	4691982	+	285	EBBPGFGJ_04462	relE_2	mRNA interferase toxin RelE	m	5mC	5-methylcytosine	2	0.00701754
NC_003197.2	CDS	4691985	4692450	-	465	EBBPGFGJ_04463	nrdG	Anaerobic ribonucleoside-triphosphate reductase-activating protein	m	5mC	5-methylcytosine	11	0.02365591
NC_003197.2	CDS	4692570	4694709	-	2139	EBBPGFGJ_04464	nrdD	Anaerobic ribonucleoside-triphosphate reductase	m	5mC	5-methylcytosine	44	0.02057036
NC_003197.2	CDS	4695117	4696770	-	1653	EBBPGFGJ_04465	treC	Trehalose-6-phosphate hydrolase	m	5mC	5-methylcytosine	32	0.01935874
NC_003197.2	CDS	4696819	4697695	-	876	EBBPGFGJ_04466	treB_1	PTS system trehalose-specific EIIBC component	m	5mC	5-methylcytosine	13	0.01484018
NC_003197.2	CDS	4697655	4698237	-	582	EBBPGFGJ_04467	treB_2	PTS system trehalose-specific EIIBC component	m	5mC	5-methylcytosine	9	0.01546392
NC_003197.2	CDS	4698374	4699322	-	948	EBBPGFGJ_04468	treR	HTH-type transcriptional regulator TreR	m	5mC	5-methylcytosine	22	0.02320675
NC_003197.2	CDS	4699705	4702414	+	2709	EBBPGFGJ_04469	mgtA	Magnesium-transporting ATPase%2C P-type 1	m	5mC	5-methylcytosine	87	0.03211517
NC_003197.2	CDS	4702529	4702976	-	447	EBBPGFGJ_04470		hypothetical protein	m	5mC	5-methylcytosine	10	0.02237136
NC_003197.2	CDS	4703050	4703437	-	387	EBBPGFGJ_04471	ridA	2-iminobutanoate/2-iminopropanoate deaminase	m	5mC	5-methylcytosine	3	0.00775194
NC_003197.2	CDS	4703513	4703975	-	462	EBBPGFGJ_04472	pyrI	Aspartate carbamoyltransferase regulatory chain	m	5mC	5-methylcytosine	6	0.01298701
NC_003197.2	CDS	4703987	4704923	-	936	EBBPGFGJ_04473	pyrB	Aspartate carbamoyltransferase catalytic subunit	m	5mC	5-methylcytosine	43	0.04594017
NC_003197.2	CDS	4705824	4707228	-	1404	EBBPGFGJ_04476		hypothetical protein	m	5mC	5-methylcytosine	22	0.01566952
NC_003197.2	CDS	4707283	4708288	-	1005	EBBPGFGJ_04477	argF	Ornithine carbamoyltransferase	m	5mC	5-methylcytosine	32	0.03184080
NC_003197.2	CDS	4708399	4709332	-	933	EBBPGFGJ_04478	arcC1	Carbamate kinase 1	m	5mC	5-methylcytosine	94	0.10075027
NC_003197.2	CDS	4709342	4710563	-	1221	EBBPGFGJ_04479	arcA_1	Arginine deiminase	m	5mC	5-methylcytosine	20	0.01638002
NC_003197.2	CDS	4711238	4711691	+	453	EBBPGFGJ_04480	tabA_2	Toxin-antitoxin biofilm protein TabA	m	5mC	5-methylcytosine	9	0.01986755
NC_003197.2	CDS	4711764	4712769	-	1005	EBBPGFGJ_04481	argI	Ornithine carbamoyltransferase subunit I	m	5mC	5-methylcytosine	42	0.04179104
NC_003197.2	CDS	4712934	4713351	+	417	EBBPGFGJ_04482	rraB	Regulator of ribonuclease activity B	m	5mC	5-methylcytosine	4	0.00959233
NC_003197.2	CDS	4713410	4714175	+	765	EBBPGFGJ_04483		hypothetical protein	m	5mC	5-methylcytosine	14	0.01830065
NC_003197.2	CDS	4714408	4714897	-	489	EBBPGFGJ_04484		hypothetical protein	m	5mC	5-methylcytosine	2	0.00408998
NC_003197.2	CDS	4715003	4715507	-	504	EBBPGFGJ_04485		hypothetical protein	m	5mC	5-methylcytosine	4	0.00793651
NC_003197.2	CDS	4715701	4716889	+	1188	EBBPGFGJ_04486	yjgN	Inner membrane protein YjgN	m	5mC	5-methylcytosine	3	0.00252525
NC_003197.2	CDS	4717030	4719886	-	2856	EBBPGFGJ_04487	valS	Valine--tRNA ligase	m	5mC	5-methylcytosine	147	0.05147059
NC_003197.2	CDS	4719885	4720368	-	483	EBBPGFGJ_04488	holC	DNA polymerase III subunit chi	m	5mC	5-methylcytosine	17	0.03519669
NC_003197.2	CDS	4720465	4721977	-	1512	EBBPGFGJ_04489	pepA	Cytosol aminopeptidase	m	5mC	5-methylcytosine	103	0.06812169
NC_003197.2	CDS	4722371	4723472	+	1101	EBBPGFGJ_04490	lptF	Lipopolysaccharide export system permease protein LptF	m	5mC	5-methylcytosine	35	0.03178928
NC_003197.2	CDS	4723471	4724554	+	1083	EBBPGFGJ_04491	lptG	Lipopolysaccharide export system permease protein LptG	m	5mC	5-methylcytosine	13	0.01200369
NC_003197.2	CDS	4724748	4725747	-	999	EBBPGFGJ_04492	gntR_4	HTH-type transcriptional regulator GntR	m	5mC	5-methylcytosine	9	0.00900901
NC_003197.2	CDS	4725810	4727130	-	1320	EBBPGFGJ_04493	idnT	Gnt-II system L-idonate transporter	m	5mC	5-methylcytosine	37	0.02803030
NC_003197.2	CDS	4727191	4727956	-	765	EBBPGFGJ_04494	idnO	5-keto-D-gluconate 5-reductase	m	5mC	5-methylcytosine	15	0.01960784
NC_003197.2	CDS	4727980	4729012	-	1032	EBBPGFGJ_04495	idnD	L-idonate 5-dehydrogenase (NAD(P)(+))	m	5mC	5-methylcytosine	29	0.02810078
NC_003197.2	CDS	4729228	4729759	+	531	EBBPGFGJ_04496	gntK_2	Thermoresistant gluconokinase	m	5mC	5-methylcytosine	9	0.01694915
NC_003197.2	CDS	4729786	4730806	-	1020	EBBPGFGJ_04497	ahr	Aldehyde reductase Ahr	m	5mC	5-methylcytosine	50	0.04901961
NC_003197.2	tRNA	4731028	4731113	+	85	EBBPGFGJ_04498		tRNA-Leu(caa)	m	5mC	5-methylcytosine	4	0.04705882
NC_003197.2	CDS	4731331	4731619	+	288	EBBPGFGJ_04499	intS	Prophage integrase IntS	m	5mC	5-methylcytosine	7	0.02430556
NC_003197.2	CDS	4731980	4735496	+	3516	EBBPGFGJ_04500		hypothetical protein	m	5mC	5-methylcytosine	35	0.00995449
NC_003197.2	CDS	4735574	4736582	+	1008	EBBPGFGJ_04501		hypothetical protein	m	5mC	5-methylcytosine	10	0.00992063
NC_003197.2	CDS	4736694	4738779	-	2085	EBBPGFGJ_04502	lon_3	Lon protease	m	5mC	5-methylcytosine	37	0.01774580
NC_003197.2	CDS	4738789	4741393	-	2604	EBBPGFGJ_04503		hypothetical protein	m	5mC	5-methylcytosine	64	0.02457757
NC_003197.2	CDS	4741389	4742202	-	813	EBBPGFGJ_04504		hypothetical protein	m	5mC	5-methylcytosine	4	0.00492005
NC_003197.2	CDS	4742188	4743280	-	1092	EBBPGFGJ_04505		hypothetical protein	m	5mC	5-methylcytosine	24	0.02197802
NC_003197.2	CDS	4743279	4746957	-	3678	EBBPGFGJ_04506		hypothetical protein	m	5mC	5-methylcytosine	74	0.02011963
NC_003197.2	CDS	4747002	4750644	-	3642	EBBPGFGJ_04507		hypothetical protein	m	5mC	5-methylcytosine	110	0.03020319
NC_003197.2	CDS	4750655	4751258	-	603	EBBPGFGJ_04508		hypothetical protein	m	5mC	5-methylcytosine	8	0.01326700
NC_003197.2	CDS	4751254	4751863	-	609	EBBPGFGJ_04509		hypothetical protein	m	5mC	5-methylcytosine	2	0.00328407
NC_003197.2	CDS	4752049	4752364	-	315	EBBPGFGJ_04510		hypothetical protein	m	5mC	5-methylcytosine	5	0.01587302
NC_003197.2	CDS	4752633	4752741	-	108	EBBPGFGJ_04511		hypothetical protein	m	5mC	5-methylcytosine	1	0.00925926
NC_003197.2	CDS	4752682	4753399	-	717	EBBPGFGJ_04512	yeeN	Probable transcriptional regulatory protein YeeN	m	5mC	5-methylcytosine	2	0.00278940
NC_003197.2	CDS	4753958	4755584	-	1626	EBBPGFGJ_04513	COQ3	Ubiquinone biosynthesis O-methyltransferase%2C mitochondrial	m	5mC	5-methylcytosine	82	0.05043050
NC_003197.2	CDS	4755594	4755852	-	258	EBBPGFGJ_04514		hypothetical protein	m	5mC	5-methylcytosine	7	0.02713178
NC_003197.2	CDS	4755990	4756287	-	297	EBBPGFGJ_04515		hypothetical protein	m	5mC	5-methylcytosine	2	0.00673401
NC_003197.2	CDS	4756340	4756949	+	609	EBBPGFGJ_04516		hypothetical protein	m	5mC	5-methylcytosine	3	0.00492611
NC_003197.2	CDS	4757200	4758196	+	996	EBBPGFGJ_04517		hypothetical protein	m	5mC	5-methylcytosine	6	0.00602410
NC_003197.2	CDS	4758471	4759383	+	912	EBBPGFGJ_04518		hypothetical protein	m	5mC	5-methylcytosine	7	0.00767544
NC_003197.2	CDS	4759587	4760049	+	462	EBBPGFGJ_04519		hypothetical protein	m	5mC	5-methylcytosine	11	0.02380952
NC_003197.2	CDS	4760045	4760573	-	528	EBBPGFGJ_04520		hypothetical protein	m	5mC	5-methylcytosine	22	0.04166667
NC_003197.2	CDS	4761117	4761843	+	726	EBBPGFGJ_04521	lldR_3	Putative L-lactate dehydrogenase operon regulatory protein	m	5mC	5-methylcytosine	80	0.11019284
NC_003197.2	CDS	4761843	4762857	-	1014	EBBPGFGJ_04522	trpS2	Tryptophan--tRNA ligase 2	m	5mC	5-methylcytosine	12	0.01183432
NC_003197.2	CDS	4763658	4764105	+	447	EBBPGFGJ_04523		hypothetical protein	m	5mC	5-methylcytosine	11	0.02460850
NC_003197.2	CDS	4764343	4765078	+	735	EBBPGFGJ_04524	racX	Broad specificity amino-acid racemase RacX	m	5mC	5-methylcytosine	28	0.03809524
NC_003197.2	CDS	4765083	4765992	-	909	EBBPGFGJ_04525	yjiE_2	HTH-type transcriptional regulator YjiE	m	5mC	5-methylcytosine	8	0.00880088
NC_003197.2	CDS	4766110	4767283	-	1173	EBBPGFGJ_04526	iadA	Isoaspartyl dipeptidase	m	5mC	5-methylcytosine	100	0.08525149
NC_003197.2	CDS	4767295	4767757	-	462	EBBPGFGJ_04527	yjiG	Inner membrane protein YjiG	m	5mC	5-methylcytosine	3	0.00649351
NC_003197.2	CDS	4767753	4768425	-	672	EBBPGFGJ_04528		hypothetical protein	m	5mC	5-methylcytosine	10	0.01488095
NC_003197.2	CDS	4769297	4770482	-	1185	EBBPGFGJ_04529		hypothetical protein	m	5mC	5-methylcytosine	18	0.01518987
NC_003197.2	CDS	4770701	4771973	-	1272	EBBPGFGJ_04530		hypothetical protein	m	5mC	5-methylcytosine	25	0.01965409
NC_003197.2	CDS	4772059	4773301	-	1242	EBBPGFGJ_04531	mdtM	Multidrug resistance protein MdtM	m	5mC	5-methylcytosine	37	0.02979066
NC_003197.2	CDS	4773779	4774295	+	516	EBBPGFGJ_04532		hypothetical protein	m	5mC	5-methylcytosine	3	0.00581395
NC_003197.2	CDS	4774475	4775846	+	1371	EBBPGFGJ_04533	sad_2	Succinate semialdehyde dehydrogenase [NAD(P)+] Sad	m	5mC	5-methylcytosine	67	0.04886944
NC_003197.2	CDS	4776050	4776215	+	165	EBBPGFGJ_04534		hypothetical protein	m	5mC	5-methylcytosine	1	0.00606061
NC_003197.2	CDS	4777064	4777397	-	333	EBBPGFGJ_04536	symE_2	Toxic protein SymE	m	5mC	5-methylcytosine	6	0.01801802
NC_003197.2	CDS	4777623	4779033	-	1410	EBBPGFGJ_04537	hsdS	Type-1 restriction enzyme EcoKI specificity protein	m	5mC	5-methylcytosine	25	0.01773050
NC_003197.2	CDS	4779029	4780619	-	1590	EBBPGFGJ_04538	hsdM	Type I restriction enzyme EcoKI M protein	m	5mC	5-methylcytosine	67	0.04213836
NC_003197.2	CDS	4780776	4784286	-	3510	EBBPGFGJ_04539		hypothetical protein	m	5mC	5-methylcytosine	151	0.04301994
NC_003197.2	CDS	4784483	4785398	+	915	EBBPGFGJ_04540	mrr	Mrr restriction system protein	m	5mC	5-methylcytosine	12	0.01311475
NC_003197.2	CDS	4785940	4786243	+	303	EBBPGFGJ_04542		hypothetical protein	m	5mC	5-methylcytosine	5	0.01650165
NC_003197.2	CDS	4786317	4787274	-	957	EBBPGFGJ_04543	yjiA	P-loop guanosine triphosphatase YjiA	m	5mC	5-methylcytosine	11	0.01149425
NC_003197.2	CDS	4787284	4787488	-	204	EBBPGFGJ_04544		hypothetical protein	m	5mC	5-methylcytosine	1	0.00490196
NC_003197.2	CDS	4787582	4789733	-	2151	EBBPGFGJ_04545	btsT	Pyruvate/proton symporter BtsT	m	5mC	5-methylcytosine	76	0.03533240
NC_003197.2	CDS	4790099	4791761	+	1662	EBBPGFGJ_04546	tsr_2	Methyl-accepting chemotaxis protein I	m	5mC	5-methylcytosine	43	0.02587244
NC_003197.2	CDS	4792084	4794850	+	2766	EBBPGFGJ_04547	dgaR_2	Transcriptional regulatory protein DagR	m	5mC	5-methylcytosine	83	0.03000723
NC_003197.2	CDS	4794951	4795374	+	423	EBBPGFGJ_04548		hypothetical protein	m	5mC	5-methylcytosine	4	0.00945626
NC_003197.2	CDS	4795388	4795850	+	462	EBBPGFGJ_04549	sorB_2	PTS system sorbose-specific EIIB component	m	5mC	5-methylcytosine	3	0.00649351
NC_003197.2	CDS	4795875	4796655	+	780	EBBPGFGJ_04550	agaC_2	N-acetylgalactosamine permease IIC component 1	m	5mC	5-methylcytosine	9	0.01153846
NC_003197.2	CDS	4796632	4797481	+	849	EBBPGFGJ_04551	manZ_4	PTS system mannose-specific EIID component	m	5mC	5-methylcytosine	9	0.01060071
NC_003197.2	CDS	4797493	4798555	+	1062	EBBPGFGJ_04552	glmS_2	Glutamine--fructose-6-phosphate aminotransferase [isomerizing]	m	5mC	5-methylcytosine	27	0.02542373
NC_003197.2	CDS	4798572	4799583	+	1011	EBBPGFGJ_04553	frlB_3	Fructosamine deglycase FrlB	m	5mC	5-methylcytosine	25	0.02472799
NC_003197.2	CDS	4799716	4802008	-	2292	EBBPGFGJ_04554	mdoB	Phosphoglycerol transferase I	m	5mC	5-methylcytosine	95	0.04144852
NC_003197.2	CDS	4802290	4802752	-	462	EBBPGFGJ_04555		hypothetical protein	m	5mC	5-methylcytosine	9	0.01948052
NC_003197.2	CDS	4802809	4803547	-	738	EBBPGFGJ_04556	dnaC_3	DNA replication protein DnaC	m	5mC	5-methylcytosine	13	0.01761518
NC_003197.2	CDS	4803549	4804089	-	540	EBBPGFGJ_04557	dnaT	Primosomal protein 1	m	5mC	5-methylcytosine	38	0.07037037
NC_003197.2	CDS	4804181	4804655	-	474	EBBPGFGJ_04558	yjjB	UPF0442 protein YjjB	m	5mC	5-methylcytosine	3	0.00632911
NC_003197.2	CDS	4804645	4805590	-	945	EBBPGFGJ_04559	yjjP	Inner membrane protein YjjP	m	5mC	5-methylcytosine	18	0.01904762
NC_003197.2	CDS	4806134	4806860	+	726	EBBPGFGJ_04560	yjjQ	Putative transcription factor YjjQ	m	5mC	5-methylcytosine	1	0.00137741
NC_003197.2	CDS	4806820	4807495	+	675	EBBPGFGJ_04561	bglJ	Transcriptional activator protein BglJ	m	5mC	5-methylcytosine	4	0.00592593
NC_003197.2	CDS	4807545	4808004	-	459	EBBPGFGJ_04562		hypothetical protein	m	5mC	5-methylcytosine	12	0.02614379
NC_003197.2	CDS	4808154	4808943	-	789	EBBPGFGJ_04563	fhuF	Ferric iron reductase protein FhuF	m	5mC	5-methylcytosine	32	0.04055767
NC_003197.2	CDS	4809063	4810128	-	1065	EBBPGFGJ_04564		hypothetical protein	m	5mC	5-methylcytosine	5	0.00469484
NC_003197.2	CDS	4810378	4810615	+	237	EBBPGFGJ_04565		hypothetical protein	m	5mC	5-methylcytosine	2	0.00843882
NC_003197.2	tRNA	4810646	4810733	-	87	EBBPGFGJ_04566		tRNA-Leu(cag)	m	5mC	5-methylcytosine	1	0.01149425
NC_003197.2	CDS	4811155	4812184	-	1029	EBBPGFGJ_04569	rsmC	Ribosomal RNA small subunit methyltransferase C	m	5mC	5-methylcytosine	77	0.07482993
NC_003197.2	CDS	4812286	4812724	+	438	EBBPGFGJ_04570	holD	DNA polymerase III subunit psi	m	5mC	5-methylcytosine	56	0.12785388
NC_003197.2	CDS	4812668	4813115	+	447	EBBPGFGJ_04571	rimI	[Ribosomal protein S18]-alanine N-acetyltransferase	m	5mC	5-methylcytosine	8	0.01789709
NC_003197.2	CDS	4813133	4813814	+	681	EBBPGFGJ_04572	yjjG	Pyrimidine 5'-nucleotidase YjjG	m	5mC	5-methylcytosine	11	0.01615272
NC_003197.2	CDS	4813905	4815495	+	1590	EBBPGFGJ_04573	prfC	Peptide chain release factor RF3	m	5mC	5-methylcytosine	47	0.02955975
NC_003197.2	CDS	4815896	4816514	+	618	EBBPGFGJ_04574	osmY_3	Osmotically-inducible protein Y	m	5mC	5-methylcytosine	2	0.00323625
NC_003197.2	CDS	4816906	4818001	+	1095	EBBPGFGJ_04576		hypothetical protein	m	5mC	5-methylcytosine	23	0.02100457
NC_003197.2	CDS	4817997	4818771	+	774	EBBPGFGJ_04577	yjjV	Uncharacterized metal-dependent hydrolase YjjV	m	5mC	5-methylcytosine	86	0.11111111
NC_003197.2	CDS	4818803	4819667	-	864	EBBPGFGJ_04578	yjjW	Putative glycyl-radical enzyme activating enzyme YjjW	m	5mC	5-methylcytosine	40	0.04629630
NC_003197.2	CDS	4819638	4821189	-	1551	EBBPGFGJ_04579	yjjI	Uncharacterized protein YjjI	m	5mC	5-methylcytosine	29	0.01869761
NC_003197.2	CDS	4821448	4822228	+	780	EBBPGFGJ_04580	deoC	Deoxyribose-phosphate aldolase	m	5mC	5-methylcytosine	29	0.03717949
NC_003197.2	CDS	4822351	4823674	+	1323	EBBPGFGJ_04581	deoA	Thymidine phosphorylase	m	5mC	5-methylcytosine	78	0.05895692
NC_003197.2	CDS	4823725	4824949	+	1224	EBBPGFGJ_04582	deoB	Phosphopentomutase	m	5mC	5-methylcytosine	120	0.09803922
NC_003197.2	CDS	4825158	4825878	+	720	EBBPGFGJ_04583	deoD	Purine nucleoside phosphorylase DeoD-type	m	5mC	5-methylcytosine	16	0.02222222
NC_003197.2	CDS	4825915	4826488	-	573	EBBPGFGJ_04584		hypothetical protein	m	5mC	5-methylcytosine	2	0.00349040
NC_003197.2	CDS	4826484	4828893	-	2409	EBBPGFGJ_04585	yraJ	Outer membrane usher protein YraJ	m	5mC	5-methylcytosine	17	0.00705687
NC_003197.2	CDS	4828906	4829614	-	708	EBBPGFGJ_04586		hypothetical protein	m	5mC	5-methylcytosine	9	0.01271186
NC_003197.2	CDS	4829691	4830381	-	690	EBBPGFGJ_04587	gltF_1	Protein GltF	m	5mC	5-methylcytosine	1	0.00144928
NC_003197.2	CDS	4830428	4831118	-	690	EBBPGFGJ_04588	gltF_2	Protein GltF	m	5mC	5-methylcytosine	5	0.00724638
NC_003197.2	CDS	4831430	4832447	-	1017	EBBPGFGJ_04589	lplA	Lipoate-protein ligase A	m	5mC	5-methylcytosine	30	0.02949853
NC_003197.2	CDS	4832480	4833125	-	645	EBBPGFGJ_04590	ytjB	Probable inner membrane protein Smp	m	5mC	5-methylcytosine	29	0.04496124
NC_003197.2	CDS	4833241	4834210	+	969	EBBPGFGJ_04591	serB	Phosphoserine phosphatase	m	5mC	5-methylcytosine	24	0.02476780
NC_003197.2	CDS	4834293	4835676	+	1383	EBBPGFGJ_04592	radA	DNA repair protein RadA	m	5mC	5-methylcytosine	109	0.07881417
NC_003197.2	CDS	4835826	4837059	+	1233	EBBPGFGJ_04593	nadR	Trifunctional NAD biosynthesis/regulator protein NadR	m	5mC	5-methylcytosine	2	0.00162206
NC_003197.2	CDS	4837176	4838844	-	1668	EBBPGFGJ_04594	ettA	Energy-dependent translational throttle protein EttA	m	5mC	5-methylcytosine	48	0.02877698
NC_003197.2	CDS	4839052	4840990	+	1938	EBBPGFGJ_04595	slt	Soluble lytic murein transglycosylase	m	5mC	5-methylcytosine	75	0.03869969
NC_003197.2	CDS	4841047	4841374	+	327	EBBPGFGJ_04596	trpR	Trp operon repressor	m	5mC	5-methylcytosine	12	0.03669725
NC_003197.2	CDS	4841475	4841991	-	516	EBBPGFGJ_04597	yjjX	Inosine/xanthosine triphosphatase	m	5mC	5-methylcytosine	13	0.02519380
NC_003197.2	tRNA	4842350	4842444	+	94	EBBPGFGJ_04598		tRNA-Gly(tcc)	m	5mC	5-methylcytosine	17	0.18085106
NC_003197.2	CDS	4842683	4843553	-	870	EBBPGFGJ_04599	rob_2	Right origin-binding protein	m	5mC	5-methylcytosine	22	0.02528736
NC_003197.2	CDS	4843749	4844238	+	489	EBBPGFGJ_04601		hypothetical protein	m	5mC	5-methylcytosine	4	0.00817996
NC_003197.2	CDS	4844250	4844940	+	690	EBBPGFGJ_04602	creB	Transcriptional regulatory protein CreB	m	5mC	5-methylcytosine	41	0.05942029
NC_003197.2	CDS	4844939	4846364	+	1425	EBBPGFGJ_04603	creC	Sensor protein CreC	m	5mC	5-methylcytosine	85	0.05964912
NC_003197.2	CDS	4846421	4847771	+	1350	EBBPGFGJ_04604	creD	Inner membrane protein CreD	m	5mC	5-methylcytosine	50	0.03703704
NC_003197.2	CDS	4847828	4848914	-	1086	EBBPGFGJ_04605		hypothetical protein	m	5mC	5-methylcytosine	6	0.00552486
NC_003197.2	CDS	4848954	4849512	-	558	EBBPGFGJ_04606		hypothetical protein	m	5mC	5-methylcytosine	20	0.03584229
NC_003197.2	CDS	4849529	4852067	-	2538	EBBPGFGJ_04607	fimD_3	Outer membrane usher protein FimD	m	5mC	5-methylcytosine	18	0.00709220
NC_003197.2	CDS	4852112	4852796	-	684	EBBPGFGJ_04608	lpfB_2	Probable fimbrial chaperone LpfB	m	5mC	5-methylcytosine	4	0.00584795
NC_003197.2	CDS	4852866	4853412	-	546	EBBPGFGJ_04609	fimF_2	Protein FimF	m	5mC	5-methylcytosine	6	0.01098901
NC_003197.2	CDS	4853750	4854422	-	672	EBBPGFGJ_04610	iprA_3	Inhibitor of hydrogen peroxide resistance	m	5mC	5-methylcytosine	3	0.00446429
NC_003197.2	CDS	4855387	4856104	-	717	EBBPGFGJ_04612	arcA_2	Aerobic respiration control protein ArcA	m	5mC	5-methylcytosine	30	0.04184100
NC_003197.2	CDS	4856739	4857426	+	687	EBBPGFGJ_04613	trmL_2	tRNA (cytidine(34)-2'-O)-methyltransferase	m	5mC	5-methylcytosine	11	0.01601164
NC_003277.2	CDS	93	378	+	285	EBBPGFGJ_04614		hypothetical protein	m	5mC	5-methylcytosine	8	0.02807018
NC_003277.2	CDS	384	546	+	162	EBBPGFGJ_04615		hypothetical protein	m	5mC	5-methylcytosine	5	0.03086420
NC_003277.2	CDS	667	841	+	174	EBBPGFGJ_04616		hypothetical protein	m	5mC	5-methylcytosine	1	0.00574713
NC_003277.2	CDS	1354	1600	+	246	EBBPGFGJ_04618		hypothetical protein	m	5mC	5-methylcytosine	1	0.00406504
NC_003277.2	CDS	1919	2789	+	870	EBBPGFGJ_04619		hypothetical protein	m	5mC	5-methylcytosine	8	0.00919540
NC_003277.2	CDS	3690	3870	+	180	EBBPGFGJ_04620		hypothetical protein	m	5mC	5-methylcytosine	2	0.01111111
NC_003277.2	CDS	3966	4725	-	759	EBBPGFGJ_04621		hypothetical protein	m	5mC	5-methylcytosine	4	0.00527009
NC_003277.2	CDS	4991	5549	-	558	EBBPGFGJ_04622	ail_6	Attachment invasion locus protein	m	5mC	5-methylcytosine	6	0.01075269
NC_003277.2	CDS	5638	6538	-	900	EBBPGFGJ_04623	yjiK_2	Uncharacterized protein YjiK	m	5mC	5-methylcytosine	102	0.11333333
NC_003277.2	CDS	6534	6720	-	186	EBBPGFGJ_04624		hypothetical protein	m	5mC	5-methylcytosine	1	0.00537634
NC_003277.2	CDS	6670	7324	-	654	EBBPGFGJ_04625	dsbA_2	Thiol:disulfide interchange protein DsbA	m	5mC	5-methylcytosine	10	0.01529052
NC_003277.2	CDS	7568	7919	-	351	EBBPGFGJ_04626	rcsB_2	Transcriptional regulatory protein RcsB	m	5mC	5-methylcytosine	21	0.05982906
NC_003277.2	CDS	8547	9423	-	876	EBBPGFGJ_04629		hypothetical protein	m	5mC	5-methylcytosine	1	0.00114155
NC_003277.2	CDS	9675	10233	-	558	EBBPGFGJ_04630		hypothetical protein	m	5mC	5-methylcytosine	1	0.00179211
NC_003277.2	CDS	10247	10940	-	693	EBBPGFGJ_04631	faeE	Chaperone protein FaeE	m	5mC	5-methylcytosine	16	0.02308802
NC_003277.2	CDS	10932	13341	-	2409	EBBPGFGJ_04632	fimD_4	Outer membrane usher protein FimD	m	5mC	5-methylcytosine	170	0.07056870
NC_003277.2	CDS	13568	14087	-	519	EBBPGFGJ_04633		hypothetical protein	m	5mC	5-methylcytosine	6	0.01156069
NC_003277.2	CDS	16635	17625	-	990	EBBPGFGJ_04636	repB	RepFIB replication protein A	m	5mC	5-methylcytosine	5	0.00505051
NC_003277.2	CDS	18898	19387	-	489	EBBPGFGJ_04637		hypothetical protein	m	5mC	5-methylcytosine	5	0.01022495
NC_003277.2	CDS	20095	20314	+	219	EBBPGFGJ_04638	ccdA	Antitoxin CcdA	m	5mC	5-methylcytosine	1	0.00456621
NC_003277.2	CDS	20315	20621	+	306	EBBPGFGJ_04639	ccdB	Toxin CcdB	m	5mC	5-methylcytosine	4	0.01307190
NC_003277.2	CDS	20622	20913	+	291	EBBPGFGJ_04640		hypothetical protein	m	5mC	5-methylcytosine	1	0.00343643
NC_003277.2	CDS	20909	21431	+	522	EBBPGFGJ_04641		hypothetical protein	m	5mC	5-methylcytosine	39	0.07471264
NC_003277.2	CDS	21465	22248	+	783	EBBPGFGJ_04642	xerC_3	Tyrosine recombinase XerC	m	5mC	5-methylcytosine	11	0.01404853
NC_003277.2	CDS	22256	22808	+	552	EBBPGFGJ_04643	pdeL	Cyclic di-GMP phosphodiesterase PdeL	m	5mC	5-methylcytosine	100	0.18115942
NC_003277.2	CDS	22994	23483	+	489	EBBPGFGJ_04644		hypothetical protein	m	5mC	5-methylcytosine	5	0.01022495
NC_003277.2	CDS	23476	23962	+	486	EBBPGFGJ_04645		hypothetical protein	m	5mC	5-methylcytosine	86	0.17695473
NC_003277.2	CDS	24238	24526	-	288	EBBPGFGJ_04646		hypothetical protein	m	5mC	5-methylcytosine	24	0.08333333
NC_003277.2	CDS	24681	25242	+	561	EBBPGFGJ_04647		Invasin	m	5mC	5-methylcytosine	35	0.06238859
NC_003277.2	CDS	25308	25659	-	351	EBBPGFGJ_04648		IS200/IS605 family transposase ISEc46	m	5mC	5-methylcytosine	1	0.00284900
NC_003277.2	CDS	28184	29960	-	1776	EBBPGFGJ_04652	spvB	Mono(ADP-ribosyl)transferase SpvB	m	5mC	5-methylcytosine	85	0.04786036
NC_003277.2	CDS	29990	30203	+	213	EBBPGFGJ_04653		hypothetical protein	m	5mC	5-methylcytosine	1	0.00469484
NC_003277.2	CDS	30141	30909	-	768	EBBPGFGJ_04654	mkaB	28.1 kDa virulence protein	m	5mC	5-methylcytosine	5	0.00651042
NC_003277.2	CDS	31082	31247	-	165	EBBPGFGJ_04655		hypothetical protein	m	5mC	5-methylcytosine	1	0.00606061
NC_003277.2	CDS	31420	32314	-	894	EBBPGFGJ_04656	mkaC	Virulence genes transcriptional activator	m	5mC	5-methylcytosine	1	0.00111857
NC_003277.2	CDS	32922	33960	+	1038	EBBPGFGJ_04658		IS630 family transposase ISEc33	m	5mC	5-methylcytosine	16	0.01541426
NC_003277.2	CDS	34148	35117	-	969	EBBPGFGJ_04659		IS481 family transposase ISAzs36	m	5mC	5-methylcytosine	34	0.03508772
NC_003277.2	CDS	35106	36771	-	1665	EBBPGFGJ_04660		hypothetical protein	m	5mC	5-methylcytosine	33	0.01981982
NC_003277.2	CDS	36754	37315	-	561	EBBPGFGJ_04661	tnpR	Transposon Tn3 resolvase	m	5mC	5-methylcytosine	14	0.02495544
NC_003277.2	CDS	37521	38262	-	741	EBBPGFGJ_04662		hypothetical protein	m	5mC	5-methylcytosine	7	0.00944669
NC_003277.2	CDS	38916	39405	-	489	EBBPGFGJ_04663		hypothetical protein	m	5mC	5-methylcytosine	2	0.00408998
NC_003277.2	CDS	39663	40779	+	1116	EBBPGFGJ_04664		hypothetical protein	m	5mC	5-methylcytosine	44	0.03942652
NC_003277.2	CDS	40771	41281	+	510	EBBPGFGJ_04665		hypothetical protein	m	5mC	5-methylcytosine	31	0.06078431
NC_003277.2	CDS	41464	41800	+	336	EBBPGFGJ_04666		hypothetical protein	m	5mC	5-methylcytosine	3	0.00892857
NC_003277.2	CDS	41856	42423	+	567	EBBPGFGJ_04667		hypothetical protein	m	5mC	5-methylcytosine	44	0.07760141
NC_003277.2	CDS	42454	43396	-	942	EBBPGFGJ_04668		ISNCY family transposase ISSen7	m	5mC	5-methylcytosine	5	0.00530786
NC_003277.2	CDS	43536	43677	+	141	EBBPGFGJ_04669		hypothetical protein	m	5mC	5-methylcytosine	4	0.02836879
NC_003277.2	CDS	43810	45016	+	1206	EBBPGFGJ_04670	parA	Plasmid partition protein A	m	5mC	5-methylcytosine	7	0.00580431
NC_003277.2	CDS	45015	45990	+	975	EBBPGFGJ_04671	virB	Virulence regulon transcriptional activator VirB	m	5mC	5-methylcytosine	6	0.00615385
NC_003277.2	CDS	46071	47346	-	1275	EBBPGFGJ_04672	umuC_2	Protein UmuC	m	5mC	5-methylcytosine	34	0.02666667
NC_003277.2	CDS	47345	47768	-	423	EBBPGFGJ_04673	umuD_2	Protein UmuD	m	5mC	5-methylcytosine	8	0.01891253
NC_003277.2	CDS	48278	48749	+	471	EBBPGFGJ_04674		hypothetical protein	m	5mC	5-methylcytosine	3	0.00636943
NC_003277.2	CDS	48741	49098	+	357	EBBPGFGJ_04675		hypothetical protein	m	5mC	5-methylcytosine	2	0.00560224
NC_003277.2	CDS	49479	50160	+	681	EBBPGFGJ_04676	yhdJ_2	DNA adenine methyltransferase YhdJ	m	5mC	5-methylcytosine	8	0.01174743
NC_003277.2	CDS	50159	50381	+	222	EBBPGFGJ_04677		hypothetical protein	m	5mC	5-methylcytosine	1	0.00450450
NC_003277.2	CDS	50436	50850	+	414	EBBPGFGJ_04678		hypothetical protein	m	5mC	5-methylcytosine	20	0.04830918
NC_003277.2	CDS	50921	51686	+	765	EBBPGFGJ_04679		hypothetical protein	m	5mC	5-methylcytosine	54	0.07058824
NC_003277.2	CDS	52181	52616	+	435	EBBPGFGJ_04680	klcA	Antirestriction protein KlcA	m	5mC	5-methylcytosine	4	0.00919540
NC_003277.2	CDS	52682	53117	+	435	EBBPGFGJ_04681		hypothetical protein	m	5mC	5-methylcytosine	2	0.00459770
NC_003277.2	CDS	53352	53676	+	324	EBBPGFGJ_04682		hypothetical protein	m	5mC	5-methylcytosine	5	0.01543210
NC_003277.2	CDS	53639	53801	+	162	EBBPGFGJ_04683		hypothetical protein	m	5mC	5-methylcytosine	1	0.00617284
NC_003277.2	CDS	54394	54913	+	519	EBBPGFGJ_04684	ssb_2	Single-stranded DNA-binding protein	m	5mC	5-methylcytosine	6	0.01156069
NC_003277.2	CDS	54967	55210	+	243	EBBPGFGJ_04685	ykfF	UPF0401 protein YkfF	m	5mC	5-methylcytosine	2	0.00823045
NC_003277.2	CDS	55278	57276	+	1998	EBBPGFGJ_04686	noc	Nucleoid occlusion protein	m	5mC	5-methylcytosine	47	0.02352352
NC_003277.2	CDS	57318	57750	+	432	EBBPGFGJ_04687	psiB	Protein PsiB	m	5mC	5-methylcytosine	5	0.01157407
NC_003277.2	CDS	57746	58484	+	738	EBBPGFGJ_04688		hypothetical protein	m	5mC	5-methylcytosine	40	0.05420054
NC_003277.2	CDS	60122	60593	-	471	EBBPGFGJ_04692		hypothetical protein	m	5mC	5-methylcytosine	2	0.00424628
NC_003277.2	CDS	61007	61388	+	381	EBBPGFGJ_04693	traM	Relaxosome protein TraM	m	5mC	5-methylcytosine	1	0.00262467
NC_003277.2	CDS	61580	62267	+	687	EBBPGFGJ_04694	traJ	Protein TraJ	m	5mC	5-methylcytosine	1	0.00145560
NC_003277.2	CDS	62360	62588	+	228	EBBPGFGJ_04695	traY	Relaxosome protein TraY	m	5mC	5-methylcytosine	1	0.00438596
NC_003277.2	CDS	62629	62992	+	363	EBBPGFGJ_04696	traA	Pilin	m	5mC	5-methylcytosine	3	0.00826446
NC_003277.2	CDS	63006	63318	+	312	EBBPGFGJ_04697		hypothetical protein	m	5mC	5-methylcytosine	1	0.00320513
NC_003277.2	CDS	63339	63906	+	567	EBBPGFGJ_04698		hypothetical protein	m	5mC	5-methylcytosine	2	0.00352734
NC_003277.2	CDS	63892	64633	+	741	EBBPGFGJ_04699		hypothetical protein	m	5mC	5-methylcytosine	63	0.08502024
NC_003277.2	CDS	64632	66054	+	1422	EBBPGFGJ_04700		hypothetical protein	m	5mC	5-methylcytosine	89	0.06258790
NC_003277.2	CDS	66043	66640	+	597	EBBPGFGJ_04701		hypothetical protein	m	5mC	5-methylcytosine	4	0.00670017
NC_003277.2	CDS	66859	67375	+	516	EBBPGFGJ_04703	traV	Protein TraV	m	5mC	5-methylcytosine	32	0.06201550
NC_003277.2	CDS	67723	68191	+	468	EBBPGFGJ_04705		hypothetical protein	m	5mC	5-methylcytosine	5	0.01068376
NC_003277.2	CDS	68187	68307	+	120	EBBPGFGJ_04706		hypothetical protein	m	5mC	5-methylcytosine	1	0.00833333
NC_003277.2	CDS	68307	68571	+	264	EBBPGFGJ_04707		hypothetical protein	m	5mC	5-methylcytosine	1	0.00378788
NC_003277.2	CDS	68586	71235	+	2649	EBBPGFGJ_04708	traC	Protein TraC	m	5mC	5-methylcytosine	27	0.01019253
NC_003277.2	CDS	71209	71596	+	387	EBBPGFGJ_04709		hypothetical protein	m	5mC	5-methylcytosine	26	0.06718346
NC_003277.2	CDS	71592	72225	+	633	EBBPGFGJ_04710		hypothetical protein	m	5mC	5-methylcytosine	46	0.07266983
NC_003277.2	CDS	72221	73214	+	993	EBBPGFGJ_04711		hypothetical protein	m	5mC	5-methylcytosine	10	0.01007049
NC_003277.2	CDS	73525	74164	+	639	EBBPGFGJ_04713		hypothetical protein	m	5mC	5-methylcytosine	9	0.01408451
NC_003277.2	CDS	74200	74620	+	420	EBBPGFGJ_04714		hypothetical protein	m	5mC	5-methylcytosine	10	0.02380952
NC_003277.2	CDS	74616	76443	+	1827	EBBPGFGJ_04715	traN	Mating pair stabilization protein TraN	m	5mC	5-methylcytosine	19	0.01039956
NC_003277.2	CDS	76680	77430	+	750	EBBPGFGJ_04717		hypothetical protein	m	5mC	5-methylcytosine	10	0.01333333
NC_003277.2	CDS	77923	78472	+	549	EBBPGFGJ_04719		hypothetical protein	m	5mC	5-methylcytosine	8	0.01457195
NC_003277.2	CDS	78461	79844	+	1383	EBBPGFGJ_04720		hypothetical protein	m	5mC	5-methylcytosine	30	0.02169197
NC_003277.2	CDS	79840	82663	+	2823	EBBPGFGJ_04721		hypothetical protein	m	5mC	5-methylcytosine	67	0.02373362
NC_003277.2	CDS	82684	83173	+	489	EBBPGFGJ_04722		hypothetical protein	m	5mC	5-methylcytosine	2	0.00408998
NC_003277.2	CDS	83214	83940	+	726	EBBPGFGJ_04723	ylpA	Lipoprotein YlpA	m	5mC	5-methylcytosine	5	0.00688705
NC_003277.2	CDS	84316	86560	+	2244	EBBPGFGJ_04724	traD	Coupling protein TraD	m	5mC	5-methylcytosine	36	0.01604278
NC_003277.2	CDS	86568	86967	-	399	EBBPGFGJ_04725	vapC_2	tRNA(fMet)-specific endonuclease VapC	m	5mC	5-methylcytosine	8	0.02005013
NC_003277.2	CDS	87275	92534	+	5259	EBBPGFGJ_04727	traI	Multifunctional conjugation protein TraI	m	5mC	5-methylcytosine	139	0.02643088
NC_003277.2	CDS	92553	93294	+	741	EBBPGFGJ_04728		hypothetical protein	m	5mC	5-methylcytosine	2	0.00269906
NC_003277.2	CDS	93348	93912	+	564	EBBPGFGJ_04729	finO	Fertility inhibition protein	m	5mC	5-methylcytosine	1	0.00177305
